Administrator,FundID,Fund,Date,UnitPrice
Vanguard,0P00018XAR.L,Vanguard FTSE Global All Cp Idx £ Acc - 0P00018XAR.L (VAFTGAG),2016-11-08,100.0
Vanguard,0P00018XAR.L,Vanguard FTSE Global All Cp Idx £ Acc - 0P00018XAR.L (VAFTGAG),2016-11-09,99.77420043945312
Vanguard,0P00018XAR.L,Vanguard FTSE Global All Cp Idx £ Acc - 0P00018XAR.L (VAFTGAG),2016-11-10,99.77989959716797
Vanguard,0P00018XAR.L,Vanguard FTSE Global All Cp Idx £ Acc - 0P00018XAR.L (VAFTGAG),2016-11-11,98.529296875
Vanguard,0P00018XAR.L,Vanguard FTSE Global All Cp Idx £ Acc - 0P00018XAR.L (VAFTGAG),2016-11-12,98.529296875
Vanguard,0P00018XAR.L,Vanguard FTSE Global All Cp Idx £ Acc - 0P00018XAR.L (VAFTGAG),2016-11-13,98.529296875
Vanguard,0P00018XAR.L,Vanguard FTSE Global All Cp Idx £ Acc - 0P00018XAR.L (VAFTGAG),2016-11-14,99.33070373535156
Vanguard,0P00018XAR.L,Vanguard FTSE Global All Cp Idx £ Acc - 0P00018XAR.L (VAFTGAG),2016-11-15,100.43620300292969
Vanguard,0P00018XAR.L,Vanguard FTSE Global All Cp Idx £ Acc - 0P00018XAR.L (VAFTGAG),2016-11-16,100.060302734375
Vanguard,0P00018XAR.L,Vanguard FTSE Global All Cp Idx £ Acc - 0P00018XAR.L (VAFTGAG),2016-11-17,100.38639831542969
Vanguard,0P00018XAR.L,Vanguard FTSE Global All Cp Idx £ Acc - 0P00018XAR.L (VAFTGAG),2016-11-18,100.91079711914062
Vanguard,0P00018XAR.L,Vanguard FTSE Global All Cp Idx £ Acc - 0P00018XAR.L (VAFTGAG),2016-11-19,100.91079711914062
Vanguard,0P00018XAR.L,Vanguard FTSE Global All Cp Idx £ Acc - 0P00018XAR.L (VAFTGAG),2016-11-20,100.91079711914062
Vanguard,0P00018XAR.L,Vanguard FTSE Global All Cp Idx £ Acc - 0P00018XAR.L (VAFTGAG),2016-11-21,100.28140258789062
Vanguard,0P00018XAR.L,Vanguard FTSE Global All Cp Idx £ Acc - 0P00018XAR.L (VAFTGAG),2016-11-22,100.99839782714844
Vanguard,0P00018XAR.L,Vanguard FTSE Global All Cp Idx £ Acc - 0P00018XAR.L (VAFTGAG),2016-11-23,101.04550170898438
Vanguard,0P00018XAR.L,Vanguard FTSE Global All Cp Idx £ Acc - 0P00018XAR.L (VAFTGAG),2016-11-24,100.63770294189453
Vanguard,0P00018XAR.L,Vanguard FTSE Global All Cp Idx £ Acc - 0P00018XAR.L (VAFTGAG),2016-11-25,101.1760025024414
Vanguard,0P00018XAR.L,Vanguard FTSE Global All Cp Idx £ Acc - 0P00018XAR.L (VAFTGAG),2016-11-26,101.1760025024414
Vanguard,0P00018XAR.L,Vanguard FTSE Global All Cp Idx £ Acc - 0P00018XAR.L (VAFTGAG),2016-11-27,101.1760025024414
Vanguard,0P00018XAR.L,Vanguard FTSE Global All Cp Idx £ Acc - 0P00018XAR.L (VAFTGAG),2016-11-28,101.11689758300781
Vanguard,0P00018XAR.L,Vanguard FTSE Global All Cp Idx £ Acc - 0P00018XAR.L (VAFTGAG),2016-11-29,100.41429901123047
Vanguard,0P00018XAR.L,Vanguard FTSE Global All Cp Idx £ Acc - 0P00018XAR.L (VAFTGAG),2016-11-30,100.41690063476562
Vanguard,0P00018XAR.L,Vanguard FTSE Global All Cp Idx £ Acc - 0P00018XAR.L (VAFTGAG),2016-12-01,99.19650268554688
Vanguard,0P00018XAR.L,Vanguard FTSE Global All Cp Idx £ Acc - 0P00018XAR.L (VAFTGAG),2016-12-02,98.86699676513672
Vanguard,0P00018XAR.L,Vanguard FTSE Global All Cp Idx £ Acc - 0P00018XAR.L (VAFTGAG),2016-12-03,98.86699676513672
Vanguard,0P00018XAR.L,Vanguard FTSE Global All Cp Idx £ Acc - 0P00018XAR.L (VAFTGAG),2016-12-04,98.86699676513672
Vanguard,0P00018XAR.L,Vanguard FTSE Global All Cp Idx £ Acc - 0P00018XAR.L (VAFTGAG),2016-12-05,99.01850128173828
Vanguard,0P00018XAR.L,Vanguard FTSE Global All Cp Idx £ Acc - 0P00018XAR.L (VAFTGAG),2016-12-06,99.62020111083984
Vanguard,0P00018XAR.L,Vanguard FTSE Global All Cp Idx £ Acc - 0P00018XAR.L (VAFTGAG),2016-12-07,101.56770324707031
Vanguard,0P00018XAR.L,Vanguard FTSE Global All Cp Idx £ Acc - 0P00018XAR.L (VAFTGAG),2016-12-08,102.42040252685547
Vanguard,0P00018XAR.L,Vanguard FTSE Global All Cp Idx £ Acc - 0P00018XAR.L (VAFTGAG),2016-12-09,102.60310363769531
Vanguard,0P00018XAR.L,Vanguard FTSE Global All Cp Idx £ Acc - 0P00018XAR.L (VAFTGAG),2016-12-10,102.60310363769531
Vanguard,0P00018XAR.L,Vanguard FTSE Global All Cp Idx £ Acc - 0P00018XAR.L (VAFTGAG),2016-12-11,102.60310363769531
Vanguard,0P00018XAR.L,Vanguard FTSE Global All Cp Idx £ Acc - 0P00018XAR.L (VAFTGAG),2016-12-12,101.68699645996094
Vanguard,0P00018XAR.L,Vanguard FTSE Global All Cp Idx £ Acc - 0P00018XAR.L (VAFTGAG),2016-12-13,102.28379821777344
Vanguard,0P00018XAR.L,Vanguard FTSE Global All Cp Idx £ Acc - 0P00018XAR.L (VAFTGAG),2016-12-14,101.50890350341797
Vanguard,0P00018XAR.L,Vanguard FTSE Global All Cp Idx £ Acc - 0P00018XAR.L (VAFTGAG),2016-12-15,103.32710266113281
Vanguard,0P00018XAR.L,Vanguard FTSE Global All Cp Idx £ Acc - 0P00018XAR.L (VAFTGAG),2016-12-16,103.08570098876953
Vanguard,0P00018XAR.L,Vanguard FTSE Global All Cp Idx £ Acc - 0P00018XAR.L (VAFTGAG),2016-12-17,103.08570098876953
Vanguard,0P00018XAR.L,Vanguard FTSE Global All Cp Idx £ Acc - 0P00018XAR.L (VAFTGAG),2016-12-18,103.08570098876953
Vanguard,0P00018XAR.L,Vanguard FTSE Global All Cp Idx £ Acc - 0P00018XAR.L (VAFTGAG),2016-12-19,103.60639953613281
Vanguard,0P00018XAR.L,Vanguard FTSE Global All Cp Idx £ Acc - 0P00018XAR.L (VAFTGAG),2016-12-20,104.08670043945312
Vanguard,0P00018XAR.L,Vanguard FTSE Global All Cp Idx £ Acc - 0P00018XAR.L (VAFTGAG),2016-12-21,103.82550048828125
Vanguard,0P00018XAR.L,Vanguard FTSE Global All Cp Idx £ Acc - 0P00018XAR.L (VAFTGAG),2016-12-22,104.23370361328125
Vanguard,0P00018XAR.L,Vanguard FTSE Global All Cp Idx £ Acc - 0P00018XAR.L (VAFTGAG),2016-12-23,104.65740203857422
Vanguard,0P00018XAR.L,Vanguard FTSE Global All Cp Idx £ Acc - 0P00018XAR.L (VAFTGAG),2016-12-24,104.65740203857422
Vanguard,0P00018XAR.L,Vanguard FTSE Global All Cp Idx £ Acc - 0P00018XAR.L (VAFTGAG),2016-12-25,104.65740203857422
Vanguard,0P00018XAR.L,Vanguard FTSE Global All Cp Idx £ Acc - 0P00018XAR.L (VAFTGAG),2016-12-26,104.65740203857422
Vanguard,0P00018XAR.L,Vanguard FTSE Global All Cp Idx £ Acc - 0P00018XAR.L (VAFTGAG),2016-12-27,104.65740203857422
Vanguard,0P00018XAR.L,Vanguard FTSE Global All Cp Idx £ Acc - 0P00018XAR.L (VAFTGAG),2016-12-28,104.61289978027344
Vanguard,0P00018XAR.L,Vanguard FTSE Global All Cp Idx £ Acc - 0P00018XAR.L (VAFTGAG),2016-12-29,104.85590362548828
Vanguard,0P00018XAR.L,Vanguard FTSE Global All Cp Idx £ Acc - 0P00018XAR.L (VAFTGAG),2016-12-30,103.73059844970703
Vanguard,0P00018XAR.L,Vanguard FTSE Global All Cp Idx £ Acc - 0P00018XAR.L (VAFTGAG),2016-12-31,103.73059844970703
Vanguard,0P00018XAR.L,Vanguard FTSE Global All Cp Idx £ Acc - 0P00018XAR.L (VAFTGAG),2017-01-01,103.73059844970703
Vanguard,0P00018XAR.L,Vanguard FTSE Global All Cp Idx £ Acc - 0P00018XAR.L (VAFTGAG),2017-01-02,103.73059844970703
Vanguard,0P00018XAR.L,Vanguard FTSE Global All Cp Idx £ Acc - 0P00018XAR.L (VAFTGAG),2017-01-03,105.14029693603516
Vanguard,0P00018XAR.L,Vanguard FTSE Global All Cp Idx £ Acc - 0P00018XAR.L (VAFTGAG),2017-01-04,105.6167984008789
Vanguard,0P00018XAR.L,Vanguard FTSE Global All Cp Idx £ Acc - 0P00018XAR.L (VAFTGAG),2017-01-05,105.09770202636719
Vanguard,0P00018XAR.L,Vanguard FTSE Global All Cp Idx £ Acc - 0P00018XAR.L (VAFTGAG),2017-01-06,105.94920349121094
Vanguard,0P00018XAR.L,Vanguard FTSE Global All Cp Idx £ Acc - 0P00018XAR.L (VAFTGAG),2017-01-07,105.94920349121094
Vanguard,0P00018XAR.L,Vanguard FTSE Global All Cp Idx £ Acc - 0P00018XAR.L (VAFTGAG),2017-01-08,105.94920349121094
Vanguard,0P00018XAR.L,Vanguard FTSE Global All Cp Idx £ Acc - 0P00018XAR.L (VAFTGAG),2017-01-09,107.06549835205078
Vanguard,0P00018XAR.L,Vanguard FTSE Global All Cp Idx £ Acc - 0P00018XAR.L (VAFTGAG),2017-01-10,107.0072021484375
Vanguard,0P00018XAR.L,Vanguard FTSE Global All Cp Idx £ Acc - 0P00018XAR.L (VAFTGAG),2017-01-11,107.97219848632812
Vanguard,0P00018XAR.L,Vanguard FTSE Global All Cp Idx £ Acc - 0P00018XAR.L (VAFTGAG),2017-01-12,106.99559783935547
Vanguard,0P00018XAR.L,Vanguard FTSE Global All Cp Idx £ Acc - 0P00018XAR.L (VAFTGAG),2017-01-13,107.62830352783203
Vanguard,0P00018XAR.L,Vanguard FTSE Global All Cp Idx £ Acc - 0P00018XAR.L (VAFTGAG),2017-01-14,107.62830352783203
Vanguard,0P00018XAR.L,Vanguard FTSE Global All Cp Idx £ Acc - 0P00018XAR.L (VAFTGAG),2017-01-15,107.62830352783203
Vanguard,0P00018XAR.L,Vanguard FTSE Global All Cp Idx £ Acc - 0P00018XAR.L (VAFTGAG),2017-01-16,108.30259704589844
Vanguard,0P00018XAR.L,Vanguard FTSE Global All Cp Idx £ Acc - 0P00018XAR.L (VAFTGAG),2017-01-17,105.46269989013672
Vanguard,0P00018XAR.L,Vanguard FTSE Global All Cp Idx £ Acc - 0P00018XAR.L (VAFTGAG),2017-01-18,106.04979705810547
Vanguard,0P00018XAR.L,Vanguard FTSE Global All Cp Idx £ Acc - 0P00018XAR.L (VAFTGAG),2017-01-19,105.80169677734375
Vanguard,0P00018XAR.L,Vanguard FTSE Global All Cp Idx £ Acc - 0P00018XAR.L (VAFTGAG),2017-01-20,106.0115966796875
Vanguard,0P00018XAR.L,Vanguard FTSE Global All Cp Idx £ Acc - 0P00018XAR.L (VAFTGAG),2017-01-21,106.0115966796875
Vanguard,0P00018XAR.L,Vanguard FTSE Global All Cp Idx £ Acc - 0P00018XAR.L (VAFTGAG),2017-01-22,106.0115966796875
Vanguard,0P00018XAR.L,Vanguard FTSE Global All Cp Idx £ Acc - 0P00018XAR.L (VAFTGAG),2017-01-23,104.60449981689453
Vanguard,0P00018XAR.L,Vanguard FTSE Global All Cp Idx £ Acc - 0P00018XAR.L (VAFTGAG),2017-01-24,105.03070068359375
Vanguard,0P00018XAR.L,Vanguard FTSE Global All Cp Idx £ Acc - 0P00018XAR.L (VAFTGAG),2017-01-25,105.01239776611328
Vanguard,0P00018XAR.L,Vanguard FTSE Global All Cp Idx £ Acc - 0P00018XAR.L (VAFTGAG),2017-01-26,105.16339874267578
Vanguard,0P00018XAR.L,Vanguard FTSE Global All Cp Idx £ Acc - 0P00018XAR.L (VAFTGAG),2017-01-27,105.45390319824219
Vanguard,0P00018XAR.L,Vanguard FTSE Global All Cp Idx £ Acc - 0P00018XAR.L (VAFTGAG),2017-01-28,105.45390319824219
Vanguard,0P00018XAR.L,Vanguard FTSE Global All Cp Idx £ Acc - 0P00018XAR.L (VAFTGAG),2017-01-29,105.45390319824219
Vanguard,0P00018XAR.L,Vanguard FTSE Global All Cp Idx £ Acc - 0P00018XAR.L (VAFTGAG),2017-01-30,105.10320281982422
Vanguard,0P00018XAR.L,Vanguard FTSE Global All Cp Idx £ Acc - 0P00018XAR.L (VAFTGAG),2017-01-31,104.5708999633789
Vanguard,0P00018XAR.L,Vanguard FTSE Global All Cp Idx £ Acc - 0P00018XAR.L (VAFTGAG),2017-02-01,104.1343994140625
Vanguard,0P00018XAR.L,Vanguard FTSE Global All Cp Idx £ Acc - 0P00018XAR.L (VAFTGAG),2017-02-02,105.2074966430664
Vanguard,0P00018XAR.L,Vanguard FTSE Global All Cp Idx £ Acc - 0P00018XAR.L (VAFTGAG),2017-02-03,106.05149841308594
Vanguard,0P00018XAR.L,Vanguard FTSE Global All Cp Idx £ Acc - 0P00018XAR.L (VAFTGAG),2017-02-04,106.05149841308594
Vanguard,0P00018XAR.L,Vanguard FTSE Global All Cp Idx £ Acc - 0P00018XAR.L (VAFTGAG),2017-02-05,106.05149841308594
Vanguard,0P00018XAR.L,Vanguard FTSE Global All Cp Idx £ Acc - 0P00018XAR.L (VAFTGAG),2017-02-06,106.20880126953125
Vanguard,0P00018XAR.L,Vanguard FTSE Global All Cp Idx £ Acc - 0P00018XAR.L (VAFTGAG),2017-02-07,106.24569702148438
Vanguard,0P00018XAR.L,Vanguard FTSE Global All Cp Idx £ Acc - 0P00018XAR.L (VAFTGAG),2017-02-08,105.63919830322266
Vanguard,0P00018XAR.L,Vanguard FTSE Global All Cp Idx £ Acc - 0P00018XAR.L (VAFTGAG),2017-02-09,106.10430145263672
Vanguard,0P00018XAR.L,Vanguard FTSE Global All Cp Idx £ Acc - 0P00018XAR.L (VAFTGAG),2017-02-10,106.94960021972656
Vanguard,0P00018XAR.L,Vanguard FTSE Global All Cp Idx £ Acc - 0P00018XAR.L (VAFTGAG),2017-02-11,106.94960021972656
Vanguard,0P00018XAR.L,Vanguard FTSE Global All Cp Idx £ Acc - 0P00018XAR.L (VAFTGAG),2017-02-12,106.94960021972656
Vanguard,0P00018XAR.L,Vanguard FTSE Global All Cp Idx £ Acc - 0P00018XAR.L (VAFTGAG),2017-02-13,107.28089904785156
Vanguard,0P00018XAR.L,Vanguard FTSE Global All Cp Idx £ Acc - 0P00018XAR.L (VAFTGAG),2017-02-14,107.64900207519531
Vanguard,0P00018XAR.L,Vanguard FTSE Global All Cp Idx £ Acc - 0P00018XAR.L (VAFTGAG),2017-02-15,108.34760284423828
Vanguard,0P00018XAR.L,Vanguard FTSE Global All Cp Idx £ Acc - 0P00018XAR.L (VAFTGAG),2017-02-16,108.1353988647461
Vanguard,0P00018XAR.L,Vanguard FTSE Global All Cp Idx £ Acc - 0P00018XAR.L (VAFTGAG),2017-02-17,108.64649963378906
Vanguard,0P00018XAR.L,Vanguard FTSE Global All Cp Idx £ Acc - 0P00018XAR.L (VAFTGAG),2017-02-18,108.64649963378906
Vanguard,0P00018XAR.L,Vanguard FTSE Global All Cp Idx £ Acc - 0P00018XAR.L (VAFTGAG),2017-02-19,108.64649963378906
Vanguard,0P00018XAR.L,Vanguard FTSE Global All Cp Idx £ Acc - 0P00018XAR.L (VAFTGAG),2017-02-20,108.34809875488281
Vanguard,0P00018XAR.L,Vanguard FTSE Global All Cp Idx £ Acc - 0P00018XAR.L (VAFTGAG),2017-02-21,108.75579833984375
Vanguard,0P00018XAR.L,Vanguard FTSE Global All Cp Idx £ Acc - 0P00018XAR.L (VAFTGAG),2017-02-22,108.86979675292969
Vanguard,0P00018XAR.L,Vanguard FTSE Global All Cp Idx £ Acc - 0P00018XAR.L (VAFTGAG),2017-02-23,108.24539947509766
Vanguard,0P00018XAR.L,Vanguard FTSE Global All Cp Idx £ Acc - 0P00018XAR.L (VAFTGAG),2017-02-24,108.39530181884766
Vanguard,0P00018XAR.L,Vanguard FTSE Global All Cp Idx £ Acc - 0P00018XAR.L (VAFTGAG),2017-02-25,108.39530181884766
Vanguard,0P00018XAR.L,Vanguard FTSE Global All Cp Idx £ Acc - 0P00018XAR.L (VAFTGAG),2017-02-26,108.39530181884766
Vanguard,0P00018XAR.L,Vanguard FTSE Global All Cp Idx £ Acc - 0P00018XAR.L (VAFTGAG),2017-02-27,108.6707992553711
Vanguard,0P00018XAR.L,Vanguard FTSE Global All Cp Idx £ Acc - 0P00018XAR.L (VAFTGAG),2017-02-28,108.64330291748047
Vanguard,0P00018XAR.L,Vanguard FTSE Global All Cp Idx £ Acc - 0P00018XAR.L (VAFTGAG),2017-03-01,110.77899932861328
Vanguard,0P00018XAR.L,Vanguard FTSE Global All Cp Idx £ Acc - 0P00018XAR.L (VAFTGAG),2017-03-02,110.63829803466797
Vanguard,0P00018XAR.L,Vanguard FTSE Global All Cp Idx £ Acc - 0P00018XAR.L (VAFTGAG),2017-03-03,110.77149963378906
Vanguard,0P00018XAR.L,Vanguard FTSE Global All Cp Idx £ Acc - 0P00018XAR.L (VAFTGAG),2017-03-04,110.77149963378906
Vanguard,0P00018XAR.L,Vanguard FTSE Global All Cp Idx £ Acc - 0P00018XAR.L (VAFTGAG),2017-03-05,110.77149963378906
Vanguard,0P00018XAR.L,Vanguard FTSE Global All Cp Idx £ Acc - 0P00018XAR.L (VAFTGAG),2017-03-06,110.6603012084961
Vanguard,0P00018XAR.L,Vanguard FTSE Global All Cp Idx £ Acc - 0P00018XAR.L (VAFTGAG),2017-03-07,110.93920135498047
Vanguard,0P00018XAR.L,Vanguard FTSE Global All Cp Idx £ Acc - 0P00018XAR.L (VAFTGAG),2017-03-08,110.81320190429688
Vanguard,0P00018XAR.L,Vanguard FTSE Global All Cp Idx £ Acc - 0P00018XAR.L (VAFTGAG),2017-03-09,110.86399841308594
Vanguard,0P00018XAR.L,Vanguard FTSE Global All Cp Idx £ Acc - 0P00018XAR.L (VAFTGAG),2017-03-10,111.29129791259766
Vanguard,0P00018XAR.L,Vanguard FTSE Global All Cp Idx £ Acc - 0P00018XAR.L (VAFTGAG),2017-03-11,111.29129791259766
Vanguard,0P00018XAR.L,Vanguard FTSE Global All Cp Idx £ Acc - 0P00018XAR.L (VAFTGAG),2017-03-12,111.29129791259766
Vanguard,0P00018XAR.L,Vanguard FTSE Global All Cp Idx £ Acc - 0P00018XAR.L (VAFTGAG),2017-03-13,111.11100006103516
Vanguard,0P00018XAR.L,Vanguard FTSE Global All Cp Idx £ Acc - 0P00018XAR.L (VAFTGAG),2017-03-14,111.3240966796875
Vanguard,0P00018XAR.L,Vanguard FTSE Global All Cp Idx £ Acc - 0P00018XAR.L (VAFTGAG),2017-03-15,111.51589965820312
Vanguard,0P00018XAR.L,Vanguard FTSE Global All Cp Idx £ Acc - 0P00018XAR.L (VAFTGAG),2017-03-16,111.00420379638672
Vanguard,0P00018XAR.L,Vanguard FTSE Global All Cp Idx £ Acc - 0P00018XAR.L (VAFTGAG),2017-03-17,110.97840118408203
Vanguard,0P00018XAR.L,Vanguard FTSE Global All Cp Idx £ Acc - 0P00018XAR.L (VAFTGAG),2017-03-18,110.97840118408203
Vanguard,0P00018XAR.L,Vanguard FTSE Global All Cp Idx £ Acc - 0P00018XAR.L (VAFTGAG),2017-03-19,110.97840118408203
Vanguard,0P00018XAR.L,Vanguard FTSE Global All Cp Idx £ Acc - 0P00018XAR.L (VAFTGAG),2017-03-20,110.98269653320312
Vanguard,0P00018XAR.L,Vanguard FTSE Global All Cp Idx £ Acc - 0P00018XAR.L (VAFTGAG),2017-03-21,109.1676025390625
Vanguard,0P00018XAR.L,Vanguard FTSE Global All Cp Idx £ Acc - 0P00018XAR.L (VAFTGAG),2017-03-22,108.92549896240234
Vanguard,0P00018XAR.L,Vanguard FTSE Global All Cp Idx £ Acc - 0P00018XAR.L (VAFTGAG),2017-03-23,108.65789794921875
Vanguard,0P00018XAR.L,Vanguard FTSE Global All Cp Idx £ Acc - 0P00018XAR.L (VAFTGAG),2017-03-24,109.04019927978516
Vanguard,0P00018XAR.L,Vanguard FTSE Global All Cp Idx £ Acc - 0P00018XAR.L (VAFTGAG),2017-03-25,109.04019927978516
Vanguard,0P00018XAR.L,Vanguard FTSE Global All Cp Idx £ Acc - 0P00018XAR.L (VAFTGAG),2017-03-26,109.04019927978516
Vanguard,0P00018XAR.L,Vanguard FTSE Global All Cp Idx £ Acc - 0P00018XAR.L (VAFTGAG),2017-03-27,108.25890350341797
Vanguard,0P00018XAR.L,Vanguard FTSE Global All Cp Idx £ Acc - 0P00018XAR.L (VAFTGAG),2017-03-28,109.3488998413086
Vanguard,0P00018XAR.L,Vanguard FTSE Global All Cp Idx £ Acc - 0P00018XAR.L (VAFTGAG),2017-03-29,110.4166030883789
Vanguard,0P00018XAR.L,Vanguard FTSE Global All Cp Idx £ Acc - 0P00018XAR.L (VAFTGAG),2017-03-30,109.89250183105469
Vanguard,0P00018XAR.L,Vanguard FTSE Global All Cp Idx £ Acc - 0P00018XAR.L (VAFTGAG),2017-03-31,109.38050079345703
Vanguard,0P00018XAR.L,Vanguard FTSE Global All Cp Idx £ Acc - 0P00018XAR.L (VAFTGAG),2017-04-01,109.38050079345703
Vanguard,0P00018XAR.L,Vanguard FTSE Global All Cp Idx £ Acc - 0P00018XAR.L (VAFTGAG),2017-04-02,109.38050079345703
Vanguard,0P00018XAR.L,Vanguard FTSE Global All Cp Idx £ Acc - 0P00018XAR.L (VAFTGAG),2017-04-03,109.4209976196289
Vanguard,0P00018XAR.L,Vanguard FTSE Global All Cp Idx £ Acc - 0P00018XAR.L (VAFTGAG),2017-04-04,109.7688980102539
Vanguard,0P00018XAR.L,Vanguard FTSE Global All Cp Idx £ Acc - 0P00018XAR.L (VAFTGAG),2017-04-05,109.31890106201172
Vanguard,0P00018XAR.L,Vanguard FTSE Global All Cp Idx £ Acc - 0P00018XAR.L (VAFTGAG),2017-04-06,109.16549682617188
Vanguard,0P00018XAR.L,Vanguard FTSE Global All Cp Idx £ Acc - 0P00018XAR.L (VAFTGAG),2017-04-07,110.02200317382812
Vanguard,0P00018XAR.L,Vanguard FTSE Global All Cp Idx £ Acc - 0P00018XAR.L (VAFTGAG),2017-04-08,110.02200317382812
Vanguard,0P00018XAR.L,Vanguard FTSE Global All Cp Idx £ Acc - 0P00018XAR.L (VAFTGAG),2017-04-09,110.02200317382812
Vanguard,0P00018XAR.L,Vanguard FTSE Global All Cp Idx £ Acc - 0P00018XAR.L (VAFTGAG),2017-04-10,109.75669860839844
Vanguard,0P00018XAR.L,Vanguard FTSE Global All Cp Idx £ Acc - 0P00018XAR.L (VAFTGAG),2017-04-11,109.3125
Vanguard,0P00018XAR.L,Vanguard FTSE Global All Cp Idx £ Acc - 0P00018XAR.L (VAFTGAG),2017-04-12,108.85099792480469
Vanguard,0P00018XAR.L,Vanguard FTSE Global All Cp Idx £ Acc - 0P00018XAR.L (VAFTGAG),2017-04-13,108.32270050048828
Vanguard,0P00018XAR.L,Vanguard FTSE Global All Cp Idx £ Acc - 0P00018XAR.L (VAFTGAG),2017-04-14,108.32270050048828
Vanguard,0P00018XAR.L,Vanguard FTSE Global All Cp Idx £ Acc - 0P00018XAR.L (VAFTGAG),2017-04-15,108.32270050048828
Vanguard,0P00018XAR.L,Vanguard FTSE Global All Cp Idx £ Acc - 0P00018XAR.L (VAFTGAG),2017-04-16,108.32270050048828
Vanguard,0P00018XAR.L,Vanguard FTSE Global All Cp Idx £ Acc - 0P00018XAR.L (VAFTGAG),2017-04-17,108.32270050048828
Vanguard,0P00018XAR.L,Vanguard FTSE Global All Cp Idx £ Acc - 0P00018XAR.L (VAFTGAG),2017-04-18,106.43170166015625
Vanguard,0P00018XAR.L,Vanguard FTSE Global All Cp Idx £ Acc - 0P00018XAR.L (VAFTGAG),2017-04-19,105.91889953613281
Vanguard,0P00018XAR.L,Vanguard FTSE Global All Cp Idx £ Acc - 0P00018XAR.L (VAFTGAG),2017-04-20,106.33290100097656
Vanguard,0P00018XAR.L,Vanguard FTSE Global All Cp Idx £ Acc - 0P00018XAR.L (VAFTGAG),2017-04-21,106.68260192871094
Vanguard,0P00018XAR.L,Vanguard FTSE Global All Cp Idx £ Acc - 0P00018XAR.L (VAFTGAG),2017-04-22,106.68260192871094
Vanguard,0P00018XAR.L,Vanguard FTSE Global All Cp Idx £ Acc - 0P00018XAR.L (VAFTGAG),2017-04-23,106.68260192871094
Vanguard,0P00018XAR.L,Vanguard FTSE Global All Cp Idx £ Acc - 0P00018XAR.L (VAFTGAG),2017-04-24,108.3031997680664
Vanguard,0P00018XAR.L,Vanguard FTSE Global All Cp Idx £ Acc - 0P00018XAR.L (VAFTGAG),2017-04-25,108.55740356445312
Vanguard,0P00018XAR.L,Vanguard FTSE Global All Cp Idx £ Acc - 0P00018XAR.L (VAFTGAG),2017-04-26,108.36150360107422
Vanguard,0P00018XAR.L,Vanguard FTSE Global All Cp Idx £ Acc - 0P00018XAR.L (VAFTGAG),2017-04-27,107.95950317382812
Vanguard,0P00018XAR.L,Vanguard FTSE Global All Cp Idx £ Acc - 0P00018XAR.L (VAFTGAG),2017-04-28,107.4188003540039
Vanguard,0P00018XAR.L,Vanguard FTSE Global All Cp Idx £ Acc - 0P00018XAR.L (VAFTGAG),2017-04-29,107.4188003540039
Vanguard,0P00018XAR.L,Vanguard FTSE Global All Cp Idx £ Acc - 0P00018XAR.L (VAFTGAG),2017-04-30,107.4188003540039
Vanguard,0P00018XAR.L,Vanguard FTSE Global All Cp Idx £ Acc - 0P00018XAR.L (VAFTGAG),2017-05-01,107.4188003540039
Vanguard,0P00018XAR.L,Vanguard FTSE Global All Cp Idx £ Acc - 0P00018XAR.L (VAFTGAG),2017-05-02,108.04660034179688
Vanguard,0P00018XAR.L,Vanguard FTSE Global All Cp Idx £ Acc - 0P00018XAR.L (VAFTGAG),2017-05-03,108.06050109863281
Vanguard,0P00018XAR.L,Vanguard FTSE Global All Cp Idx £ Acc - 0P00018XAR.L (VAFTGAG),2017-05-04,107.99849700927734
Vanguard,0P00018XAR.L,Vanguard FTSE Global All Cp Idx £ Acc - 0P00018XAR.L (VAFTGAG),2017-05-05,108.15630340576172
Vanguard,0P00018XAR.L,Vanguard FTSE Global All Cp Idx £ Acc - 0P00018XAR.L (VAFTGAG),2017-05-06,108.15630340576172
Vanguard,0P00018XAR.L,Vanguard FTSE Global All Cp Idx £ Acc - 0P00018XAR.L (VAFTGAG),2017-05-07,108.15630340576172
Vanguard,0P00018XAR.L,Vanguard FTSE Global All Cp Idx £ Acc - 0P00018XAR.L (VAFTGAG),2017-05-08,108.42469787597656
Vanguard,0P00018XAR.L,Vanguard FTSE Global All Cp Idx £ Acc - 0P00018XAR.L (VAFTGAG),2017-05-09,108.21040344238281
Vanguard,0P00018XAR.L,Vanguard FTSE Global All Cp Idx £ Acc - 0P00018XAR.L (VAFTGAG),2017-05-10,108.44670104980469
Vanguard,0P00018XAR.L,Vanguard FTSE Global All Cp Idx £ Acc - 0P00018XAR.L (VAFTGAG),2017-05-11,108.87680053710938
Vanguard,0P00018XAR.L,Vanguard FTSE Global All Cp Idx £ Acc - 0P00018XAR.L (VAFTGAG),2017-05-12,108.8478012084961
Vanguard,0P00018XAR.L,Vanguard FTSE Global All Cp Idx £ Acc - 0P00018XAR.L (VAFTGAG),2017-05-13,108.8478012084961
Vanguard,0P00018XAR.L,Vanguard FTSE Global All Cp Idx £ Acc - 0P00018XAR.L (VAFTGAG),2017-05-14,108.8478012084961
Vanguard,0P00018XAR.L,Vanguard FTSE Global All Cp Idx £ Acc - 0P00018XAR.L (VAFTGAG),2017-05-15,109.19760131835938
Vanguard,0P00018XAR.L,Vanguard FTSE Global All Cp Idx £ Acc - 0P00018XAR.L (VAFTGAG),2017-05-16,109.50669860839844
Vanguard,0P00018XAR.L,Vanguard FTSE Global All Cp Idx £ Acc - 0P00018XAR.L (VAFTGAG),2017-05-17,107.79779815673828
Vanguard,0P00018XAR.L,Vanguard FTSE Global All Cp Idx £ Acc - 0P00018XAR.L (VAFTGAG),2017-05-18,107.27279663085938
Vanguard,0P00018XAR.L,Vanguard FTSE Global All Cp Idx £ Acc - 0P00018XAR.L (VAFTGAG),2017-05-19,107.85199737548828
Vanguard,0P00018XAR.L,Vanguard FTSE Global All Cp Idx £ Acc - 0P00018XAR.L (VAFTGAG),2017-05-20,107.85199737548828
Vanguard,0P00018XAR.L,Vanguard FTSE Global All Cp Idx £ Acc - 0P00018XAR.L (VAFTGAG),2017-05-21,107.85199737548828
Vanguard,0P00018XAR.L,Vanguard FTSE Global All Cp Idx £ Acc - 0P00018XAR.L (VAFTGAG),2017-05-22,108.55329895019531
Vanguard,0P00018XAR.L,Vanguard FTSE Global All Cp Idx £ Acc - 0P00018XAR.L (VAFTGAG),2017-05-23,108.97650146484375
Vanguard,0P00018XAR.L,Vanguard FTSE Global All Cp Idx £ Acc - 0P00018XAR.L (VAFTGAG),2017-05-24,109.29640197753906
Vanguard,0P00018XAR.L,Vanguard FTSE Global All Cp Idx £ Acc - 0P00018XAR.L (VAFTGAG),2017-05-25,109.7699966430664
Vanguard,0P00018XAR.L,Vanguard FTSE Global All Cp Idx £ Acc - 0P00018XAR.L (VAFTGAG),2017-05-26,111.01339721679688
Vanguard,0P00018XAR.L,Vanguard FTSE Global All Cp Idx £ Acc - 0P00018XAR.L (VAFTGAG),2017-05-27,111.01339721679688
Vanguard,0P00018XAR.L,Vanguard FTSE Global All Cp Idx £ Acc - 0P00018XAR.L (VAFTGAG),2017-05-28,111.01339721679688
Vanguard,0P00018XAR.L,Vanguard FTSE Global All Cp Idx £ Acc - 0P00018XAR.L (VAFTGAG),2017-05-29,111.01339721679688
Vanguard,0P00018XAR.L,Vanguard FTSE Global All Cp Idx £ Acc - 0P00018XAR.L (VAFTGAG),2017-05-30,110.2229995727539
Vanguard,0P00018XAR.L,Vanguard FTSE Global All Cp Idx £ Acc - 0P00018XAR.L (VAFTGAG),2017-05-31,109.85820007324219
Vanguard,0P00018XAR.L,Vanguard FTSE Global All Cp Idx £ Acc - 0P00018XAR.L (VAFTGAG),2017-06-01,110.62419891357422
Vanguard,0P00018XAR.L,Vanguard FTSE Global All Cp Idx £ Acc - 0P00018XAR.L (VAFTGAG),2017-06-02,111.4927978515625
Vanguard,0P00018XAR.L,Vanguard FTSE Global All Cp Idx £ Acc - 0P00018XAR.L (VAFTGAG),2017-06-03,111.4927978515625
Vanguard,0P00018XAR.L,Vanguard FTSE Global All Cp Idx £ Acc - 0P00018XAR.L (VAFTGAG),2017-06-04,111.4927978515625
Vanguard,0P00018XAR.L,Vanguard FTSE Global All Cp Idx £ Acc - 0P00018XAR.L (VAFTGAG),2017-06-05,110.89080047607422
Vanguard,0P00018XAR.L,Vanguard FTSE Global All Cp Idx £ Acc - 0P00018XAR.L (VAFTGAG),2017-06-06,110.93340301513672
Vanguard,0P00018XAR.L,Vanguard FTSE Global All Cp Idx £ Acc - 0P00018XAR.L (VAFTGAG),2017-06-07,110.40879821777344
Vanguard,0P00018XAR.L,Vanguard FTSE Global All Cp Idx £ Acc - 0P00018XAR.L (VAFTGAG),2017-06-08,110.41799926757812
Vanguard,0P00018XAR.L,Vanguard FTSE Global All Cp Idx £ Acc - 0P00018XAR.L (VAFTGAG),2017-06-09,112.16529846191406
Vanguard,0P00018XAR.L,Vanguard FTSE Global All Cp Idx £ Acc - 0P00018XAR.L (VAFTGAG),2017-06-10,112.16529846191406
Vanguard,0P00018XAR.L,Vanguard FTSE Global All Cp Idx £ Acc - 0P00018XAR.L (VAFTGAG),2017-06-11,112.16529846191406
Vanguard,0P00018XAR.L,Vanguard FTSE Global All Cp Idx £ Acc - 0P00018XAR.L (VAFTGAG),2017-06-12,112.44840240478516
Vanguard,0P00018XAR.L,Vanguard FTSE Global All Cp Idx £ Acc - 0P00018XAR.L (VAFTGAG),2017-06-13,112.53510284423828
Vanguard,0P00018XAR.L,Vanguard FTSE Global All Cp Idx £ Acc - 0P00018XAR.L (VAFTGAG),2017-06-14,112.18720245361328
Vanguard,0P00018XAR.L,Vanguard FTSE Global All Cp Idx £ Acc - 0P00018XAR.L (VAFTGAG),2017-06-15,111.54180145263672
Vanguard,0P00018XAR.L,Vanguard FTSE Global All Cp Idx £ Acc - 0P00018XAR.L (VAFTGAG),2017-06-16,111.50650024414062
Vanguard,0P00018XAR.L,Vanguard FTSE Global All Cp Idx £ Acc - 0P00018XAR.L (VAFTGAG),2017-06-17,111.50650024414062
Vanguard,0P00018XAR.L,Vanguard FTSE Global All Cp Idx £ Acc - 0P00018XAR.L (VAFTGAG),2017-06-18,111.50650024414062
Vanguard,0P00018XAR.L,Vanguard FTSE Global All Cp Idx £ Acc - 0P00018XAR.L (VAFTGAG),2017-06-19,112.68879699707031
Vanguard,0P00018XAR.L,Vanguard FTSE Global All Cp Idx £ Acc - 0P00018XAR.L (VAFTGAG),2017-06-20,113.1415023803711
Vanguard,0P00018XAR.L,Vanguard FTSE Global All Cp Idx £ Acc - 0P00018XAR.L (VAFTGAG),2017-06-21,112.51930236816406
Vanguard,0P00018XAR.L,Vanguard FTSE Global All Cp Idx £ Acc - 0P00018XAR.L (VAFTGAG),2017-06-22,112.68340301513672
Vanguard,0P00018XAR.L,Vanguard FTSE Global All Cp Idx £ Acc - 0P00018XAR.L (VAFTGAG),2017-06-23,112.25650024414062
Vanguard,0P00018XAR.L,Vanguard FTSE Global All Cp Idx £ Acc - 0P00018XAR.L (VAFTGAG),2017-06-24,112.25650024414062
Vanguard,0P00018XAR.L,Vanguard FTSE Global All Cp Idx £ Acc - 0P00018XAR.L (VAFTGAG),2017-06-25,112.25650024414062
Vanguard,0P00018XAR.L,Vanguard FTSE Global All Cp Idx £ Acc - 0P00018XAR.L (VAFTGAG),2017-06-26,112.50019836425781
Vanguard,0P00018XAR.L,Vanguard FTSE Global All Cp Idx £ Acc - 0P00018XAR.L (VAFTGAG),2017-06-27,111.61869812011719
Vanguard,0P00018XAR.L,Vanguard FTSE Global All Cp Idx £ Acc - 0P00018XAR.L (VAFTGAG),2017-06-28,110.92479705810547
Vanguard,0P00018XAR.L,Vanguard FTSE Global All Cp Idx £ Acc - 0P00018XAR.L (VAFTGAG),2017-06-29,109.86969757080078
Vanguard,0P00018XAR.L,Vanguard FTSE Global All Cp Idx £ Acc - 0P00018XAR.L (VAFTGAG),2017-06-30,109.76519775390625
Vanguard,0P00018XAR.L,Vanguard FTSE Global All Cp Idx £ Acc - 0P00018XAR.L (VAFTGAG),2017-07-01,109.76519775390625
Vanguard,0P00018XAR.L,Vanguard FTSE Global All Cp Idx £ Acc - 0P00018XAR.L (VAFTGAG),2017-07-02,109.76519775390625
Vanguard,0P00018XAR.L,Vanguard FTSE Global All Cp Idx £ Acc - 0P00018XAR.L (VAFTGAG),2017-07-03,110.48179626464844
Vanguard,0P00018XAR.L,Vanguard FTSE Global All Cp Idx £ Acc - 0P00018XAR.L (VAFTGAG),2017-07-04,110.37740325927734
Vanguard,0P00018XAR.L,Vanguard FTSE Global All Cp Idx £ Acc - 0P00018XAR.L (VAFTGAG),2017-07-05,110.48320007324219
Vanguard,0P00018XAR.L,Vanguard FTSE Global All Cp Idx £ Acc - 0P00018XAR.L (VAFTGAG),2017-07-06,109.6719970703125
Vanguard,0P00018XAR.L,Vanguard FTSE Global All Cp Idx £ Acc - 0P00018XAR.L (VAFTGAG),2017-07-07,110.43900299072266
Vanguard,0P00018XAR.L,Vanguard FTSE Global All Cp Idx £ Acc - 0P00018XAR.L (VAFTGAG),2017-07-08,110.43900299072266
Vanguard,0P00018XAR.L,Vanguard FTSE Global All Cp Idx £ Acc - 0P00018XAR.L (VAFTGAG),2017-07-09,110.43900299072266
Vanguard,0P00018XAR.L,Vanguard FTSE Global All Cp Idx £ Acc - 0P00018XAR.L (VAFTGAG),2017-07-10,110.83789825439453
Vanguard,0P00018XAR.L,Vanguard FTSE Global All Cp Idx £ Acc - 0P00018XAR.L (VAFTGAG),2017-07-11,111.05449676513672
Vanguard,0P00018XAR.L,Vanguard FTSE Global All Cp Idx £ Acc - 0P00018XAR.L (VAFTGAG),2017-07-12,111.65850067138672
Vanguard,0P00018XAR.L,Vanguard FTSE Global All Cp Idx £ Acc - 0P00018XAR.L (VAFTGAG),2017-07-13,111.61699676513672
Vanguard,0P00018XAR.L,Vanguard FTSE Global All Cp Idx £ Acc - 0P00018XAR.L (VAFTGAG),2017-07-14,110.98590087890625
Vanguard,0P00018XAR.L,Vanguard FTSE Global All Cp Idx £ Acc - 0P00018XAR.L (VAFTGAG),2017-07-15,110.98590087890625
Vanguard,0P00018XAR.L,Vanguard FTSE Global All Cp Idx £ Acc - 0P00018XAR.L (VAFTGAG),2017-07-16,110.98590087890625
Vanguard,0P00018XAR.L,Vanguard FTSE Global All Cp Idx £ Acc - 0P00018XAR.L (VAFTGAG),2017-07-17,111.22509765625
Vanguard,0P00018XAR.L,Vanguard FTSE Global All Cp Idx £ Acc - 0P00018XAR.L (VAFTGAG),2017-07-18,111.71389770507812
Vanguard,0P00018XAR.L,Vanguard FTSE Global All Cp Idx £ Acc - 0P00018XAR.L (VAFTGAG),2017-07-19,112.0863037109375
Vanguard,0P00018XAR.L,Vanguard FTSE Global All Cp Idx £ Acc - 0P00018XAR.L (VAFTGAG),2017-07-20,112.81900024414062
Vanguard,0P00018XAR.L,Vanguard FTSE Global All Cp Idx £ Acc - 0P00018XAR.L (VAFTGAG),2017-07-21,112.5530014038086
Vanguard,0P00018XAR.L,Vanguard FTSE Global All Cp Idx £ Acc - 0P00018XAR.L (VAFTGAG),2017-07-22,112.5530014038086
Vanguard,0P00018XAR.L,Vanguard FTSE Global All Cp Idx £ Acc - 0P00018XAR.L (VAFTGAG),2017-07-23,112.5530014038086
Vanguard,0P00018XAR.L,Vanguard FTSE Global All Cp Idx £ Acc - 0P00018XAR.L (VAFTGAG),2017-07-24,111.9220962524414
Vanguard,0P00018XAR.L,Vanguard FTSE Global All Cp Idx £ Acc - 0P00018XAR.L (VAFTGAG),2017-07-25,112.20600128173828
Vanguard,0P00018XAR.L,Vanguard FTSE Global All Cp Idx £ Acc - 0P00018XAR.L (VAFTGAG),2017-07-26,112.16519927978516
Vanguard,0P00018XAR.L,Vanguard FTSE Global All Cp Idx £ Acc - 0P00018XAR.L (VAFTGAG),2017-07-27,112.06510162353516
Vanguard,0P00018XAR.L,Vanguard FTSE Global All Cp Idx £ Acc - 0P00018XAR.L (VAFTGAG),2017-07-28,111.50650024414062
Vanguard,0P00018XAR.L,Vanguard FTSE Global All Cp Idx £ Acc - 0P00018XAR.L (VAFTGAG),2017-07-29,111.50650024414062
Vanguard,0P00018XAR.L,Vanguard FTSE Global All Cp Idx £ Acc - 0P00018XAR.L (VAFTGAG),2017-07-30,111.50650024414062
Vanguard,0P00018XAR.L,Vanguard FTSE Global All Cp Idx £ Acc - 0P00018XAR.L (VAFTGAG),2017-07-31,111.03949737548828
Vanguard,0P00018XAR.L,Vanguard FTSE Global All Cp Idx £ Acc - 0P00018XAR.L (VAFTGAG),2017-08-01,111.13629913330078
Vanguard,0P00018XAR.L,Vanguard FTSE Global All Cp Idx £ Acc - 0P00018XAR.L (VAFTGAG),2017-08-02,111.18329620361328
Vanguard,0P00018XAR.L,Vanguard FTSE Global All Cp Idx £ Acc - 0P00018XAR.L (VAFTGAG),2017-08-03,111.73030090332031
Vanguard,0P00018XAR.L,Vanguard FTSE Global All Cp Idx £ Acc - 0P00018XAR.L (VAFTGAG),2017-08-04,112.6050033569336
Vanguard,0P00018XAR.L,Vanguard FTSE Global All Cp Idx £ Acc - 0P00018XAR.L (VAFTGAG),2017-08-05,112.6050033569336
Vanguard,0P00018XAR.L,Vanguard FTSE Global All Cp Idx £ Acc - 0P00018XAR.L (VAFTGAG),2017-08-06,112.6050033569336
Vanguard,0P00018XAR.L,Vanguard FTSE Global All Cp Idx £ Acc - 0P00018XAR.L (VAFTGAG),2017-08-07,113.00550079345703
Vanguard,0P00018XAR.L,Vanguard FTSE Global All Cp Idx £ Acc - 0P00018XAR.L (VAFTGAG),2017-08-08,113.33879852294922
Vanguard,0P00018XAR.L,Vanguard FTSE Global All Cp Idx £ Acc - 0P00018XAR.L (VAFTGAG),2017-08-09,112.67040252685547
Vanguard,0P00018XAR.L,Vanguard FTSE Global All Cp Idx £ Acc - 0P00018XAR.L (VAFTGAG),2017-08-10,111.52279663085938
Vanguard,0P00018XAR.L,Vanguard FTSE Global All Cp Idx £ Acc - 0P00018XAR.L (VAFTGAG),2017-08-11,111.34040069580078
Vanguard,0P00018XAR.L,Vanguard FTSE Global All Cp Idx £ Acc - 0P00018XAR.L (VAFTGAG),2017-08-12,111.34040069580078
Vanguard,0P00018XAR.L,Vanguard FTSE Global All Cp Idx £ Acc - 0P00018XAR.L (VAFTGAG),2017-08-13,111.34040069580078
Vanguard,0P00018XAR.L,Vanguard FTSE Global All Cp Idx £ Acc - 0P00018XAR.L (VAFTGAG),2017-08-14,112.13619995117188
Vanguard,0P00018XAR.L,Vanguard FTSE Global All Cp Idx £ Acc - 0P00018XAR.L (VAFTGAG),2017-08-15,113.06099700927734
Vanguard,0P00018XAR.L,Vanguard FTSE Global All Cp Idx £ Acc - 0P00018XAR.L (VAFTGAG),2017-08-16,113.26349639892578
Vanguard,0P00018XAR.L,Vanguard FTSE Global All Cp Idx £ Acc - 0P00018XAR.L (VAFTGAG),2017-08-17,112.26699829101562
Vanguard,0P00018XAR.L,Vanguard FTSE Global All Cp Idx £ Acc - 0P00018XAR.L (VAFTGAG),2017-08-18,112.1875991821289
Vanguard,0P00018XAR.L,Vanguard FTSE Global All Cp Idx £ Acc - 0P00018XAR.L (VAFTGAG),2017-08-19,112.1875991821289
Vanguard,0P00018XAR.L,Vanguard FTSE Global All Cp Idx £ Acc - 0P00018XAR.L (VAFTGAG),2017-08-20,112.1875991821289
Vanguard,0P00018XAR.L,Vanguard FTSE Global All Cp Idx £ Acc - 0P00018XAR.L (VAFTGAG),2017-08-21,111.8958969116211
Vanguard,0P00018XAR.L,Vanguard FTSE Global All Cp Idx £ Acc - 0P00018XAR.L (VAFTGAG),2017-08-22,113.26360321044922
Vanguard,0P00018XAR.L,Vanguard FTSE Global All Cp Idx £ Acc - 0P00018XAR.L (VAFTGAG),2017-08-23,113.5199966430664
Vanguard,0P00018XAR.L,Vanguard FTSE Global All Cp Idx £ Acc - 0P00018XAR.L (VAFTGAG),2017-08-24,113.45919799804688
Vanguard,0P00018XAR.L,Vanguard FTSE Global All Cp Idx £ Acc - 0P00018XAR.L (VAFTGAG),2017-08-25,113.09200286865234
Vanguard,0P00018XAR.L,Vanguard FTSE Global All Cp Idx £ Acc - 0P00018XAR.L (VAFTGAG),2017-08-26,113.09200286865234
Vanguard,0P00018XAR.L,Vanguard FTSE Global All Cp Idx £ Acc - 0P00018XAR.L (VAFTGAG),2017-08-27,113.09200286865234
Vanguard,0P00018XAR.L,Vanguard FTSE Global All Cp Idx £ Acc - 0P00018XAR.L (VAFTGAG),2017-08-28,113.09200286865234
Vanguard,0P00018XAR.L,Vanguard FTSE Global All Cp Idx £ Acc - 0P00018XAR.L (VAFTGAG),2017-08-29,112.48310089111328
Vanguard,0P00018XAR.L,Vanguard FTSE Global All Cp Idx £ Acc - 0P00018XAR.L (VAFTGAG),2017-08-30,112.93609619140625
Vanguard,0P00018XAR.L,Vanguard FTSE Global All Cp Idx £ Acc - 0P00018XAR.L (VAFTGAG),2017-08-31,113.9291000366211
Vanguard,0P00018XAR.L,Vanguard FTSE Global All Cp Idx £ Acc - 0P00018XAR.L (VAFTGAG),2017-09-01,113.55690002441406
Vanguard,0P00018XAR.L,Vanguard FTSE Global All Cp Idx £ Acc - 0P00018XAR.L (VAFTGAG),2017-09-02,113.55690002441406
Vanguard,0P00018XAR.L,Vanguard FTSE Global All Cp Idx £ Acc - 0P00018XAR.L (VAFTGAG),2017-09-03,113.55690002441406
Vanguard,0P00018XAR.L,Vanguard FTSE Global All Cp Idx £ Acc - 0P00018XAR.L (VAFTGAG),2017-09-04,113.48249816894531
Vanguard,0P00018XAR.L,Vanguard FTSE Global All Cp Idx £ Acc - 0P00018XAR.L (VAFTGAG),2017-09-05,112.42759704589844
Vanguard,0P00018XAR.L,Vanguard FTSE Global All Cp Idx £ Acc - 0P00018XAR.L (VAFTGAG),2017-09-06,112.2738037109375
Vanguard,0P00018XAR.L,Vanguard FTSE Global All Cp Idx £ Acc - 0P00018XAR.L (VAFTGAG),2017-09-07,112.2959976196289
Vanguard,0P00018XAR.L,Vanguard FTSE Global All Cp Idx £ Acc - 0P00018XAR.L (VAFTGAG),2017-09-08,111.69950103759766
Vanguard,0P00018XAR.L,Vanguard FTSE Global All Cp Idx £ Acc - 0P00018XAR.L (VAFTGAG),2017-09-09,111.69950103759766
Vanguard,0P00018XAR.L,Vanguard FTSE Global All Cp Idx £ Acc - 0P00018XAR.L (VAFTGAG),2017-09-10,111.69950103759766
Vanguard,0P00018XAR.L,Vanguard FTSE Global All Cp Idx £ Acc - 0P00018XAR.L (VAFTGAG),2017-09-11,112.6238021850586
Vanguard,0P00018XAR.L,Vanguard FTSE Global All Cp Idx £ Acc - 0P00018XAR.L (VAFTGAG),2017-09-12,112.29550170898438
Vanguard,0P00018XAR.L,Vanguard FTSE Global All Cp Idx £ Acc - 0P00018XAR.L (VAFTGAG),2017-09-13,112.497802734375
Vanguard,0P00018XAR.L,Vanguard FTSE Global All Cp Idx £ Acc - 0P00018XAR.L (VAFTGAG),2017-09-14,111.3563003540039
Vanguard,0P00018XAR.L,Vanguard FTSE Global All Cp Idx £ Acc - 0P00018XAR.L (VAFTGAG),2017-09-15,109.62580108642578
Vanguard,0P00018XAR.L,Vanguard FTSE Global All Cp Idx £ Acc - 0P00018XAR.L (VAFTGAG),2017-09-16,109.62580108642578
Vanguard,0P00018XAR.L,Vanguard FTSE Global All Cp Idx £ Acc - 0P00018XAR.L (VAFTGAG),2017-09-17,109.62580108642578
Vanguard,0P00018XAR.L,Vanguard FTSE Global All Cp Idx £ Acc - 0P00018XAR.L (VAFTGAG),2017-09-18,110.38860321044922
Vanguard,0P00018XAR.L,Vanguard FTSE Global All Cp Idx £ Acc - 0P00018XAR.L (VAFTGAG),2017-09-19,110.70459747314453
Vanguard,0P00018XAR.L,Vanguard FTSE Global All Cp Idx £ Acc - 0P00018XAR.L (VAFTGAG),2017-09-20,110.53970336914062
Vanguard,0P00018XAR.L,Vanguard FTSE Global All Cp Idx £ Acc - 0P00018XAR.L (VAFTGAG),2017-09-21,110.26170349121094
Vanguard,0P00018XAR.L,Vanguard FTSE Global All Cp Idx £ Acc - 0P00018XAR.L (VAFTGAG),2017-09-22,110.55380249023438
Vanguard,0P00018XAR.L,Vanguard FTSE Global All Cp Idx £ Acc - 0P00018XAR.L (VAFTGAG),2017-09-23,110.55380249023438
Vanguard,0P00018XAR.L,Vanguard FTSE Global All Cp Idx £ Acc - 0P00018XAR.L (VAFTGAG),2017-09-24,110.55380249023438
Vanguard,0P00018XAR.L,Vanguard FTSE Global All Cp Idx £ Acc - 0P00018XAR.L (VAFTGAG),2017-09-25,110.51229858398438
Vanguard,0P00018XAR.L,Vanguard FTSE Global All Cp Idx £ Acc - 0P00018XAR.L (VAFTGAG),2017-09-26,110.71890258789062
Vanguard,0P00018XAR.L,Vanguard FTSE Global All Cp Idx £ Acc - 0P00018XAR.L (VAFTGAG),2017-09-27,111.30339813232422
Vanguard,0P00018XAR.L,Vanguard FTSE Global All Cp Idx £ Acc - 0P00018XAR.L (VAFTGAG),2017-09-28,111.01699829101562
Vanguard,0P00018XAR.L,Vanguard FTSE Global All Cp Idx £ Acc - 0P00018XAR.L (VAFTGAG),2017-09-29,111.76339721679688
Vanguard,0P00018XAR.L,Vanguard FTSE Global All Cp Idx £ Acc - 0P00018XAR.L (VAFTGAG),2017-09-30,111.76339721679688
Vanguard,0P00018XAR.L,Vanguard FTSE Global All Cp Idx £ Acc - 0P00018XAR.L (VAFTGAG),2017-10-01,111.76339721679688
Vanguard,0P00018XAR.L,Vanguard FTSE Global All Cp Idx £ Acc - 0P00018XAR.L (VAFTGAG),2017-10-02,113.28079986572266
Vanguard,0P00018XAR.L,Vanguard FTSE Global All Cp Idx £ Acc - 0P00018XAR.L (VAFTGAG),2017-10-03,113.90899658203125
Vanguard,0P00018XAR.L,Vanguard FTSE Global All Cp Idx £ Acc - 0P00018XAR.L (VAFTGAG),2017-10-04,113.62660217285156
Vanguard,0P00018XAR.L,Vanguard FTSE Global All Cp Idx £ Acc - 0P00018XAR.L (VAFTGAG),2017-10-05,115.11370086669922
Vanguard,0P00018XAR.L,Vanguard FTSE Global All Cp Idx £ Acc - 0P00018XAR.L (VAFTGAG),2017-10-06,115.84500122070312
Vanguard,0P00018XAR.L,Vanguard FTSE Global All Cp Idx £ Acc - 0P00018XAR.L (VAFTGAG),2017-10-07,115.84500122070312
Vanguard,0P00018XAR.L,Vanguard FTSE Global All Cp Idx £ Acc - 0P00018XAR.L (VAFTGAG),2017-10-08,115.84500122070312
Vanguard,0P00018XAR.L,Vanguard FTSE Global All Cp Idx £ Acc - 0P00018XAR.L (VAFTGAG),2017-10-09,115.08280181884766
Vanguard,0P00018XAR.L,Vanguard FTSE Global All Cp Idx £ Acc - 0P00018XAR.L (VAFTGAG),2017-10-10,114.90390014648438
Vanguard,0P00018XAR.L,Vanguard FTSE Global All Cp Idx £ Acc - 0P00018XAR.L (VAFTGAG),2017-10-11,115.24510192871094
Vanguard,0P00018XAR.L,Vanguard FTSE Global All Cp Idx £ Acc - 0P00018XAR.L (VAFTGAG),2017-10-12,115.5989990234375
Vanguard,0P00018XAR.L,Vanguard FTSE Global All Cp Idx £ Acc - 0P00018XAR.L (VAFTGAG),2017-10-13,114.6802978515625
Vanguard,0P00018XAR.L,Vanguard FTSE Global All Cp Idx £ Acc - 0P00018XAR.L (VAFTGAG),2017-10-14,114.6802978515625
Vanguard,0P00018XAR.L,Vanguard FTSE Global All Cp Idx £ Acc - 0P00018XAR.L (VAFTGAG),2017-10-15,114.6802978515625
Vanguard,0P00018XAR.L,Vanguard FTSE Global All Cp Idx £ Acc - 0P00018XAR.L (VAFTGAG),2017-10-16,115.04010009765625
Vanguard,0P00018XAR.L,Vanguard FTSE Global All Cp Idx £ Acc - 0P00018XAR.L (VAFTGAG),2017-10-17,115.74629974365234
Vanguard,0P00018XAR.L,Vanguard FTSE Global All Cp Idx £ Acc - 0P00018XAR.L (VAFTGAG),2017-10-18,115.80239868164062
Vanguard,0P00018XAR.L,Vanguard FTSE Global All Cp Idx £ Acc - 0P00018XAR.L (VAFTGAG),2017-10-19,115.52649688720703
Vanguard,0P00018XAR.L,Vanguard FTSE Global All Cp Idx £ Acc - 0P00018XAR.L (VAFTGAG),2017-10-20,115.92970275878906
Vanguard,0P00018XAR.L,Vanguard FTSE Global All Cp Idx £ Acc - 0P00018XAR.L (VAFTGAG),2017-10-21,115.92970275878906
Vanguard,0P00018XAR.L,Vanguard FTSE Global All Cp Idx £ Acc - 0P00018XAR.L (VAFTGAG),2017-10-22,115.92970275878906
Vanguard,0P00018XAR.L,Vanguard FTSE Global All Cp Idx £ Acc - 0P00018XAR.L (VAFTGAG),2017-10-23,115.6229019165039
Vanguard,0P00018XAR.L,Vanguard FTSE Global All Cp Idx £ Acc - 0P00018XAR.L (VAFTGAG),2017-10-24,116.28620147705078
Vanguard,0P00018XAR.L,Vanguard FTSE Global All Cp Idx £ Acc - 0P00018XAR.L (VAFTGAG),2017-10-25,114.76390075683594
Vanguard,0P00018XAR.L,Vanguard FTSE Global All Cp Idx £ Acc - 0P00018XAR.L (VAFTGAG),2017-10-26,115.55609893798828
Vanguard,0P00018XAR.L,Vanguard FTSE Global All Cp Idx £ Acc - 0P00018XAR.L (VAFTGAG),2017-10-27,116.5020980834961
Vanguard,0P00018XAR.L,Vanguard FTSE Global All Cp Idx £ Acc - 0P00018XAR.L (VAFTGAG),2017-10-28,116.5020980834961
Vanguard,0P00018XAR.L,Vanguard FTSE Global All Cp Idx £ Acc - 0P00018XAR.L (VAFTGAG),2017-10-29,116.5020980834961
Vanguard,0P00018XAR.L,Vanguard FTSE Global All Cp Idx £ Acc - 0P00018XAR.L (VAFTGAG),2017-10-30,115.8053970336914
Vanguard,0P00018XAR.L,Vanguard FTSE Global All Cp Idx £ Acc - 0P00018XAR.L (VAFTGAG),2017-10-31,115.27040100097656
Vanguard,0P00018XAR.L,Vanguard FTSE Global All Cp Idx £ Acc - 0P00018XAR.L (VAFTGAG),2017-11-01,115.78079986572266
Vanguard,0P00018XAR.L,Vanguard FTSE Global All Cp Idx £ Acc - 0P00018XAR.L (VAFTGAG),2017-11-02,117.45369720458984
Vanguard,0P00018XAR.L,Vanguard FTSE Global All Cp Idx £ Acc - 0P00018XAR.L (VAFTGAG),2017-11-03,117.62909698486328
Vanguard,0P00018XAR.L,Vanguard FTSE Global All Cp Idx £ Acc - 0P00018XAR.L (VAFTGAG),2017-11-04,117.62909698486328
Vanguard,0P00018XAR.L,Vanguard FTSE Global All Cp Idx £ Acc - 0P00018XAR.L (VAFTGAG),2017-11-05,117.62909698486328
Vanguard,0P00018XAR.L,Vanguard FTSE Global All Cp Idx £ Acc - 0P00018XAR.L (VAFTGAG),2017-11-06,117.2761001586914
Vanguard,0P00018XAR.L,Vanguard FTSE Global All Cp Idx £ Acc - 0P00018XAR.L (VAFTGAG),2017-11-07,117.0873031616211
Vanguard,0P00018XAR.L,Vanguard FTSE Global All Cp Idx £ Acc - 0P00018XAR.L (VAFTGAG),2017-11-08,117.53140258789062
Vanguard,0P00018XAR.L,Vanguard FTSE Global All Cp Idx £ Acc - 0P00018XAR.L (VAFTGAG),2017-11-09,117.04000091552734
Vanguard,0P00018XAR.L,Vanguard FTSE Global All Cp Idx £ Acc - 0P00018XAR.L (VAFTGAG),2017-11-10,116.0115966796875
Vanguard,0P00018XAR.L,Vanguard FTSE Global All Cp Idx £ Acc - 0P00018XAR.L (VAFTGAG),2017-11-11,116.0115966796875
Vanguard,0P00018XAR.L,Vanguard FTSE Global All Cp Idx £ Acc - 0P00018XAR.L (VAFTGAG),2017-11-12,116.0115966796875
Vanguard,0P00018XAR.L,Vanguard FTSE Global All Cp Idx £ Acc - 0P00018XAR.L (VAFTGAG),2017-11-13,116.6802978515625
Vanguard,0P00018XAR.L,Vanguard FTSE Global All Cp Idx £ Acc - 0P00018XAR.L (VAFTGAG),2017-11-14,116.31610107421875
Vanguard,0P00018XAR.L,Vanguard FTSE Global All Cp Idx £ Acc - 0P00018XAR.L (VAFTGAG),2017-11-15,115.35780334472656
Vanguard,0P00018XAR.L,Vanguard FTSE Global All Cp Idx £ Acc - 0P00018XAR.L (VAFTGAG),2017-11-16,115.9552993774414
Vanguard,0P00018XAR.L,Vanguard FTSE Global All Cp Idx £ Acc - 0P00018XAR.L (VAFTGAG),2017-11-17,116.03910064697266
Vanguard,0P00018XAR.L,Vanguard FTSE Global All Cp Idx £ Acc - 0P00018XAR.L (VAFTGAG),2017-11-18,116.03910064697266
Vanguard,0P00018XAR.L,Vanguard FTSE Global All Cp Idx £ Acc - 0P00018XAR.L (VAFTGAG),2017-11-19,116.03910064697266
Vanguard,0P00018XAR.L,Vanguard FTSE Global All Cp Idx £ Acc - 0P00018XAR.L (VAFTGAG),2017-11-20,115.67489624023438
Vanguard,0P00018XAR.L,Vanguard FTSE Global All Cp Idx £ Acc - 0P00018XAR.L (VAFTGAG),2017-11-21,116.74359893798828
Vanguard,0P00018XAR.L,Vanguard FTSE Global All Cp Idx £ Acc - 0P00018XAR.L (VAFTGAG),2017-11-22,116.3938980102539
Vanguard,0P00018XAR.L,Vanguard FTSE Global All Cp Idx £ Acc - 0P00018XAR.L (VAFTGAG),2017-11-23,116.4385986328125
Vanguard,0P00018XAR.L,Vanguard FTSE Global All Cp Idx £ Acc - 0P00018XAR.L (VAFTGAG),2017-11-24,116.31729888916016
Vanguard,0P00018XAR.L,Vanguard FTSE Global All Cp Idx £ Acc - 0P00018XAR.L (VAFTGAG),2017-11-25,116.31729888916016
Vanguard,0P00018XAR.L,Vanguard FTSE Global All Cp Idx £ Acc - 0P00018XAR.L (VAFTGAG),2017-11-26,116.31729888916016
Vanguard,0P00018XAR.L,Vanguard FTSE Global All Cp Idx £ Acc - 0P00018XAR.L (VAFTGAG),2017-11-27,116.1404037475586
Vanguard,0P00018XAR.L,Vanguard FTSE Global All Cp Idx £ Acc - 0P00018XAR.L (VAFTGAG),2017-11-28,117.66500091552734
Vanguard,0P00018XAR.L,Vanguard FTSE Global All Cp Idx £ Acc - 0P00018XAR.L (VAFTGAG),2017-11-29,115.98670196533203
Vanguard,0P00018XAR.L,Vanguard FTSE Global All Cp Idx £ Acc - 0P00018XAR.L (VAFTGAG),2017-11-30,115.3447036743164
Vanguard,0P00018XAR.L,Vanguard FTSE Global All Cp Idx £ Acc - 0P00018XAR.L (VAFTGAG),2017-12-01,115.29319763183594
Vanguard,0P00018XAR.L,Vanguard FTSE Global All Cp Idx £ Acc - 0P00018XAR.L (VAFTGAG),2017-12-02,115.29319763183594
Vanguard,0P00018XAR.L,Vanguard FTSE Global All Cp Idx £ Acc - 0P00018XAR.L (VAFTGAG),2017-12-03,115.29319763183594
Vanguard,0P00018XAR.L,Vanguard FTSE Global All Cp Idx £ Acc - 0P00018XAR.L (VAFTGAG),2017-12-04,115.50340270996094
Vanguard,0P00018XAR.L,Vanguard FTSE Global All Cp Idx £ Acc - 0P00018XAR.L (VAFTGAG),2017-12-05,115.29720306396484
Vanguard,0P00018XAR.L,Vanguard FTSE Global All Cp Idx £ Acc - 0P00018XAR.L (VAFTGAG),2017-12-06,115.39440155029297
Vanguard,0P00018XAR.L,Vanguard FTSE Global All Cp Idx £ Acc - 0P00018XAR.L (VAFTGAG),2017-12-07,115.40679931640625
Vanguard,0P00018XAR.L,Vanguard FTSE Global All Cp Idx £ Acc - 0P00018XAR.L (VAFTGAG),2017-12-08,116.34130096435547
Vanguard,0P00018XAR.L,Vanguard FTSE Global All Cp Idx £ Acc - 0P00018XAR.L (VAFTGAG),2017-12-09,116.34130096435547
Vanguard,0P00018XAR.L,Vanguard FTSE Global All Cp Idx £ Acc - 0P00018XAR.L (VAFTGAG),2017-12-10,116.34130096435547
Vanguard,0P00018XAR.L,Vanguard FTSE Global All Cp Idx £ Acc - 0P00018XAR.L (VAFTGAG),2017-12-11,116.94490051269531
Vanguard,0P00018XAR.L,Vanguard FTSE Global All Cp Idx £ Acc - 0P00018XAR.L (VAFTGAG),2017-12-12,117.10990142822266
Vanguard,0P00018XAR.L,Vanguard FTSE Global All Cp Idx £ Acc - 0P00018XAR.L (VAFTGAG),2017-12-13,117.07260131835938
Vanguard,0P00018XAR.L,Vanguard FTSE Global All Cp Idx £ Acc - 0P00018XAR.L (VAFTGAG),2017-12-14,116.12640380859375
Vanguard,0P00018XAR.L,Vanguard FTSE Global All Cp Idx £ Acc - 0P00018XAR.L (VAFTGAG),2017-12-15,117.5438003540039
Vanguard,0P00018XAR.L,Vanguard FTSE Global All Cp Idx £ Acc - 0P00018XAR.L (VAFTGAG),2017-12-16,117.5438003540039
Vanguard,0P00018XAR.L,Vanguard FTSE Global All Cp Idx £ Acc - 0P00018XAR.L (VAFTGAG),2017-12-17,117.5438003540039
Vanguard,0P00018XAR.L,Vanguard FTSE Global All Cp Idx £ Acc - 0P00018XAR.L (VAFTGAG),2017-12-18,117.94239807128906
Vanguard,0P00018XAR.L,Vanguard FTSE Global All Cp Idx £ Acc - 0P00018XAR.L (VAFTGAG),2017-12-19,117.89240264892578
Vanguard,0P00018XAR.L,Vanguard FTSE Global All Cp Idx £ Acc - 0P00018XAR.L (VAFTGAG),2017-12-20,117.51219940185547
Vanguard,0P00018XAR.L,Vanguard FTSE Global All Cp Idx £ Acc - 0P00018XAR.L (VAFTGAG),2017-12-21,118.26110076904297
Vanguard,0P00018XAR.L,Vanguard FTSE Global All Cp Idx £ Acc - 0P00018XAR.L (VAFTGAG),2017-12-22,118.10230255126953
Vanguard,0P00018XAR.L,Vanguard FTSE Global All Cp Idx £ Acc - 0P00018XAR.L (VAFTGAG),2017-12-23,118.10230255126953
Vanguard,0P00018XAR.L,Vanguard FTSE Global All Cp Idx £ Acc - 0P00018XAR.L (VAFTGAG),2017-12-24,118.10230255126953
Vanguard,0P00018XAR.L,Vanguard FTSE Global All Cp Idx £ Acc - 0P00018XAR.L (VAFTGAG),2017-12-25,118.10230255126953
Vanguard,0P00018XAR.L,Vanguard FTSE Global All Cp Idx £ Acc - 0P00018XAR.L (VAFTGAG),2017-12-26,118.10230255126953
Vanguard,0P00018XAR.L,Vanguard FTSE Global All Cp Idx £ Acc - 0P00018XAR.L (VAFTGAG),2017-12-27,118.19439697265625
Vanguard,0P00018XAR.L,Vanguard FTSE Global All Cp Idx £ Acc - 0P00018XAR.L (VAFTGAG),2017-12-28,118.17340087890625
Vanguard,0P00018XAR.L,Vanguard FTSE Global All Cp Idx £ Acc - 0P00018XAR.L (VAFTGAG),2017-12-29,117.22969818115234
Vanguard,0P00018XAR.L,Vanguard FTSE Global All Cp Idx £ Acc - 0P00018XAR.L (VAFTGAG),2017-12-30,117.22969818115234
Vanguard,0P00018XAR.L,Vanguard FTSE Global All Cp Idx £ Acc - 0P00018XAR.L (VAFTGAG),2017-12-31,117.22969818115234
Vanguard,0P00018XAR.L,Vanguard FTSE Global All Cp Idx £ Acc - 0P00018XAR.L (VAFTGAG),2018-01-01,117.22969818115234
Vanguard,0P00018XAR.L,Vanguard FTSE Global All Cp Idx £ Acc - 0P00018XAR.L (VAFTGAG),2018-01-02,117.67500305175781
Vanguard,0P00018XAR.L,Vanguard FTSE Global All Cp Idx £ Acc - 0P00018XAR.L (VAFTGAG),2018-01-03,118.77839660644531
Vanguard,0P00018XAR.L,Vanguard FTSE Global All Cp Idx £ Acc - 0P00018XAR.L (VAFTGAG),2018-01-04,119.24420166015625
Vanguard,0P00018XAR.L,Vanguard FTSE Global All Cp Idx £ Acc - 0P00018XAR.L (VAFTGAG),2018-01-05,119.9905014038086
Vanguard,0P00018XAR.L,Vanguard FTSE Global All Cp Idx £ Acc - 0P00018XAR.L (VAFTGAG),2018-01-06,119.9905014038086
Vanguard,0P00018XAR.L,Vanguard FTSE Global All Cp Idx £ Acc - 0P00018XAR.L (VAFTGAG),2018-01-07,119.9905014038086
Vanguard,0P00018XAR.L,Vanguard FTSE Global All Cp Idx £ Acc - 0P00018XAR.L (VAFTGAG),2018-01-08,119.9916000366211
Vanguard,0P00018XAR.L,Vanguard FTSE Global All Cp Idx £ Acc - 0P00018XAR.L (VAFTGAG),2018-01-09,120.5553970336914
Vanguard,0P00018XAR.L,Vanguard FTSE Global All Cp Idx £ Acc - 0P00018XAR.L (VAFTGAG),2018-01-10,120.53060150146484
Vanguard,0P00018XAR.L,Vanguard FTSE Global All Cp Idx £ Acc - 0P00018XAR.L (VAFTGAG),2018-01-11,121.01820373535156
Vanguard,0P00018XAR.L,Vanguard FTSE Global All Cp Idx £ Acc - 0P00018XAR.L (VAFTGAG),2018-01-12,120.44190216064453
Vanguard,0P00018XAR.L,Vanguard FTSE Global All Cp Idx £ Acc - 0P00018XAR.L (VAFTGAG),2018-01-13,120.44190216064453
Vanguard,0P00018XAR.L,Vanguard FTSE Global All Cp Idx £ Acc - 0P00018XAR.L (VAFTGAG),2018-01-14,120.44190216064453
Vanguard,0P00018XAR.L,Vanguard FTSE Global All Cp Idx £ Acc - 0P00018XAR.L (VAFTGAG),2018-01-15,119.81809997558594
Vanguard,0P00018XAR.L,Vanguard FTSE Global All Cp Idx £ Acc - 0P00018XAR.L (VAFTGAG),2018-01-16,119.92639923095703
Vanguard,0P00018XAR.L,Vanguard FTSE Global All Cp Idx £ Acc - 0P00018XAR.L (VAFTGAG),2018-01-17,119.99440002441406
Vanguard,0P00018XAR.L,Vanguard FTSE Global All Cp Idx £ Acc - 0P00018XAR.L (VAFTGAG),2018-01-18,119.39340209960938
Vanguard,0P00018XAR.L,Vanguard FTSE Global All Cp Idx £ Acc - 0P00018XAR.L (VAFTGAG),2018-01-19,120.35710144042969
Vanguard,0P00018XAR.L,Vanguard FTSE Global All Cp Idx £ Acc - 0P00018XAR.L (VAFTGAG),2018-01-20,120.35710144042969
Vanguard,0P00018XAR.L,Vanguard FTSE Global All Cp Idx £ Acc - 0P00018XAR.L (VAFTGAG),2018-01-21,120.35710144042969
Vanguard,0P00018XAR.L,Vanguard FTSE Global All Cp Idx £ Acc - 0P00018XAR.L (VAFTGAG),2018-01-22,120.03790283203125
Vanguard,0P00018XAR.L,Vanguard FTSE Global All Cp Idx £ Acc - 0P00018XAR.L (VAFTGAG),2018-01-23,120.07610321044922
Vanguard,0P00018XAR.L,Vanguard FTSE Global All Cp Idx £ Acc - 0P00018XAR.L (VAFTGAG),2018-01-24,118.64129638671875
Vanguard,0P00018XAR.L,Vanguard FTSE Global All Cp Idx £ Acc - 0P00018XAR.L (VAFTGAG),2018-01-25,118.12580108642578
Vanguard,0P00018XAR.L,Vanguard FTSE Global All Cp Idx £ Acc - 0P00018XAR.L (VAFTGAG),2018-01-26,119.7417984008789
Vanguard,0P00018XAR.L,Vanguard FTSE Global All Cp Idx £ Acc - 0P00018XAR.L (VAFTGAG),2018-01-27,119.7417984008789
Vanguard,0P00018XAR.L,Vanguard FTSE Global All Cp Idx £ Acc - 0P00018XAR.L (VAFTGAG),2018-01-28,119.7417984008789
Vanguard,0P00018XAR.L,Vanguard FTSE Global All Cp Idx £ Acc - 0P00018XAR.L (VAFTGAG),2018-01-29,120.09709930419922
Vanguard,0P00018XAR.L,Vanguard FTSE Global All Cp Idx £ Acc - 0P00018XAR.L (VAFTGAG),2018-01-30,118.46510314941406
Vanguard,0P00018XAR.L,Vanguard FTSE Global All Cp Idx £ Acc - 0P00018XAR.L (VAFTGAG),2018-01-31,117.51260375976562
Vanguard,0P00018XAR.L,Vanguard FTSE Global All Cp Idx £ Acc - 0P00018XAR.L (VAFTGAG),2018-02-01,117.48259735107422
Vanguard,0P00018XAR.L,Vanguard FTSE Global All Cp Idx £ Acc - 0P00018XAR.L (VAFTGAG),2018-02-02,116.306396484375
Vanguard,0P00018XAR.L,Vanguard FTSE Global All Cp Idx £ Acc - 0P00018XAR.L (VAFTGAG),2018-02-03,116.306396484375
Vanguard,0P00018XAR.L,Vanguard FTSE Global All Cp Idx £ Acc - 0P00018XAR.L (VAFTGAG),2018-02-04,116.306396484375
Vanguard,0P00018XAR.L,Vanguard FTSE Global All Cp Idx £ Acc - 0P00018XAR.L (VAFTGAG),2018-02-05,113.70089721679688
Vanguard,0P00018XAR.L,Vanguard FTSE Global All Cp Idx £ Acc - 0P00018XAR.L (VAFTGAG),2018-02-06,113.97810363769531
Vanguard,0P00018XAR.L,Vanguard FTSE Global All Cp Idx £ Acc - 0P00018XAR.L (VAFTGAG),2018-02-07,114.26629638671875
Vanguard,0P00018XAR.L,Vanguard FTSE Global All Cp Idx £ Acc - 0P00018XAR.L (VAFTGAG),2018-02-08,110.63150024414062
Vanguard,0P00018XAR.L,Vanguard FTSE Global All Cp Idx £ Acc - 0P00018XAR.L (VAFTGAG),2018-02-09,112.1946029663086
Vanguard,0P00018XAR.L,Vanguard FTSE Global All Cp Idx £ Acc - 0P00018XAR.L (VAFTGAG),2018-02-10,112.1946029663086
Vanguard,0P00018XAR.L,Vanguard FTSE Global All Cp Idx £ Acc - 0P00018XAR.L (VAFTGAG),2018-02-11,112.1946029663086
Vanguard,0P00018XAR.L,Vanguard FTSE Global All Cp Idx £ Acc - 0P00018XAR.L (VAFTGAG),2018-02-12,113.47129821777344
Vanguard,0P00018XAR.L,Vanguard FTSE Global All Cp Idx £ Acc - 0P00018XAR.L (VAFTGAG),2018-02-13,113.23419952392578
Vanguard,0P00018XAR.L,Vanguard FTSE Global All Cp Idx £ Acc - 0P00018XAR.L (VAFTGAG),2018-02-14,113.9916000366211
Vanguard,0P00018XAR.L,Vanguard FTSE Global All Cp Idx £ Acc - 0P00018XAR.L (VAFTGAG),2018-02-15,114.63359832763672
Vanguard,0P00018XAR.L,Vanguard FTSE Global All Cp Idx £ Acc - 0P00018XAR.L (VAFTGAG),2018-02-16,115.12580108642578
Vanguard,0P00018XAR.L,Vanguard FTSE Global All Cp Idx £ Acc - 0P00018XAR.L (VAFTGAG),2018-02-17,115.12580108642578
Vanguard,0P00018XAR.L,Vanguard FTSE Global All Cp Idx £ Acc - 0P00018XAR.L (VAFTGAG),2018-02-18,115.12580108642578
Vanguard,0P00018XAR.L,Vanguard FTSE Global All Cp Idx £ Acc - 0P00018XAR.L (VAFTGAG),2018-02-19,115.39559936523438
Vanguard,0P00018XAR.L,Vanguard FTSE Global All Cp Idx £ Acc - 0P00018XAR.L (VAFTGAG),2018-02-20,114.82730102539062
Vanguard,0P00018XAR.L,Vanguard FTSE Global All Cp Idx £ Acc - 0P00018XAR.L (VAFTGAG),2018-02-21,114.84960174560547
Vanguard,0P00018XAR.L,Vanguard FTSE Global All Cp Idx £ Acc - 0P00018XAR.L (VAFTGAG),2018-02-22,115.0469970703125
Vanguard,0P00018XAR.L,Vanguard FTSE Global All Cp Idx £ Acc - 0P00018XAR.L (VAFTGAG),2018-02-23,116.0468978881836
Vanguard,0P00018XAR.L,Vanguard FTSE Global All Cp Idx £ Acc - 0P00018XAR.L (VAFTGAG),2018-02-24,116.0468978881836
Vanguard,0P00018XAR.L,Vanguard FTSE Global All Cp Idx £ Acc - 0P00018XAR.L (VAFTGAG),2018-02-25,116.0468978881836
Vanguard,0P00018XAR.L,Vanguard FTSE Global All Cp Idx £ Acc - 0P00018XAR.L (VAFTGAG),2018-02-26,117.25260162353516
Vanguard,0P00018XAR.L,Vanguard FTSE Global All Cp Idx £ Acc - 0P00018XAR.L (VAFTGAG),2018-02-27,116.72019958496094
Vanguard,0P00018XAR.L,Vanguard FTSE Global All Cp Idx £ Acc - 0P00018XAR.L (VAFTGAG),2018-02-28,116.32640075683594
Vanguard,0P00018XAR.L,Vanguard FTSE Global All Cp Idx £ Acc - 0P00018XAR.L (VAFTGAG),2018-03-01,115.51920318603516
Vanguard,0P00018XAR.L,Vanguard FTSE Global All Cp Idx £ Acc - 0P00018XAR.L (VAFTGAG),2018-03-02,115.0425033569336
Vanguard,0P00018XAR.L,Vanguard FTSE Global All Cp Idx £ Acc - 0P00018XAR.L (VAFTGAG),2018-03-03,115.0425033569336
Vanguard,0P00018XAR.L,Vanguard FTSE Global All Cp Idx £ Acc - 0P00018XAR.L (VAFTGAG),2018-03-04,115.0425033569336
Vanguard,0P00018XAR.L,Vanguard FTSE Global All Cp Idx £ Acc - 0P00018XAR.L (VAFTGAG),2018-03-05,115.12159729003906
Vanguard,0P00018XAR.L,Vanguard FTSE Global All Cp Idx £ Acc - 0P00018XAR.L (VAFTGAG),2018-03-06,115.6395034790039
Vanguard,0P00018XAR.L,Vanguard FTSE Global All Cp Idx £ Acc - 0P00018XAR.L (VAFTGAG),2018-03-07,115.44049835205078
Vanguard,0P00018XAR.L,Vanguard FTSE Global All Cp Idx £ Acc - 0P00018XAR.L (VAFTGAG),2018-03-08,116.49539947509766
Vanguard,0P00018XAR.L,Vanguard FTSE Global All Cp Idx £ Acc - 0P00018XAR.L (VAFTGAG),2018-03-09,117.44869995117188
Vanguard,0P00018XAR.L,Vanguard FTSE Global All Cp Idx £ Acc - 0P00018XAR.L (VAFTGAG),2018-03-10,117.44869995117188
Vanguard,0P00018XAR.L,Vanguard FTSE Global All Cp Idx £ Acc - 0P00018XAR.L (VAFTGAG),2018-03-11,117.44869995117188
Vanguard,0P00018XAR.L,Vanguard FTSE Global All Cp Idx £ Acc - 0P00018XAR.L (VAFTGAG),2018-03-12,117.62079620361328
Vanguard,0P00018XAR.L,Vanguard FTSE Global All Cp Idx £ Acc - 0P00018XAR.L (VAFTGAG),2018-03-13,116.4645004272461
Vanguard,0P00018XAR.L,Vanguard FTSE Global All Cp Idx £ Acc - 0P00018XAR.L (VAFTGAG),2018-03-14,116.2738037109375
Vanguard,0P00018XAR.L,Vanguard FTSE Global All Cp Idx £ Acc - 0P00018XAR.L (VAFTGAG),2018-03-15,116.16819763183594
Vanguard,0P00018XAR.L,Vanguard FTSE Global All Cp Idx £ Acc - 0P00018XAR.L (VAFTGAG),2018-03-16,116.4031982421875
Vanguard,0P00018XAR.L,Vanguard FTSE Global All Cp Idx £ Acc - 0P00018XAR.L (VAFTGAG),2018-03-17,116.4031982421875
Vanguard,0P00018XAR.L,Vanguard FTSE Global All Cp Idx £ Acc - 0P00018XAR.L (VAFTGAG),2018-03-18,116.4031982421875
Vanguard,0P00018XAR.L,Vanguard FTSE Global All Cp Idx £ Acc - 0P00018XAR.L (VAFTGAG),2018-03-19,114.31590270996094
Vanguard,0P00018XAR.L,Vanguard FTSE Global All Cp Idx £ Acc - 0P00018XAR.L (VAFTGAG),2018-03-20,114.53199768066406
Vanguard,0P00018XAR.L,Vanguard FTSE Global All Cp Idx £ Acc - 0P00018XAR.L (VAFTGAG),2018-03-21,114.08940124511719
Vanguard,0P00018XAR.L,Vanguard FTSE Global All Cp Idx £ Acc - 0P00018XAR.L (VAFTGAG),2018-03-22,112.03820037841797
Vanguard,0P00018XAR.L,Vanguard FTSE Global All Cp Idx £ Acc - 0P00018XAR.L (VAFTGAG),2018-03-23,109.6281967163086
Vanguard,0P00018XAR.L,Vanguard FTSE Global All Cp Idx £ Acc - 0P00018XAR.L (VAFTGAG),2018-03-24,109.6281967163086
Vanguard,0P00018XAR.L,Vanguard FTSE Global All Cp Idx £ Acc - 0P00018XAR.L (VAFTGAG),2018-03-25,109.6281967163086
Vanguard,0P00018XAR.L,Vanguard FTSE Global All Cp Idx £ Acc - 0P00018XAR.L (VAFTGAG),2018-03-26,110.6344985961914
Vanguard,0P00018XAR.L,Vanguard FTSE Global All Cp Idx £ Acc - 0P00018XAR.L (VAFTGAG),2018-03-27,110.74500274658203
Vanguard,0P00018XAR.L,Vanguard FTSE Global All Cp Idx £ Acc - 0P00018XAR.L (VAFTGAG),2018-03-28,110.54530334472656
Vanguard,0P00018XAR.L,Vanguard FTSE Global All Cp Idx £ Acc - 0P00018XAR.L (VAFTGAG),2018-03-29,112.04769897460938
Vanguard,0P00018XAR.L,Vanguard FTSE Global All Cp Idx £ Acc - 0P00018XAR.L (VAFTGAG),2018-03-30,112.04769897460938
Vanguard,0P00018XAR.L,Vanguard FTSE Global All Cp Idx £ Acc - 0P00018XAR.L (VAFTGAG),2018-03-31,112.04769897460938
Vanguard,0P00018XAR.L,Vanguard FTSE Global All Cp Idx £ Acc - 0P00018XAR.L (VAFTGAG),2018-04-01,112.04769897460938
Vanguard,0P00018XAR.L,Vanguard FTSE Global All Cp Idx £ Acc - 0P00018XAR.L (VAFTGAG),2018-04-02,112.04769897460938
Vanguard,0P00018XAR.L,Vanguard FTSE Global All Cp Idx £ Acc - 0P00018XAR.L (VAFTGAG),2018-04-03,111.14510345458984
Vanguard,0P00018XAR.L,Vanguard FTSE Global All Cp Idx £ Acc - 0P00018XAR.L (VAFTGAG),2018-04-04,111.2605972290039
Vanguard,0P00018XAR.L,Vanguard FTSE Global All Cp Idx £ Acc - 0P00018XAR.L (VAFTGAG),2018-04-05,112.99109649658203
Vanguard,0P00018XAR.L,Vanguard FTSE Global All Cp Idx £ Acc - 0P00018XAR.L (VAFTGAG),2018-04-06,110.96489715576172
Vanguard,0P00018XAR.L,Vanguard FTSE Global All Cp Idx £ Acc - 0P00018XAR.L (VAFTGAG),2018-04-07,110.96489715576172
Vanguard,0P00018XAR.L,Vanguard FTSE Global All Cp Idx £ Acc - 0P00018XAR.L (VAFTGAG),2018-04-08,110.96489715576172
Vanguard,0P00018XAR.L,Vanguard FTSE Global All Cp Idx £ Acc - 0P00018XAR.L (VAFTGAG),2018-04-09,111.03250122070312
Vanguard,0P00018XAR.L,Vanguard FTSE Global All Cp Idx £ Acc - 0P00018XAR.L (VAFTGAG),2018-04-10,112.14330291748047
Vanguard,0P00018XAR.L,Vanguard FTSE Global All Cp Idx £ Acc - 0P00018XAR.L (VAFTGAG),2018-04-11,111.59850311279297
Vanguard,0P00018XAR.L,Vanguard FTSE Global All Cp Idx £ Acc - 0P00018XAR.L (VAFTGAG),2018-04-12,111.78130340576172
Vanguard,0P00018XAR.L,Vanguard FTSE Global All Cp Idx £ Acc - 0P00018XAR.L (VAFTGAG),2018-04-13,111.49109649658203
Vanguard,0P00018XAR.L,Vanguard FTSE Global All Cp Idx £ Acc - 0P00018XAR.L (VAFTGAG),2018-04-14,111.49109649658203
Vanguard,0P00018XAR.L,Vanguard FTSE Global All Cp Idx £ Acc - 0P00018XAR.L (VAFTGAG),2018-04-15,111.49109649658203
Vanguard,0P00018XAR.L,Vanguard FTSE Global All Cp Idx £ Acc - 0P00018XAR.L (VAFTGAG),2018-04-16,111.3187026977539
Vanguard,0P00018XAR.L,Vanguard FTSE Global All Cp Idx £ Acc - 0P00018XAR.L (VAFTGAG),2018-04-17,112.24700164794922
Vanguard,0P00018XAR.L,Vanguard FTSE Global All Cp Idx £ Acc - 0P00018XAR.L (VAFTGAG),2018-04-18,113.31069946289062
Vanguard,0P00018XAR.L,Vanguard FTSE Global All Cp Idx £ Acc - 0P00018XAR.L (VAFTGAG),2018-04-19,113.14450073242188
Vanguard,0P00018XAR.L,Vanguard FTSE Global All Cp Idx £ Acc - 0P00018XAR.L (VAFTGAG),2018-04-20,113.81839752197266
Vanguard,0P00018XAR.L,Vanguard FTSE Global All Cp Idx £ Acc - 0P00018XAR.L (VAFTGAG),2018-04-21,113.81839752197266
Vanguard,0P00018XAR.L,Vanguard FTSE Global All Cp Idx £ Acc - 0P00018XAR.L (VAFTGAG),2018-04-22,113.81839752197266
Vanguard,0P00018XAR.L,Vanguard FTSE Global All Cp Idx £ Acc - 0P00018XAR.L (VAFTGAG),2018-04-23,114.17430114746094
Vanguard,0P00018XAR.L,Vanguard FTSE Global All Cp Idx £ Acc - 0P00018XAR.L (VAFTGAG),2018-04-24,113.29779815673828
Vanguard,0P00018XAR.L,Vanguard FTSE Global All Cp Idx £ Acc - 0P00018XAR.L (VAFTGAG),2018-04-25,113.12740325927734
Vanguard,0P00018XAR.L,Vanguard FTSE Global All Cp Idx £ Acc - 0P00018XAR.L (VAFTGAG),2018-04-26,113.90699768066406
Vanguard,0P00018XAR.L,Vanguard FTSE Global All Cp Idx £ Acc - 0P00018XAR.L (VAFTGAG),2018-04-27,115.34049987792969
Vanguard,0P00018XAR.L,Vanguard FTSE Global All Cp Idx £ Acc - 0P00018XAR.L (VAFTGAG),2018-04-28,115.34049987792969
Vanguard,0P00018XAR.L,Vanguard FTSE Global All Cp Idx £ Acc - 0P00018XAR.L (VAFTGAG),2018-04-29,115.34049987792969
Vanguard,0P00018XAR.L,Vanguard FTSE Global All Cp Idx £ Acc - 0P00018XAR.L (VAFTGAG),2018-04-30,115.17289733886719
Vanguard,0P00018XAR.L,Vanguard FTSE Global All Cp Idx £ Acc - 0P00018XAR.L (VAFTGAG),2018-05-01,116.46099853515625
Vanguard,0P00018XAR.L,Vanguard FTSE Global All Cp Idx £ Acc - 0P00018XAR.L (VAFTGAG),2018-05-02,116.11640167236328
Vanguard,0P00018XAR.L,Vanguard FTSE Global All Cp Idx £ Acc - 0P00018XAR.L (VAFTGAG),2018-05-03,116.23680114746094
Vanguard,0P00018XAR.L,Vanguard FTSE Global All Cp Idx £ Acc - 0P00018XAR.L (VAFTGAG),2018-05-04,117.30899810791016
Vanguard,0P00018XAR.L,Vanguard FTSE Global All Cp Idx £ Acc - 0P00018XAR.L (VAFTGAG),2018-05-05,117.30899810791016
Vanguard,0P00018XAR.L,Vanguard FTSE Global All Cp Idx £ Acc - 0P00018XAR.L (VAFTGAG),2018-05-06,117.30899810791016
Vanguard,0P00018XAR.L,Vanguard FTSE Global All Cp Idx £ Acc - 0P00018XAR.L (VAFTGAG),2018-05-07,117.30899810791016
Vanguard,0P00018XAR.L,Vanguard FTSE Global All Cp Idx £ Acc - 0P00018XAR.L (VAFTGAG),2018-05-08,117.7218017578125
Vanguard,0P00018XAR.L,Vanguard FTSE Global All Cp Idx £ Acc - 0P00018XAR.L (VAFTGAG),2018-05-09,117.92680358886719
Vanguard,0P00018XAR.L,Vanguard FTSE Global All Cp Idx £ Acc - 0P00018XAR.L (VAFTGAG),2018-05-10,119.72840118408203
Vanguard,0P00018XAR.L,Vanguard FTSE Global All Cp Idx £ Acc - 0P00018XAR.L (VAFTGAG),2018-05-11,119.5458984375
Vanguard,0P00018XAR.L,Vanguard FTSE Global All Cp Idx £ Acc - 0P00018XAR.L (VAFTGAG),2018-05-12,119.5458984375
Vanguard,0P00018XAR.L,Vanguard FTSE Global All Cp Idx £ Acc - 0P00018XAR.L (VAFTGAG),2018-05-13,119.5458984375
Vanguard,0P00018XAR.L,Vanguard FTSE Global All Cp Idx £ Acc - 0P00018XAR.L (VAFTGAG),2018-05-14,119.41449737548828
Vanguard,0P00018XAR.L,Vanguard FTSE Global All Cp Idx £ Acc - 0P00018XAR.L (VAFTGAG),2018-05-15,119.31900024414062
Vanguard,0P00018XAR.L,Vanguard FTSE Global All Cp Idx £ Acc - 0P00018XAR.L (VAFTGAG),2018-05-16,119.67410278320312
Vanguard,0P00018XAR.L,Vanguard FTSE Global All Cp Idx £ Acc - 0P00018XAR.L (VAFTGAG),2018-05-17,119.55580139160156
Vanguard,0P00018XAR.L,Vanguard FTSE Global All Cp Idx £ Acc - 0P00018XAR.L (VAFTGAG),2018-05-18,119.56400299072266
Vanguard,0P00018XAR.L,Vanguard FTSE Global All Cp Idx £ Acc - 0P00018XAR.L (VAFTGAG),2018-05-19,119.56400299072266
Vanguard,0P00018XAR.L,Vanguard FTSE Global All Cp Idx £ Acc - 0P00018XAR.L (VAFTGAG),2018-05-20,119.56400299072266
Vanguard,0P00018XAR.L,Vanguard FTSE Global All Cp Idx £ Acc - 0P00018XAR.L (VAFTGAG),2018-05-21,120.67389678955078
Vanguard,0P00018XAR.L,Vanguard FTSE Global All Cp Idx £ Acc - 0P00018XAR.L (VAFTGAG),2018-05-22,120.52639770507812
Vanguard,0P00018XAR.L,Vanguard FTSE Global All Cp Idx £ Acc - 0P00018XAR.L (VAFTGAG),2018-05-23,120.82649993896484
Vanguard,0P00018XAR.L,Vanguard FTSE Global All Cp Idx £ Acc - 0P00018XAR.L (VAFTGAG),2018-05-24,120.33719635009766
Vanguard,0P00018XAR.L,Vanguard FTSE Global All Cp Idx £ Acc - 0P00018XAR.L (VAFTGAG),2018-05-25,120.57749938964844
Vanguard,0P00018XAR.L,Vanguard FTSE Global All Cp Idx £ Acc - 0P00018XAR.L (VAFTGAG),2018-05-26,120.57749938964844
Vanguard,0P00018XAR.L,Vanguard FTSE Global All Cp Idx £ Acc - 0P00018XAR.L (VAFTGAG),2018-05-27,120.57749938964844
Vanguard,0P00018XAR.L,Vanguard FTSE Global All Cp Idx £ Acc - 0P00018XAR.L (VAFTGAG),2018-05-28,120.57749938964844
Vanguard,0P00018XAR.L,Vanguard FTSE Global All Cp Idx £ Acc - 0P00018XAR.L (VAFTGAG),2018-05-29,119.53579711914062
Vanguard,0P00018XAR.L,Vanguard FTSE Global All Cp Idx £ Acc - 0P00018XAR.L (VAFTGAG),2018-05-30,120.26180267333984
Vanguard,0P00018XAR.L,Vanguard FTSE Global All Cp Idx £ Acc - 0P00018XAR.L (VAFTGAG),2018-05-31,119.71289825439453
Vanguard,0P00018XAR.L,Vanguard FTSE Global All Cp Idx £ Acc - 0P00018XAR.L (VAFTGAG),2018-06-01,120.40660095214844
Vanguard,0P00018XAR.L,Vanguard FTSE Global All Cp Idx £ Acc - 0P00018XAR.L (VAFTGAG),2018-06-02,120.40660095214844
Vanguard,0P00018XAR.L,Vanguard FTSE Global All Cp Idx £ Acc - 0P00018XAR.L (VAFTGAG),2018-06-03,120.40660095214844
Vanguard,0P00018XAR.L,Vanguard FTSE Global All Cp Idx £ Acc - 0P00018XAR.L (VAFTGAG),2018-06-04,121.22000122070312
Vanguard,0P00018XAR.L,Vanguard FTSE Global All Cp Idx £ Acc - 0P00018XAR.L (VAFTGAG),2018-06-05,121.02950286865234
Vanguard,0P00018XAR.L,Vanguard FTSE Global All Cp Idx £ Acc - 0P00018XAR.L (VAFTGAG),2018-06-06,121.20429992675781
Vanguard,0P00018XAR.L,Vanguard FTSE Global All Cp Idx £ Acc - 0P00018XAR.L (VAFTGAG),2018-06-07,121.32959747314453
Vanguard,0P00018XAR.L,Vanguard FTSE Global All Cp Idx £ Acc - 0P00018XAR.L (VAFTGAG),2018-06-08,121.34239959716797
Vanguard,0P00018XAR.L,Vanguard FTSE Global All Cp Idx £ Acc - 0P00018XAR.L (VAFTGAG),2018-06-09,121.34239959716797
Vanguard,0P00018XAR.L,Vanguard FTSE Global All Cp Idx £ Acc - 0P00018XAR.L (VAFTGAG),2018-06-10,121.34239959716797
Vanguard,0P00018XAR.L,Vanguard FTSE Global All Cp Idx £ Acc - 0P00018XAR.L (VAFTGAG),2018-06-11,121.806396484375
Vanguard,0P00018XAR.L,Vanguard FTSE Global All Cp Idx £ Acc - 0P00018XAR.L (VAFTGAG),2018-06-12,122.25910186767578
Vanguard,0P00018XAR.L,Vanguard FTSE Global All Cp Idx £ Acc - 0P00018XAR.L (VAFTGAG),2018-06-13,121.80370330810547
Vanguard,0P00018XAR.L,Vanguard FTSE Global All Cp Idx £ Acc - 0P00018XAR.L (VAFTGAG),2018-06-14,122.0927963256836
Vanguard,0P00018XAR.L,Vanguard FTSE Global All Cp Idx £ Acc - 0P00018XAR.L (VAFTGAG),2018-06-15,121.93730163574219
Vanguard,0P00018XAR.L,Vanguard FTSE Global All Cp Idx £ Acc - 0P00018XAR.L (VAFTGAG),2018-06-16,121.93730163574219
Vanguard,0P00018XAR.L,Vanguard FTSE Global All Cp Idx £ Acc - 0P00018XAR.L (VAFTGAG),2018-06-17,121.93730163574219
Vanguard,0P00018XAR.L,Vanguard FTSE Global All Cp Idx £ Acc - 0P00018XAR.L (VAFTGAG),2018-06-18,121.88089752197266
Vanguard,0P00018XAR.L,Vanguard FTSE Global All Cp Idx £ Acc - 0P00018XAR.L (VAFTGAG),2018-06-19,121.56500244140625
Vanguard,0P00018XAR.L,Vanguard FTSE Global All Cp Idx £ Acc - 0P00018XAR.L (VAFTGAG),2018-06-20,121.97560119628906
Vanguard,0P00018XAR.L,Vanguard FTSE Global All Cp Idx £ Acc - 0P00018XAR.L (VAFTGAG),2018-06-21,120.45359802246094
Vanguard,0P00018XAR.L,Vanguard FTSE Global All Cp Idx £ Acc - 0P00018XAR.L (VAFTGAG),2018-06-22,120.85639953613281
Vanguard,0P00018XAR.L,Vanguard FTSE Global All Cp Idx £ Acc - 0P00018XAR.L (VAFTGAG),2018-06-23,120.85639953613281
Vanguard,0P00018XAR.L,Vanguard FTSE Global All Cp Idx £ Acc - 0P00018XAR.L (VAFTGAG),2018-06-24,120.85639953613281
Vanguard,0P00018XAR.L,Vanguard FTSE Global All Cp Idx £ Acc - 0P00018XAR.L (VAFTGAG),2018-06-25,119.22840118408203
Vanguard,0P00018XAR.L,Vanguard FTSE Global All Cp Idx £ Acc - 0P00018XAR.L (VAFTGAG),2018-06-26,119.6395034790039
Vanguard,0P00018XAR.L,Vanguard FTSE Global All Cp Idx £ Acc - 0P00018XAR.L (VAFTGAG),2018-06-27,119.57080078125
Vanguard,0P00018XAR.L,Vanguard FTSE Global All Cp Idx £ Acc - 0P00018XAR.L (VAFTGAG),2018-06-28,120.1488037109375
Vanguard,0P00018XAR.L,Vanguard FTSE Global All Cp Idx £ Acc - 0P00018XAR.L (VAFTGAG),2018-06-29,119.9406967163086
Vanguard,0P00018XAR.L,Vanguard FTSE Global All Cp Idx £ Acc - 0P00018XAR.L (VAFTGAG),2018-06-30,119.9406967163086
Vanguard,0P00018XAR.L,Vanguard FTSE Global All Cp Idx £ Acc - 0P00018XAR.L (VAFTGAG),2018-07-01,119.9406967163086
Vanguard,0P00018XAR.L,Vanguard FTSE Global All Cp Idx £ Acc - 0P00018XAR.L (VAFTGAG),2018-07-02,120.12059783935547
Vanguard,0P00018XAR.L,Vanguard FTSE Global All Cp Idx £ Acc - 0P00018XAR.L (VAFTGAG),2018-07-03,119.69519805908203
Vanguard,0P00018XAR.L,Vanguard FTSE Global All Cp Idx £ Acc - 0P00018XAR.L (VAFTGAG),2018-07-04,119.2968978881836
Vanguard,0P00018XAR.L,Vanguard FTSE Global All Cp Idx £ Acc - 0P00018XAR.L (VAFTGAG),2018-07-05,119.9021987915039
Vanguard,0P00018XAR.L,Vanguard FTSE Global All Cp Idx £ Acc - 0P00018XAR.L (VAFTGAG),2018-07-06,120.4303970336914
Vanguard,0P00018XAR.L,Vanguard FTSE Global All Cp Idx £ Acc - 0P00018XAR.L (VAFTGAG),2018-07-07,120.4303970336914
Vanguard,0P00018XAR.L,Vanguard FTSE Global All Cp Idx £ Acc - 0P00018XAR.L (VAFTGAG),2018-07-08,120.4303970336914
Vanguard,0P00018XAR.L,Vanguard FTSE Global All Cp Idx £ Acc - 0P00018XAR.L (VAFTGAG),2018-07-09,121.65879821777344
Vanguard,0P00018XAR.L,Vanguard FTSE Global All Cp Idx £ Acc - 0P00018XAR.L (VAFTGAG),2018-07-10,121.81849670410156
Vanguard,0P00018XAR.L,Vanguard FTSE Global All Cp Idx £ Acc - 0P00018XAR.L (VAFTGAG),2018-07-11,120.881103515625
Vanguard,0P00018XAR.L,Vanguard FTSE Global All Cp Idx £ Acc - 0P00018XAR.L (VAFTGAG),2018-07-12,121.81999969482422
Vanguard,0P00018XAR.L,Vanguard FTSE Global All Cp Idx £ Acc - 0P00018XAR.L (VAFTGAG),2018-07-13,122.27970123291016
Vanguard,0P00018XAR.L,Vanguard FTSE Global All Cp Idx £ Acc - 0P00018XAR.L (VAFTGAG),2018-07-14,122.27970123291016
Vanguard,0P00018XAR.L,Vanguard FTSE Global All Cp Idx £ Acc - 0P00018XAR.L (VAFTGAG),2018-07-15,122.27970123291016
Vanguard,0P00018XAR.L,Vanguard FTSE Global All Cp Idx £ Acc - 0P00018XAR.L (VAFTGAG),2018-07-16,121.82769775390625
Vanguard,0P00018XAR.L,Vanguard FTSE Global All Cp Idx £ Acc - 0P00018XAR.L (VAFTGAG),2018-07-17,122.77159881591797
Vanguard,0P00018XAR.L,Vanguard FTSE Global All Cp Idx £ Acc - 0P00018XAR.L (VAFTGAG),2018-07-18,124.01200103759766
Vanguard,0P00018XAR.L,Vanguard FTSE Global All Cp Idx £ Acc - 0P00018XAR.L (VAFTGAG),2018-07-19,124.02439880371094
Vanguard,0P00018XAR.L,Vanguard FTSE Global All Cp Idx £ Acc - 0P00018XAR.L (VAFTGAG),2018-07-20,123.41419982910156
Vanguard,0P00018XAR.L,Vanguard FTSE Global All Cp Idx £ Acc - 0P00018XAR.L (VAFTGAG),2018-07-21,123.41419982910156
Vanguard,0P00018XAR.L,Vanguard FTSE Global All Cp Idx £ Acc - 0P00018XAR.L (VAFTGAG),2018-07-22,123.41419982910156
Vanguard,0P00018XAR.L,Vanguard FTSE Global All Cp Idx £ Acc - 0P00018XAR.L (VAFTGAG),2018-07-23,123.25550079345703
Vanguard,0P00018XAR.L,Vanguard FTSE Global All Cp Idx £ Acc - 0P00018XAR.L (VAFTGAG),2018-07-24,123.5199966430664
Vanguard,0P00018XAR.L,Vanguard FTSE Global All Cp Idx £ Acc - 0P00018XAR.L (VAFTGAG),2018-07-25,124.17230224609375
Vanguard,0P00018XAR.L,Vanguard FTSE Global All Cp Idx £ Acc - 0P00018XAR.L (VAFTGAG),2018-07-26,124.26419830322266
Vanguard,0P00018XAR.L,Vanguard FTSE Global All Cp Idx £ Acc - 0P00018XAR.L (VAFTGAG),2018-07-27,124.19139862060547
Vanguard,0P00018XAR.L,Vanguard FTSE Global All Cp Idx £ Acc - 0P00018XAR.L (VAFTGAG),2018-07-28,124.19139862060547
Vanguard,0P00018XAR.L,Vanguard FTSE Global All Cp Idx £ Acc - 0P00018XAR.L (VAFTGAG),2018-07-29,124.19139862060547
Vanguard,0P00018XAR.L,Vanguard FTSE Global All Cp Idx £ Acc - 0P00018XAR.L (VAFTGAG),2018-07-30,123.55670166015625
Vanguard,0P00018XAR.L,Vanguard FTSE Global All Cp Idx £ Acc - 0P00018XAR.L (VAFTGAG),2018-07-31,124.0447006225586
Vanguard,0P00018XAR.L,Vanguard FTSE Global All Cp Idx £ Acc - 0P00018XAR.L (VAFTGAG),2018-08-01,123.83260345458984
Vanguard,0P00018XAR.L,Vanguard FTSE Global All Cp Idx £ Acc - 0P00018XAR.L (VAFTGAG),2018-08-02,124.38909912109375
Vanguard,0P00018XAR.L,Vanguard FTSE Global All Cp Idx £ Acc - 0P00018XAR.L (VAFTGAG),2018-08-03,124.95069885253906
Vanguard,0P00018XAR.L,Vanguard FTSE Global All Cp Idx £ Acc - 0P00018XAR.L (VAFTGAG),2018-08-04,124.95069885253906
Vanguard,0P00018XAR.L,Vanguard FTSE Global All Cp Idx £ Acc - 0P00018XAR.L (VAFTGAG),2018-08-05,124.95069885253906
Vanguard,0P00018XAR.L,Vanguard FTSE Global All Cp Idx £ Acc - 0P00018XAR.L (VAFTGAG),2018-08-06,125.79299926757812
Vanguard,0P00018XAR.L,Vanguard FTSE Global All Cp Idx £ Acc - 0P00018XAR.L (VAFTGAG),2018-08-07,126.2354965209961
Vanguard,0P00018XAR.L,Vanguard FTSE Global All Cp Idx £ Acc - 0P00018XAR.L (VAFTGAG),2018-08-08,126.881103515625
Vanguard,0P00018XAR.L,Vanguard FTSE Global All Cp Idx £ Acc - 0P00018XAR.L (VAFTGAG),2018-08-09,126.97460174560547
Vanguard,0P00018XAR.L,Vanguard FTSE Global All Cp Idx £ Acc - 0P00018XAR.L (VAFTGAG),2018-08-10,126.48490142822266
Vanguard,0P00018XAR.L,Vanguard FTSE Global All Cp Idx £ Acc - 0P00018XAR.L (VAFTGAG),2018-08-11,126.48490142822266
Vanguard,0P00018XAR.L,Vanguard FTSE Global All Cp Idx £ Acc - 0P00018XAR.L (VAFTGAG),2018-08-12,126.48490142822266
Vanguard,0P00018XAR.L,Vanguard FTSE Global All Cp Idx £ Acc - 0P00018XAR.L (VAFTGAG),2018-08-13,125.52909851074219
Vanguard,0P00018XAR.L,Vanguard FTSE Global All Cp Idx £ Acc - 0P00018XAR.L (VAFTGAG),2018-08-14,126.32219696044922
Vanguard,0P00018XAR.L,Vanguard FTSE Global All Cp Idx £ Acc - 0P00018XAR.L (VAFTGAG),2018-08-15,125.71150207519531
Vanguard,0P00018XAR.L,Vanguard FTSE Global All Cp Idx £ Acc - 0P00018XAR.L (VAFTGAG),2018-08-16,125.95980072021484
Vanguard,0P00018XAR.L,Vanguard FTSE Global All Cp Idx £ Acc - 0P00018XAR.L (VAFTGAG),2018-08-17,126.23380279541016
Vanguard,0P00018XAR.L,Vanguard FTSE Global All Cp Idx £ Acc - 0P00018XAR.L (VAFTGAG),2018-08-18,126.23380279541016
Vanguard,0P00018XAR.L,Vanguard FTSE Global All Cp Idx £ Acc - 0P00018XAR.L (VAFTGAG),2018-08-19,126.23380279541016
Vanguard,0P00018XAR.L,Vanguard FTSE Global All Cp Idx £ Acc - 0P00018XAR.L (VAFTGAG),2018-08-20,126.42659759521484
Vanguard,0P00018XAR.L,Vanguard FTSE Global All Cp Idx £ Acc - 0P00018XAR.L (VAFTGAG),2018-08-21,126.14520263671875
Vanguard,0P00018XAR.L,Vanguard FTSE Global All Cp Idx £ Acc - 0P00018XAR.L (VAFTGAG),2018-08-22,125.98090362548828
Vanguard,0P00018XAR.L,Vanguard FTSE Global All Cp Idx £ Acc - 0P00018XAR.L (VAFTGAG),2018-08-23,126.32669830322266
Vanguard,0P00018XAR.L,Vanguard FTSE Global All Cp Idx £ Acc - 0P00018XAR.L (VAFTGAG),2018-08-24,126.77230072021484
Vanguard,0P00018XAR.L,Vanguard FTSE Global All Cp Idx £ Acc - 0P00018XAR.L (VAFTGAG),2018-08-25,126.77230072021484
Vanguard,0P00018XAR.L,Vanguard FTSE Global All Cp Idx £ Acc - 0P00018XAR.L (VAFTGAG),2018-08-26,126.77230072021484
Vanguard,0P00018XAR.L,Vanguard FTSE Global All Cp Idx £ Acc - 0P00018XAR.L (VAFTGAG),2018-08-27,126.77230072021484
Vanguard,0P00018XAR.L,Vanguard FTSE Global All Cp Idx £ Acc - 0P00018XAR.L (VAFTGAG),2018-08-28,127.87640380859375
Vanguard,0P00018XAR.L,Vanguard FTSE Global All Cp Idx £ Acc - 0P00018XAR.L (VAFTGAG),2018-08-29,127.15809631347656
Vanguard,0P00018XAR.L,Vanguard FTSE Global All Cp Idx £ Acc - 0P00018XAR.L (VAFTGAG),2018-08-30,126.4385986328125
Vanguard,0P00018XAR.L,Vanguard FTSE Global All Cp Idx £ Acc - 0P00018XAR.L (VAFTGAG),2018-08-31,126.2468032836914
Vanguard,0P00018XAR.L,Vanguard FTSE Global All Cp Idx £ Acc - 0P00018XAR.L (VAFTGAG),2018-09-01,126.2468032836914
Vanguard,0P00018XAR.L,Vanguard FTSE Global All Cp Idx £ Acc - 0P00018XAR.L (VAFTGAG),2018-09-02,126.2468032836914
Vanguard,0P00018XAR.L,Vanguard FTSE Global All Cp Idx £ Acc - 0P00018XAR.L (VAFTGAG),2018-09-03,127.05049896240234
Vanguard,0P00018XAR.L,Vanguard FTSE Global All Cp Idx £ Acc - 0P00018XAR.L (VAFTGAG),2018-09-04,127.00199890136719
Vanguard,0P00018XAR.L,Vanguard FTSE Global All Cp Idx £ Acc - 0P00018XAR.L (VAFTGAG),2018-09-05,125.05490112304688
Vanguard,0P00018XAR.L,Vanguard FTSE Global All Cp Idx £ Acc - 0P00018XAR.L (VAFTGAG),2018-09-06,124.64600372314453
Vanguard,0P00018XAR.L,Vanguard FTSE Global All Cp Idx £ Acc - 0P00018XAR.L (VAFTGAG),2018-09-07,124.3396987915039
Vanguard,0P00018XAR.L,Vanguard FTSE Global All Cp Idx £ Acc - 0P00018XAR.L (VAFTGAG),2018-09-08,124.3396987915039
Vanguard,0P00018XAR.L,Vanguard FTSE Global All Cp Idx £ Acc - 0P00018XAR.L (VAFTGAG),2018-09-09,124.3396987915039
Vanguard,0P00018XAR.L,Vanguard FTSE Global All Cp Idx £ Acc - 0P00018XAR.L (VAFTGAG),2018-09-10,123.79609680175781
Vanguard,0P00018XAR.L,Vanguard FTSE Global All Cp Idx £ Acc - 0P00018XAR.L (VAFTGAG),2018-09-11,124.13629913330078
Vanguard,0P00018XAR.L,Vanguard FTSE Global All Cp Idx £ Acc - 0P00018XAR.L (VAFTGAG),2018-09-12,124.19509887695312
Vanguard,0P00018XAR.L,Vanguard FTSE Global All Cp Idx £ Acc - 0P00018XAR.L (VAFTGAG),2018-09-13,124.16439819335938
Vanguard,0P00018XAR.L,Vanguard FTSE Global All Cp Idx £ Acc - 0P00018XAR.L (VAFTGAG),2018-09-14,124.71869659423828
Vanguard,0P00018XAR.L,Vanguard FTSE Global All Cp Idx £ Acc - 0P00018XAR.L (VAFTGAG),2018-09-15,124.71869659423828
Vanguard,0P00018XAR.L,Vanguard FTSE Global All Cp Idx £ Acc - 0P00018XAR.L (VAFTGAG),2018-09-16,124.71869659423828
Vanguard,0P00018XAR.L,Vanguard FTSE Global All Cp Idx £ Acc - 0P00018XAR.L (VAFTGAG),2018-09-17,123.50789642333984
Vanguard,0P00018XAR.L,Vanguard FTSE Global All Cp Idx £ Acc - 0P00018XAR.L (VAFTGAG),2018-09-18,124.14959716796875
Vanguard,0P00018XAR.L,Vanguard FTSE Global All Cp Idx £ Acc - 0P00018XAR.L (VAFTGAG),2018-09-19,124.53399658203125
Vanguard,0P00018XAR.L,Vanguard FTSE Global All Cp Idx £ Acc - 0P00018XAR.L (VAFTGAG),2018-09-20,124.57730102539062
Vanguard,0P00018XAR.L,Vanguard FTSE Global All Cp Idx £ Acc - 0P00018XAR.L (VAFTGAG),2018-09-21,126.3905029296875
Vanguard,0P00018XAR.L,Vanguard FTSE Global All Cp Idx £ Acc - 0P00018XAR.L (VAFTGAG),2018-09-22,126.3905029296875
Vanguard,0P00018XAR.L,Vanguard FTSE Global All Cp Idx £ Acc - 0P00018XAR.L (VAFTGAG),2018-09-23,126.3905029296875
Vanguard,0P00018XAR.L,Vanguard FTSE Global All Cp Idx £ Acc - 0P00018XAR.L (VAFTGAG),2018-09-24,125.50659942626953
Vanguard,0P00018XAR.L,Vanguard FTSE Global All Cp Idx £ Acc - 0P00018XAR.L (VAFTGAG),2018-09-25,125.38159942626953
Vanguard,0P00018XAR.L,Vanguard FTSE Global All Cp Idx £ Acc - 0P00018XAR.L (VAFTGAG),2018-09-26,125.0010986328125
Vanguard,0P00018XAR.L,Vanguard FTSE Global All Cp Idx £ Acc - 0P00018XAR.L (VAFTGAG),2018-09-27,125.6229019165039
Vanguard,0P00018XAR.L,Vanguard FTSE Global All Cp Idx £ Acc - 0P00018XAR.L (VAFTGAG),2018-09-28,126.11360168457031
Vanguard,0P00018XAR.L,Vanguard FTSE Global All Cp Idx £ Acc - 0P00018XAR.L (VAFTGAG),2018-09-29,126.11360168457031
Vanguard,0P00018XAR.L,Vanguard FTSE Global All Cp Idx £ Acc - 0P00018XAR.L (VAFTGAG),2018-09-30,126.11360168457031
Vanguard,0P00018XAR.L,Vanguard FTSE Global All Cp Idx £ Acc - 0P00018XAR.L (VAFTGAG),2018-10-01,126.15049743652344
Vanguard,0P00018XAR.L,Vanguard FTSE Global All Cp Idx £ Acc - 0P00018XAR.L (VAFTGAG),2018-10-02,126.28199768066406
Vanguard,0P00018XAR.L,Vanguard FTSE Global All Cp Idx £ Acc - 0P00018XAR.L (VAFTGAG),2018-10-03,126.1041030883789
Vanguard,0P00018XAR.L,Vanguard FTSE Global All Cp Idx £ Acc - 0P00018XAR.L (VAFTGAG),2018-10-04,124.5947036743164
Vanguard,0P00018XAR.L,Vanguard FTSE Global All Cp Idx £ Acc - 0P00018XAR.L (VAFTGAG),2018-10-05,123.25879669189453
Vanguard,0P00018XAR.L,Vanguard FTSE Global All Cp Idx £ Acc - 0P00018XAR.L (VAFTGAG),2018-10-06,123.25879669189453
Vanguard,0P00018XAR.L,Vanguard FTSE Global All Cp Idx £ Acc - 0P00018XAR.L (VAFTGAG),2018-10-07,123.25879669189453
Vanguard,0P00018XAR.L,Vanguard FTSE Global All Cp Idx £ Acc - 0P00018XAR.L (VAFTGAG),2018-10-08,122.84960174560547
Vanguard,0P00018XAR.L,Vanguard FTSE Global All Cp Idx £ Acc - 0P00018XAR.L (VAFTGAG),2018-10-09,122.3030014038086
Vanguard,0P00018XAR.L,Vanguard FTSE Global All Cp Idx £ Acc - 0P00018XAR.L (VAFTGAG),2018-10-10,118.73819732666016
Vanguard,0P00018XAR.L,Vanguard FTSE Global All Cp Idx £ Acc - 0P00018XAR.L (VAFTGAG),2018-10-11,116.0531997680664
Vanguard,0P00018XAR.L,Vanguard FTSE Global All Cp Idx £ Acc - 0P00018XAR.L (VAFTGAG),2018-10-12,117.69619750976562
Vanguard,0P00018XAR.L,Vanguard FTSE Global All Cp Idx £ Acc - 0P00018XAR.L (VAFTGAG),2018-10-13,117.69619750976562
Vanguard,0P00018XAR.L,Vanguard FTSE Global All Cp Idx £ Acc - 0P00018XAR.L (VAFTGAG),2018-10-14,117.69619750976562
Vanguard,0P00018XAR.L,Vanguard FTSE Global All Cp Idx £ Acc - 0P00018XAR.L (VAFTGAG),2018-10-15,117.3749008178711
Vanguard,0P00018XAR.L,Vanguard FTSE Global All Cp Idx £ Acc - 0P00018XAR.L (VAFTGAG),2018-10-16,118.7979965209961
Vanguard,0P00018XAR.L,Vanguard FTSE Global All Cp Idx £ Acc - 0P00018XAR.L (VAFTGAG),2018-10-17,119.37879943847656
Vanguard,0P00018XAR.L,Vanguard FTSE Global All Cp Idx £ Acc - 0P00018XAR.L (VAFTGAG),2018-10-18,118.46060180664062
Vanguard,0P00018XAR.L,Vanguard FTSE Global All Cp Idx £ Acc - 0P00018XAR.L (VAFTGAG),2018-10-19,118.5177993774414
Vanguard,0P00018XAR.L,Vanguard FTSE Global All Cp Idx £ Acc - 0P00018XAR.L (VAFTGAG),2018-10-20,118.5177993774414
Vanguard,0P00018XAR.L,Vanguard FTSE Global All Cp Idx £ Acc - 0P00018XAR.L (VAFTGAG),2018-10-21,118.5177993774414
Vanguard,0P00018XAR.L,Vanguard FTSE Global All Cp Idx £ Acc - 0P00018XAR.L (VAFTGAG),2018-10-22,118.8489990234375
Vanguard,0P00018XAR.L,Vanguard FTSE Global All Cp Idx £ Acc - 0P00018XAR.L (VAFTGAG),2018-10-23,117.48660278320312
Vanguard,0P00018XAR.L,Vanguard FTSE Global All Cp Idx £ Acc - 0P00018XAR.L (VAFTGAG),2018-10-24,115.5822982788086
Vanguard,0P00018XAR.L,Vanguard FTSE Global All Cp Idx £ Acc - 0P00018XAR.L (VAFTGAG),2018-10-25,117.26619720458984
Vanguard,0P00018XAR.L,Vanguard FTSE Global All Cp Idx £ Acc - 0P00018XAR.L (VAFTGAG),2018-10-26,115.87590026855469
Vanguard,0P00018XAR.L,Vanguard FTSE Global All Cp Idx £ Acc - 0P00018XAR.L (VAFTGAG),2018-10-27,115.87590026855469
Vanguard,0P00018XAR.L,Vanguard FTSE Global All Cp Idx £ Acc - 0P00018XAR.L (VAFTGAG),2018-10-28,115.87590026855469
Vanguard,0P00018XAR.L,Vanguard FTSE Global All Cp Idx £ Acc - 0P00018XAR.L (VAFTGAG),2018-10-29,115.6260986328125
Vanguard,0P00018XAR.L,Vanguard FTSE Global All Cp Idx £ Acc - 0P00018XAR.L (VAFTGAG),2018-10-30,117.4928970336914
Vanguard,0P00018XAR.L,Vanguard FTSE Global All Cp Idx £ Acc - 0P00018XAR.L (VAFTGAG),2018-10-31,118.58760070800781
Vanguard,0P00018XAR.L,Vanguard FTSE Global All Cp Idx £ Acc - 0P00018XAR.L (VAFTGAG),2018-11-01,118.09120178222656
Vanguard,0P00018XAR.L,Vanguard FTSE Global All Cp Idx £ Acc - 0P00018XAR.L (VAFTGAG),2018-11-02,118.37550354003906
Vanguard,0P00018XAR.L,Vanguard FTSE Global All Cp Idx £ Acc - 0P00018XAR.L (VAFTGAG),2018-11-03,118.37550354003906
Vanguard,0P00018XAR.L,Vanguard FTSE Global All Cp Idx £ Acc - 0P00018XAR.L (VAFTGAG),2018-11-04,118.37550354003906
Vanguard,0P00018XAR.L,Vanguard FTSE Global All Cp Idx £ Acc - 0P00018XAR.L (VAFTGAG),2018-11-05,117.96320343017578
Vanguard,0P00018XAR.L,Vanguard FTSE Global All Cp Idx £ Acc - 0P00018XAR.L (VAFTGAG),2018-11-06,117.92269897460938
Vanguard,0P00018XAR.L,Vanguard FTSE Global All Cp Idx £ Acc - 0P00018XAR.L (VAFTGAG),2018-11-07,119.19869995117188
Vanguard,0P00018XAR.L,Vanguard FTSE Global All Cp Idx £ Acc - 0P00018XAR.L (VAFTGAG),2018-11-08,119.15059661865234
Vanguard,0P00018XAR.L,Vanguard FTSE Global All Cp Idx £ Acc - 0P00018XAR.L (VAFTGAG),2018-11-09,118.8062973022461
Vanguard,0P00018XAR.L,Vanguard FTSE Global All Cp Idx £ Acc - 0P00018XAR.L (VAFTGAG),2018-11-10,118.8062973022461
Vanguard,0P00018XAR.L,Vanguard FTSE Global All Cp Idx £ Acc - 0P00018XAR.L (VAFTGAG),2018-11-11,118.8062973022461
Vanguard,0P00018XAR.L,Vanguard FTSE Global All Cp Idx £ Acc - 0P00018XAR.L (VAFTGAG),2018-11-12,118.37629699707031
Vanguard,0P00018XAR.L,Vanguard FTSE Global All Cp Idx £ Acc - 0P00018XAR.L (VAFTGAG),2018-11-13,117.07209777832031
Vanguard,0P00018XAR.L,Vanguard FTSE Global All Cp Idx £ Acc - 0P00018XAR.L (VAFTGAG),2018-11-14,116.4738998413086
Vanguard,0P00018XAR.L,Vanguard FTSE Global All Cp Idx £ Acc - 0P00018XAR.L (VAFTGAG),2018-11-15,119.22709655761719
Vanguard,0P00018XAR.L,Vanguard FTSE Global All Cp Idx £ Acc - 0P00018XAR.L (VAFTGAG),2018-11-16,119.09700012207031
Vanguard,0P00018XAR.L,Vanguard FTSE Global All Cp Idx £ Acc - 0P00018XAR.L (VAFTGAG),2018-11-17,119.09700012207031
Vanguard,0P00018XAR.L,Vanguard FTSE Global All Cp Idx £ Acc - 0P00018XAR.L (VAFTGAG),2018-11-18,119.09700012207031
Vanguard,0P00018XAR.L,Vanguard FTSE Global All Cp Idx £ Acc - 0P00018XAR.L (VAFTGAG),2018-11-19,117.74019622802734
Vanguard,0P00018XAR.L,Vanguard FTSE Global All Cp Idx £ Acc - 0P00018XAR.L (VAFTGAG),2018-11-20,116.17459869384766
Vanguard,0P00018XAR.L,Vanguard FTSE Global All Cp Idx £ Acc - 0P00018XAR.L (VAFTGAG),2018-11-21,117.10910034179688
Vanguard,0P00018XAR.L,Vanguard FTSE Global All Cp Idx £ Acc - 0P00018XAR.L (VAFTGAG),2018-11-22,116.14969635009766
Vanguard,0P00018XAR.L,Vanguard FTSE Global All Cp Idx £ Acc - 0P00018XAR.L (VAFTGAG),2018-11-23,116.3634033203125
Vanguard,0P00018XAR.L,Vanguard FTSE Global All Cp Idx £ Acc - 0P00018XAR.L (VAFTGAG),2018-11-24,116.3634033203125
Vanguard,0P00018XAR.L,Vanguard FTSE Global All Cp Idx £ Acc - 0P00018XAR.L (VAFTGAG),2018-11-25,116.3634033203125
Vanguard,0P00018XAR.L,Vanguard FTSE Global All Cp Idx £ Acc - 0P00018XAR.L (VAFTGAG),2018-11-26,117.50900268554688
Vanguard,0P00018XAR.L,Vanguard FTSE Global All Cp Idx £ Acc - 0P00018XAR.L (VAFTGAG),2018-11-27,118.30419921875
Vanguard,0P00018XAR.L,Vanguard FTSE Global All Cp Idx £ Acc - 0P00018XAR.L (VAFTGAG),2018-11-28,119.89420318603516
Vanguard,0P00018XAR.L,Vanguard FTSE Global All Cp Idx £ Acc - 0P00018XAR.L (VAFTGAG),2018-11-29,120.0448989868164
Vanguard,0P00018XAR.L,Vanguard FTSE Global All Cp Idx £ Acc - 0P00018XAR.L (VAFTGAG),2018-11-30,120.4989013671875
Vanguard,0P00018XAR.L,Vanguard FTSE Global All Cp Idx £ Acc - 0P00018XAR.L (VAFTGAG),2018-12-01,120.4989013671875
Vanguard,0P00018XAR.L,Vanguard FTSE Global All Cp Idx £ Acc - 0P00018XAR.L (VAFTGAG),2018-12-02,120.4989013671875
Vanguard,0P00018XAR.L,Vanguard FTSE Global All Cp Idx £ Acc - 0P00018XAR.L (VAFTGAG),2018-12-03,122.33380126953125
Vanguard,0P00018XAR.L,Vanguard FTSE Global All Cp Idx £ Acc - 0P00018XAR.L (VAFTGAG),2018-12-04,119.68810272216797
Vanguard,0P00018XAR.L,Vanguard FTSE Global All Cp Idx £ Acc - 0P00018XAR.L (VAFTGAG),2018-12-05,118.95690155029297
Vanguard,0P00018XAR.L,Vanguard FTSE Global All Cp Idx £ Acc - 0P00018XAR.L (VAFTGAG),2018-12-06,117.38639831542969
Vanguard,0P00018XAR.L,Vanguard FTSE Global All Cp Idx £ Acc - 0P00018XAR.L (VAFTGAG),2018-12-07,116.23739624023438
Vanguard,0P00018XAR.L,Vanguard FTSE Global All Cp Idx £ Acc - 0P00018XAR.L (VAFTGAG),2018-12-08,116.23739624023438
Vanguard,0P00018XAR.L,Vanguard FTSE Global All Cp Idx £ Acc - 0P00018XAR.L (VAFTGAG),2018-12-09,116.23739624023438
Vanguard,0P00018XAR.L,Vanguard FTSE Global All Cp Idx £ Acc - 0P00018XAR.L (VAFTGAG),2018-12-10,117.41819763183594
Vanguard,0P00018XAR.L,Vanguard FTSE Global All Cp Idx £ Acc - 0P00018XAR.L (VAFTGAG),2018-12-11,117.5739974975586
Vanguard,0P00018XAR.L,Vanguard FTSE Global All Cp Idx £ Acc - 0P00018XAR.L (VAFTGAG),2018-12-12,117.66310119628906
Vanguard,0P00018XAR.L,Vanguard FTSE Global All Cp Idx £ Acc - 0P00018XAR.L (VAFTGAG),2018-12-13,117.97669982910156
Vanguard,0P00018XAR.L,Vanguard FTSE Global All Cp Idx £ Acc - 0P00018XAR.L (VAFTGAG),2018-12-14,116.69049835205078
Vanguard,0P00018XAR.L,Vanguard FTSE Global All Cp Idx £ Acc - 0P00018XAR.L (VAFTGAG),2018-12-15,116.69049835205078
Vanguard,0P00018XAR.L,Vanguard FTSE Global All Cp Idx £ Acc - 0P00018XAR.L (VAFTGAG),2018-12-16,116.69049835205078
Vanguard,0P00018XAR.L,Vanguard FTSE Global All Cp Idx £ Acc - 0P00018XAR.L (VAFTGAG),2018-12-17,114.64869689941406
Vanguard,0P00018XAR.L,Vanguard FTSE Global All Cp Idx £ Acc - 0P00018XAR.L (VAFTGAG),2018-12-18,114.09329986572266
Vanguard,0P00018XAR.L,Vanguard FTSE Global All Cp Idx £ Acc - 0P00018XAR.L (VAFTGAG),2018-12-19,113.22090148925781
Vanguard,0P00018XAR.L,Vanguard FTSE Global All Cp Idx £ Acc - 0P00018XAR.L (VAFTGAG),2018-12-20,111.61009979248047
Vanguard,0P00018XAR.L,Vanguard FTSE Global All Cp Idx £ Acc - 0P00018XAR.L (VAFTGAG),2018-12-21,109.75170135498047
Vanguard,0P00018XAR.L,Vanguard FTSE Global All Cp Idx £ Acc - 0P00018XAR.L (VAFTGAG),2018-12-22,109.75170135498047
Vanguard,0P00018XAR.L,Vanguard FTSE Global All Cp Idx £ Acc - 0P00018XAR.L (VAFTGAG),2018-12-23,109.75170135498047
Vanguard,0P00018XAR.L,Vanguard FTSE Global All Cp Idx £ Acc - 0P00018XAR.L (VAFTGAG),2018-12-24,107.63480377197266
Vanguard,0P00018XAR.L,Vanguard FTSE Global All Cp Idx £ Acc - 0P00018XAR.L (VAFTGAG),2018-12-25,107.63480377197266
Vanguard,0P00018XAR.L,Vanguard FTSE Global All Cp Idx £ Acc - 0P00018XAR.L (VAFTGAG),2018-12-26,107.63480377197266
Vanguard,0P00018XAR.L,Vanguard FTSE Global All Cp Idx £ Acc - 0P00018XAR.L (VAFTGAG),2018-12-27,111.51210021972656
Vanguard,0P00018XAR.L,Vanguard FTSE Global All Cp Idx £ Acc - 0P00018XAR.L (VAFTGAG),2018-12-28,111.70890045166016
Vanguard,0P00018XAR.L,Vanguard FTSE Global All Cp Idx £ Acc - 0P00018XAR.L (VAFTGAG),2018-12-29,111.70890045166016
Vanguard,0P00018XAR.L,Vanguard FTSE Global All Cp Idx £ Acc - 0P00018XAR.L (VAFTGAG),2018-12-30,111.70890045166016
Vanguard,0P00018XAR.L,Vanguard FTSE Global All Cp Idx £ Acc - 0P00018XAR.L (VAFTGAG),2018-12-31,111.93240356445312
Vanguard,0P00018XAR.L,Vanguard FTSE Global All Cp Idx £ Acc - 0P00018XAR.L (VAFTGAG),2019-01-01,111.93240356445312
Vanguard,0P00018XAR.L,Vanguard FTSE Global All Cp Idx £ Acc - 0P00018XAR.L (VAFTGAG),2019-01-02,112.91410064697266
Vanguard,0P00018XAR.L,Vanguard FTSE Global All Cp Idx £ Acc - 0P00018XAR.L (VAFTGAG),2019-01-03,111.4406967163086
Vanguard,0P00018XAR.L,Vanguard FTSE Global All Cp Idx £ Acc - 0P00018XAR.L (VAFTGAG),2019-01-04,113.24240112304688
Vanguard,0P00018XAR.L,Vanguard FTSE Global All Cp Idx £ Acc - 0P00018XAR.L (VAFTGAG),2019-01-05,113.24240112304688
Vanguard,0P00018XAR.L,Vanguard FTSE Global All Cp Idx £ Acc - 0P00018XAR.L (VAFTGAG),2019-01-06,113.24240112304688
Vanguard,0P00018XAR.L,Vanguard FTSE Global All Cp Idx £ Acc - 0P00018XAR.L (VAFTGAG),2019-01-07,113.9188003540039
Vanguard,0P00018XAR.L,Vanguard FTSE Global All Cp Idx £ Acc - 0P00018XAR.L (VAFTGAG),2019-01-08,115.10330200195312
Vanguard,0P00018XAR.L,Vanguard FTSE Global All Cp Idx £ Acc - 0P00018XAR.L (VAFTGAG),2019-01-09,116.11309814453125
Vanguard,0P00018XAR.L,Vanguard FTSE Global All Cp Idx £ Acc - 0P00018XAR.L (VAFTGAG),2019-01-10,116.20369720458984
Vanguard,0P00018XAR.L,Vanguard FTSE Global All Cp Idx £ Acc - 0P00018XAR.L (VAFTGAG),2019-01-11,115.8114013671875
Vanguard,0P00018XAR.L,Vanguard FTSE Global All Cp Idx £ Acc - 0P00018XAR.L (VAFTGAG),2019-01-12,115.8114013671875
Vanguard,0P00018XAR.L,Vanguard FTSE Global All Cp Idx £ Acc - 0P00018XAR.L (VAFTGAG),2019-01-13,115.8114013671875
Vanguard,0P00018XAR.L,Vanguard FTSE Global All Cp Idx £ Acc - 0P00018XAR.L (VAFTGAG),2019-01-14,114.43229675292969
Vanguard,0P00018XAR.L,Vanguard FTSE Global All Cp Idx £ Acc - 0P00018XAR.L (VAFTGAG),2019-01-15,116.29460144042969
Vanguard,0P00018XAR.L,Vanguard FTSE Global All Cp Idx £ Acc - 0P00018XAR.L (VAFTGAG),2019-01-16,116.06649780273438
Vanguard,0P00018XAR.L,Vanguard FTSE Global All Cp Idx £ Acc - 0P00018XAR.L (VAFTGAG),2019-01-17,116.10379791259766
Vanguard,0P00018XAR.L,Vanguard FTSE Global All Cp Idx £ Acc - 0P00018XAR.L (VAFTGAG),2019-01-18,117.53170013427734
Vanguard,0P00018XAR.L,Vanguard FTSE Global All Cp Idx £ Acc - 0P00018XAR.L (VAFTGAG),2019-01-19,117.53170013427734
Vanguard,0P00018XAR.L,Vanguard FTSE Global All Cp Idx £ Acc - 0P00018XAR.L (VAFTGAG),2019-01-20,117.53170013427734
Vanguard,0P00018XAR.L,Vanguard FTSE Global All Cp Idx £ Acc - 0P00018XAR.L (VAFTGAG),2019-01-21,117.59190368652344
Vanguard,0P00018XAR.L,Vanguard FTSE Global All Cp Idx £ Acc - 0P00018XAR.L (VAFTGAG),2019-01-22,115.831298828125
Vanguard,0P00018XAR.L,Vanguard FTSE Global All Cp Idx £ Acc - 0P00018XAR.L (VAFTGAG),2019-01-23,114.97540283203125
Vanguard,0P00018XAR.L,Vanguard FTSE Global All Cp Idx £ Acc - 0P00018XAR.L (VAFTGAG),2019-01-24,115.45659637451172
Vanguard,0P00018XAR.L,Vanguard FTSE Global All Cp Idx £ Acc - 0P00018XAR.L (VAFTGAG),2019-01-25,115.4916000366211
Vanguard,0P00018XAR.L,Vanguard FTSE Global All Cp Idx £ Acc - 0P00018XAR.L (VAFTGAG),2019-01-26,115.4916000366211
Vanguard,0P00018XAR.L,Vanguard FTSE Global All Cp Idx £ Acc - 0P00018XAR.L (VAFTGAG),2019-01-27,115.4916000366211
Vanguard,0P00018XAR.L,Vanguard FTSE Global All Cp Idx £ Acc - 0P00018XAR.L (VAFTGAG),2019-01-28,114.94560241699219
Vanguard,0P00018XAR.L,Vanguard FTSE Global All Cp Idx £ Acc - 0P00018XAR.L (VAFTGAG),2019-01-29,115.08930206298828
Vanguard,0P00018XAR.L,Vanguard FTSE Global All Cp Idx £ Acc - 0P00018XAR.L (VAFTGAG),2019-01-30,116.88610076904297
Vanguard,0P00018XAR.L,Vanguard FTSE Global All Cp Idx £ Acc - 0P00018XAR.L (VAFTGAG),2019-01-31,117.21330261230469
Vanguard,0P00018XAR.L,Vanguard FTSE Global All Cp Idx £ Acc - 0P00018XAR.L (VAFTGAG),2019-02-01,117.83290100097656
Vanguard,0P00018XAR.L,Vanguard FTSE Global All Cp Idx £ Acc - 0P00018XAR.L (VAFTGAG),2019-02-02,117.83290100097656
Vanguard,0P00018XAR.L,Vanguard FTSE Global All Cp Idx £ Acc - 0P00018XAR.L (VAFTGAG),2019-02-03,117.83290100097656
Vanguard,0P00018XAR.L,Vanguard FTSE Global All Cp Idx £ Acc - 0P00018XAR.L (VAFTGAG),2019-02-04,118.2426986694336
Vanguard,0P00018XAR.L,Vanguard FTSE Global All Cp Idx £ Acc - 0P00018XAR.L (VAFTGAG),2019-02-05,120.36540222167969
Vanguard,0P00018XAR.L,Vanguard FTSE Global All Cp Idx £ Acc - 0P00018XAR.L (VAFTGAG),2019-02-06,119.91539764404297
Vanguard,0P00018XAR.L,Vanguard FTSE Global All Cp Idx £ Acc - 0P00018XAR.L (VAFTGAG),2019-02-07,118.7063980102539
Vanguard,0P00018XAR.L,Vanguard FTSE Global All Cp Idx £ Acc - 0P00018XAR.L (VAFTGAG),2019-02-08,118.5593032836914
Vanguard,0P00018XAR.L,Vanguard FTSE Global All Cp Idx £ Acc - 0P00018XAR.L (VAFTGAG),2019-02-09,118.5593032836914
Vanguard,0P00018XAR.L,Vanguard FTSE Global All Cp Idx £ Acc - 0P00018XAR.L (VAFTGAG),2019-02-10,118.5593032836914
Vanguard,0P00018XAR.L,Vanguard FTSE Global All Cp Idx £ Acc - 0P00018XAR.L (VAFTGAG),2019-02-11,119.37799835205078
Vanguard,0P00018XAR.L,Vanguard FTSE Global All Cp Idx £ Acc - 0P00018XAR.L (VAFTGAG),2019-02-12,120.5365982055664
Vanguard,0P00018XAR.L,Vanguard FTSE Global All Cp Idx £ Acc - 0P00018XAR.L (VAFTGAG),2019-02-13,120.9574966430664
Vanguard,0P00018XAR.L,Vanguard FTSE Global All Cp Idx £ Acc - 0P00018XAR.L (VAFTGAG),2019-02-14,121.69709777832031
Vanguard,0P00018XAR.L,Vanguard FTSE Global All Cp Idx £ Acc - 0P00018XAR.L (VAFTGAG),2019-02-15,121.94529724121094
Vanguard,0P00018XAR.L,Vanguard FTSE Global All Cp Idx £ Acc - 0P00018XAR.L (VAFTGAG),2019-02-16,121.94529724121094
Vanguard,0P00018XAR.L,Vanguard FTSE Global All Cp Idx £ Acc - 0P00018XAR.L (VAFTGAG),2019-02-17,121.94529724121094
Vanguard,0P00018XAR.L,Vanguard FTSE Global All Cp Idx £ Acc - 0P00018XAR.L (VAFTGAG),2019-02-18,121.53479766845703
Vanguard,0P00018XAR.L,Vanguard FTSE Global All Cp Idx £ Acc - 0P00018XAR.L (VAFTGAG),2019-02-19,120.82689666748047
Vanguard,0P00018XAR.L,Vanguard FTSE Global All Cp Idx £ Acc - 0P00018XAR.L (VAFTGAG),2019-02-20,121.11239624023438
Vanguard,0P00018XAR.L,Vanguard FTSE Global All Cp Idx £ Acc - 0P00018XAR.L (VAFTGAG),2019-02-21,120.81069946289062
Vanguard,0P00018XAR.L,Vanguard FTSE Global All Cp Idx £ Acc - 0P00018XAR.L (VAFTGAG),2019-02-22,121.50659942626953
Vanguard,0P00018XAR.L,Vanguard FTSE Global All Cp Idx £ Acc - 0P00018XAR.L (VAFTGAG),2019-02-23,121.50659942626953
Vanguard,0P00018XAR.L,Vanguard FTSE Global All Cp Idx £ Acc - 0P00018XAR.L (VAFTGAG),2019-02-24,121.50659942626953
Vanguard,0P00018XAR.L,Vanguard FTSE Global All Cp Idx £ Acc - 0P00018XAR.L (VAFTGAG),2019-02-25,121.78340148925781
Vanguard,0P00018XAR.L,Vanguard FTSE Global All Cp Idx £ Acc - 0P00018XAR.L (VAFTGAG),2019-02-26,120.12149810791016
Vanguard,0P00018XAR.L,Vanguard FTSE Global All Cp Idx £ Acc - 0P00018XAR.L (VAFTGAG),2019-02-27,119.25599670410156
Vanguard,0P00018XAR.L,Vanguard FTSE Global All Cp Idx £ Acc - 0P00018XAR.L (VAFTGAG),2019-02-28,119.13490295410156
Vanguard,0P00018XAR.L,Vanguard FTSE Global All Cp Idx £ Acc - 0P00018XAR.L (VAFTGAG),2019-03-01,120.21330261230469
Vanguard,0P00018XAR.L,Vanguard FTSE Global All Cp Idx £ Acc - 0P00018XAR.L (VAFTGAG),2019-03-02,120.21330261230469
Vanguard,0P00018XAR.L,Vanguard FTSE Global All Cp Idx £ Acc - 0P00018XAR.L (VAFTGAG),2019-03-03,120.21330261230469
Vanguard,0P00018XAR.L,Vanguard FTSE Global All Cp Idx £ Acc - 0P00018XAR.L (VAFTGAG),2019-03-04,120.59290313720703
Vanguard,0P00018XAR.L,Vanguard FTSE Global All Cp Idx £ Acc - 0P00018XAR.L (VAFTGAG),2019-03-05,120.99720001220703
Vanguard,0P00018XAR.L,Vanguard FTSE Global All Cp Idx £ Acc - 0P00018XAR.L (VAFTGAG),2019-03-06,120.09860229492188
Vanguard,0P00018XAR.L,Vanguard FTSE Global All Cp Idx £ Acc - 0P00018XAR.L (VAFTGAG),2019-03-07,119.39179992675781
Vanguard,0P00018XAR.L,Vanguard FTSE Global All Cp Idx £ Acc - 0P00018XAR.L (VAFTGAG),2019-03-08,119.61219787597656
Vanguard,0P00018XAR.L,Vanguard FTSE Global All Cp Idx £ Acc - 0P00018XAR.L (VAFTGAG),2019-03-09,119.61219787597656
Vanguard,0P00018XAR.L,Vanguard FTSE Global All Cp Idx £ Acc - 0P00018XAR.L (VAFTGAG),2019-03-10,119.61219787597656
Vanguard,0P00018XAR.L,Vanguard FTSE Global All Cp Idx £ Acc - 0P00018XAR.L (VAFTGAG),2019-03-11,120.24210357666016
Vanguard,0P00018XAR.L,Vanguard FTSE Global All Cp Idx £ Acc - 0P00018XAR.L (VAFTGAG),2019-03-12,120.83879852294922
Vanguard,0P00018XAR.L,Vanguard FTSE Global All Cp Idx £ Acc - 0P00018XAR.L (VAFTGAG),2019-03-13,120.22959899902344
Vanguard,0P00018XAR.L,Vanguard FTSE Global All Cp Idx £ Acc - 0P00018XAR.L (VAFTGAG),2019-03-14,119.72859954833984
Vanguard,0P00018XAR.L,Vanguard FTSE Global All Cp Idx £ Acc - 0P00018XAR.L (VAFTGAG),2019-03-15,120.52490234375
Vanguard,0P00018XAR.L,Vanguard FTSE Global All Cp Idx £ Acc - 0P00018XAR.L (VAFTGAG),2019-03-16,120.52490234375
Vanguard,0P00018XAR.L,Vanguard FTSE Global All Cp Idx £ Acc - 0P00018XAR.L (VAFTGAG),2019-03-17,120.52490234375
Vanguard,0P00018XAR.L,Vanguard FTSE Global All Cp Idx £ Acc - 0P00018XAR.L (VAFTGAG),2019-03-18,121.6615982055664
Vanguard,0P00018XAR.L,Vanguard FTSE Global All Cp Idx £ Acc - 0P00018XAR.L (VAFTGAG),2019-03-19,121.38790130615234
Vanguard,0P00018XAR.L,Vanguard FTSE Global All Cp Idx £ Acc - 0P00018XAR.L (VAFTGAG),2019-03-20,121.58470153808594
Vanguard,0P00018XAR.L,Vanguard FTSE Global All Cp Idx £ Acc - 0P00018XAR.L (VAFTGAG),2019-03-21,123.5156021118164
Vanguard,0P00018XAR.L,Vanguard FTSE Global All Cp Idx £ Acc - 0P00018XAR.L (VAFTGAG),2019-03-22,120.26170349121094
Vanguard,0P00018XAR.L,Vanguard FTSE Global All Cp Idx £ Acc - 0P00018XAR.L (VAFTGAG),2019-03-23,120.26170349121094
Vanguard,0P00018XAR.L,Vanguard FTSE Global All Cp Idx £ Acc - 0P00018XAR.L (VAFTGAG),2019-03-24,120.26170349121094
Vanguard,0P00018XAR.L,Vanguard FTSE Global All Cp Idx £ Acc - 0P00018XAR.L (VAFTGAG),2019-03-25,119.8917007446289
Vanguard,0P00018XAR.L,Vanguard FTSE Global All Cp Idx £ Acc - 0P00018XAR.L (VAFTGAG),2019-03-26,120.65059661865234
Vanguard,0P00018XAR.L,Vanguard FTSE Global All Cp Idx £ Acc - 0P00018XAR.L (VAFTGAG),2019-03-27,120.42449951171875
Vanguard,0P00018XAR.L,Vanguard FTSE Global All Cp Idx £ Acc - 0P00018XAR.L (VAFTGAG),2019-03-28,121.5155029296875
Vanguard,0P00018XAR.L,Vanguard FTSE Global All Cp Idx £ Acc - 0P00018XAR.L (VAFTGAG),2019-03-29,122.85700225830078
Vanguard,0P00018XAR.L,Vanguard FTSE Global All Cp Idx £ Acc - 0P00018XAR.L (VAFTGAG),2019-03-30,122.85700225830078
Vanguard,0P00018XAR.L,Vanguard FTSE Global All Cp Idx £ Acc - 0P00018XAR.L (VAFTGAG),2019-03-31,122.85700225830078
Vanguard,0P00018XAR.L,Vanguard FTSE Global All Cp Idx £ Acc - 0P00018XAR.L (VAFTGAG),2019-04-01,123.1980972290039
Vanguard,0P00018XAR.L,Vanguard FTSE Global All Cp Idx £ Acc - 0P00018XAR.L (VAFTGAG),2019-04-02,124.26699829101562
Vanguard,0P00018XAR.L,Vanguard FTSE Global All Cp Idx £ Acc - 0P00018XAR.L (VAFTGAG),2019-04-03,123.78849792480469
Vanguard,0P00018XAR.L,Vanguard FTSE Global All Cp Idx £ Acc - 0P00018XAR.L (VAFTGAG),2019-04-04,124.54630279541016
Vanguard,0P00018XAR.L,Vanguard FTSE Global All Cp Idx £ Acc - 0P00018XAR.L (VAFTGAG),2019-04-05,125.67009735107422
Vanguard,0P00018XAR.L,Vanguard FTSE Global All Cp Idx £ Acc - 0P00018XAR.L (VAFTGAG),2019-04-06,125.67009735107422
Vanguard,0P00018XAR.L,Vanguard FTSE Global All Cp Idx £ Acc - 0P00018XAR.L (VAFTGAG),2019-04-07,125.67009735107422
Vanguard,0P00018XAR.L,Vanguard FTSE Global All Cp Idx £ Acc - 0P00018XAR.L (VAFTGAG),2019-04-08,125.47509765625
Vanguard,0P00018XAR.L,Vanguard FTSE Global All Cp Idx £ Acc - 0P00018XAR.L (VAFTGAG),2019-04-09,125.04460144042969
Vanguard,0P00018XAR.L,Vanguard FTSE Global All Cp Idx £ Acc - 0P00018XAR.L (VAFTGAG),2019-04-10,124.997802734375
Vanguard,0P00018XAR.L,Vanguard FTSE Global All Cp Idx £ Acc - 0P00018XAR.L (VAFTGAG),2019-04-11,124.92040252685547
Vanguard,0P00018XAR.L,Vanguard FTSE Global All Cp Idx £ Acc - 0P00018XAR.L (VAFTGAG),2019-04-12,125.40239715576172
Vanguard,0P00018XAR.L,Vanguard FTSE Global All Cp Idx £ Acc - 0P00018XAR.L (VAFTGAG),2019-04-13,125.40239715576172
Vanguard,0P00018XAR.L,Vanguard FTSE Global All Cp Idx £ Acc - 0P00018XAR.L (VAFTGAG),2019-04-14,125.40239715576172
Vanguard,0P00018XAR.L,Vanguard FTSE Global All Cp Idx £ Acc - 0P00018XAR.L (VAFTGAG),2019-04-15,125.36329650878906
Vanguard,0P00018XAR.L,Vanguard FTSE Global All Cp Idx £ Acc - 0P00018XAR.L (VAFTGAG),2019-04-16,126.12339782714844
Vanguard,0P00018XAR.L,Vanguard FTSE Global All Cp Idx £ Acc - 0P00018XAR.L (VAFTGAG),2019-04-17,126.03679656982422
Vanguard,0P00018XAR.L,Vanguard FTSE Global All Cp Idx £ Acc - 0P00018XAR.L (VAFTGAG),2019-04-18,126.29149627685547
Vanguard,0P00018XAR.L,Vanguard FTSE Global All Cp Idx £ Acc - 0P00018XAR.L (VAFTGAG),2019-04-19,126.29149627685547
Vanguard,0P00018XAR.L,Vanguard FTSE Global All Cp Idx £ Acc - 0P00018XAR.L (VAFTGAG),2019-04-20,126.29149627685547
Vanguard,0P00018XAR.L,Vanguard FTSE Global All Cp Idx £ Acc - 0P00018XAR.L (VAFTGAG),2019-04-21,126.29149627685547
Vanguard,0P00018XAR.L,Vanguard FTSE Global All Cp Idx £ Acc - 0P00018XAR.L (VAFTGAG),2019-04-22,126.29149627685547
Vanguard,0P00018XAR.L,Vanguard FTSE Global All Cp Idx £ Acc - 0P00018XAR.L (VAFTGAG),2019-04-23,127.69409942626953
Vanguard,0P00018XAR.L,Vanguard FTSE Global All Cp Idx £ Acc - 0P00018XAR.L (VAFTGAG),2019-04-24,127.2155990600586
Vanguard,0P00018XAR.L,Vanguard FTSE Global All Cp Idx £ Acc - 0P00018XAR.L (VAFTGAG),2019-04-25,127.37920379638672
Vanguard,0P00018XAR.L,Vanguard FTSE Global All Cp Idx £ Acc - 0P00018XAR.L (VAFTGAG),2019-04-26,127.59410095214844
Vanguard,0P00018XAR.L,Vanguard FTSE Global All Cp Idx £ Acc - 0P00018XAR.L (VAFTGAG),2019-04-27,127.59410095214844
Vanguard,0P00018XAR.L,Vanguard FTSE Global All Cp Idx £ Acc - 0P00018XAR.L (VAFTGAG),2019-04-28,127.59410095214844
Vanguard,0P00018XAR.L,Vanguard FTSE Global All Cp Idx £ Acc - 0P00018XAR.L (VAFTGAG),2019-04-29,127.89309692382812
Vanguard,0P00018XAR.L,Vanguard FTSE Global All Cp Idx £ Acc - 0P00018XAR.L (VAFTGAG),2019-04-30,126.88300323486328
Vanguard,0P00018XAR.L,Vanguard FTSE Global All Cp Idx £ Acc - 0P00018XAR.L (VAFTGAG),2019-05-01,125.92240142822266
Vanguard,0P00018XAR.L,Vanguard FTSE Global All Cp Idx £ Acc - 0P00018XAR.L (VAFTGAG),2019-05-02,126.03289794921875
Vanguard,0P00018XAR.L,Vanguard FTSE Global All Cp Idx £ Acc - 0P00018XAR.L (VAFTGAG),2019-05-03,126.20390319824219
Vanguard,0P00018XAR.L,Vanguard FTSE Global All Cp Idx £ Acc - 0P00018XAR.L (VAFTGAG),2019-05-04,126.20390319824219
Vanguard,0P00018XAR.L,Vanguard FTSE Global All Cp Idx £ Acc - 0P00018XAR.L (VAFTGAG),2019-05-05,126.20390319824219
Vanguard,0P00018XAR.L,Vanguard FTSE Global All Cp Idx £ Acc - 0P00018XAR.L (VAFTGAG),2019-05-06,126.20390319824219
Vanguard,0P00018XAR.L,Vanguard FTSE Global All Cp Idx £ Acc - 0P00018XAR.L (VAFTGAG),2019-05-07,124.42990112304688
Vanguard,0P00018XAR.L,Vanguard FTSE Global All Cp Idx £ Acc - 0P00018XAR.L (VAFTGAG),2019-05-08,124.62699890136719
Vanguard,0P00018XAR.L,Vanguard FTSE Global All Cp Idx £ Acc - 0P00018XAR.L (VAFTGAG),2019-05-09,123.50420379638672
Vanguard,0P00018XAR.L,Vanguard FTSE Global All Cp Idx £ Acc - 0P00018XAR.L (VAFTGAG),2019-05-10,123.8333969116211
Vanguard,0P00018XAR.L,Vanguard FTSE Global All Cp Idx £ Acc - 0P00018XAR.L (VAFTGAG),2019-05-11,123.8333969116211
Vanguard,0P00018XAR.L,Vanguard FTSE Global All Cp Idx £ Acc - 0P00018XAR.L (VAFTGAG),2019-05-12,123.8333969116211
Vanguard,0P00018XAR.L,Vanguard FTSE Global All Cp Idx £ Acc - 0P00018XAR.L (VAFTGAG),2019-05-13,121.92520141601562
Vanguard,0P00018XAR.L,Vanguard FTSE Global All Cp Idx £ Acc - 0P00018XAR.L (VAFTGAG),2019-05-14,123.23090362548828
Vanguard,0P00018XAR.L,Vanguard FTSE Global All Cp Idx £ Acc - 0P00018XAR.L (VAFTGAG),2019-05-15,124.33519744873047
Vanguard,0P00018XAR.L,Vanguard FTSE Global All Cp Idx £ Acc - 0P00018XAR.L (VAFTGAG),2019-05-16,125.83059692382812
Vanguard,0P00018XAR.L,Vanguard FTSE Global All Cp Idx £ Acc - 0P00018XAR.L (VAFTGAG),2019-05-17,125.66560363769531
Vanguard,0P00018XAR.L,Vanguard FTSE Global All Cp Idx £ Acc - 0P00018XAR.L (VAFTGAG),2019-05-18,125.66560363769531
Vanguard,0P00018XAR.L,Vanguard FTSE Global All Cp Idx £ Acc - 0P00018XAR.L (VAFTGAG),2019-05-19,125.66560363769531
Vanguard,0P00018XAR.L,Vanguard FTSE Global All Cp Idx £ Acc - 0P00018XAR.L (VAFTGAG),2019-05-20,124.93289947509766
Vanguard,0P00018XAR.L,Vanguard FTSE Global All Cp Idx £ Acc - 0P00018XAR.L (VAFTGAG),2019-05-21,125.25689697265625
Vanguard,0P00018XAR.L,Vanguard FTSE Global All Cp Idx £ Acc - 0P00018XAR.L (VAFTGAG),2019-05-22,126.16510009765625
Vanguard,0P00018XAR.L,Vanguard FTSE Global All Cp Idx £ Acc - 0P00018XAR.L (VAFTGAG),2019-05-23,124.60040283203125
Vanguard,0P00018XAR.L,Vanguard FTSE Global All Cp Idx £ Acc - 0P00018XAR.L (VAFTGAG),2019-05-24,124.856201171875
Vanguard,0P00018XAR.L,Vanguard FTSE Global All Cp Idx £ Acc - 0P00018XAR.L (VAFTGAG),2019-05-25,124.856201171875
Vanguard,0P00018XAR.L,Vanguard FTSE Global All Cp Idx £ Acc - 0P00018XAR.L (VAFTGAG),2019-05-26,124.856201171875
Vanguard,0P00018XAR.L,Vanguard FTSE Global All Cp Idx £ Acc - 0P00018XAR.L (VAFTGAG),2019-05-27,124.856201171875
Vanguard,0P00018XAR.L,Vanguard FTSE Global All Cp Idx £ Acc - 0P00018XAR.L (VAFTGAG),2019-05-28,124.52890014648438
Vanguard,0P00018XAR.L,Vanguard FTSE Global All Cp Idx £ Acc - 0P00018XAR.L (VAFTGAG),2019-05-29,123.87049865722656
Vanguard,0P00018XAR.L,Vanguard FTSE Global All Cp Idx £ Acc - 0P00018XAR.L (VAFTGAG),2019-05-30,124.47129821777344
Vanguard,0P00018XAR.L,Vanguard FTSE Global All Cp Idx £ Acc - 0P00018XAR.L (VAFTGAG),2019-05-31,123.3656005859375
Vanguard,0P00018XAR.L,Vanguard FTSE Global All Cp Idx £ Acc - 0P00018XAR.L (VAFTGAG),2019-06-01,123.3656005859375
Vanguard,0P00018XAR.L,Vanguard FTSE Global All Cp Idx £ Acc - 0P00018XAR.L (VAFTGAG),2019-06-02,123.3656005859375
Vanguard,0P00018XAR.L,Vanguard FTSE Global All Cp Idx £ Acc - 0P00018XAR.L (VAFTGAG),2019-06-03,123.21309661865234
Vanguard,0P00018XAR.L,Vanguard FTSE Global All Cp Idx £ Acc - 0P00018XAR.L (VAFTGAG),2019-06-04,124.51249694824219
Vanguard,0P00018XAR.L,Vanguard FTSE Global All Cp Idx £ Acc - 0P00018XAR.L (VAFTGAG),2019-06-05,124.88629913330078
Vanguard,0P00018XAR.L,Vanguard FTSE Global All Cp Idx £ Acc - 0P00018XAR.L (VAFTGAG),2019-06-06,125.4437026977539
Vanguard,0P00018XAR.L,Vanguard FTSE Global All Cp Idx £ Acc - 0P00018XAR.L (VAFTGAG),2019-06-07,126.23249816894531
Vanguard,0P00018XAR.L,Vanguard FTSE Global All Cp Idx £ Acc - 0P00018XAR.L (VAFTGAG),2019-06-08,126.23249816894531
Vanguard,0P00018XAR.L,Vanguard FTSE Global All Cp Idx £ Acc - 0P00018XAR.L (VAFTGAG),2019-06-09,126.23249816894531
Vanguard,0P00018XAR.L,Vanguard FTSE Global All Cp Idx £ Acc - 0P00018XAR.L (VAFTGAG),2019-06-10,127.54609680175781
Vanguard,0P00018XAR.L,Vanguard FTSE Global All Cp Idx £ Acc - 0P00018XAR.L (VAFTGAG),2019-06-11,127.62020111083984
Vanguard,0P00018XAR.L,Vanguard FTSE Global All Cp Idx £ Acc - 0P00018XAR.L (VAFTGAG),2019-06-12,127.22360229492188
Vanguard,0P00018XAR.L,Vanguard FTSE Global All Cp Idx £ Acc - 0P00018XAR.L (VAFTGAG),2019-06-13,127.75489807128906
Vanguard,0P00018XAR.L,Vanguard FTSE Global All Cp Idx £ Acc - 0P00018XAR.L (VAFTGAG),2019-06-14,128.06309509277344
Vanguard,0P00018XAR.L,Vanguard FTSE Global All Cp Idx £ Acc - 0P00018XAR.L (VAFTGAG),2019-06-15,128.06309509277344
Vanguard,0P00018XAR.L,Vanguard FTSE Global All Cp Idx £ Acc - 0P00018XAR.L (VAFTGAG),2019-06-16,128.06309509277344
Vanguard,0P00018XAR.L,Vanguard FTSE Global All Cp Idx £ Acc - 0P00018XAR.L (VAFTGAG),2019-06-17,128.5258026123047
Vanguard,0P00018XAR.L,Vanguard FTSE Global All Cp Idx £ Acc - 0P00018XAR.L (VAFTGAG),2019-06-18,129.98770141601562
Vanguard,0P00018XAR.L,Vanguard FTSE Global All Cp Idx £ Acc - 0P00018XAR.L (VAFTGAG),2019-06-19,129.75790405273438
Vanguard,0P00018XAR.L,Vanguard FTSE Global All Cp Idx £ Acc - 0P00018XAR.L (VAFTGAG),2019-06-20,130.4250946044922
Vanguard,0P00018XAR.L,Vanguard FTSE Global All Cp Idx £ Acc - 0P00018XAR.L (VAFTGAG),2019-06-21,130.13450622558594
Vanguard,0P00018XAR.L,Vanguard FTSE Global All Cp Idx £ Acc - 0P00018XAR.L (VAFTGAG),2019-06-22,130.13450622558594
Vanguard,0P00018XAR.L,Vanguard FTSE Global All Cp Idx £ Acc - 0P00018XAR.L (VAFTGAG),2019-06-23,130.13450622558594
Vanguard,0P00018XAR.L,Vanguard FTSE Global All Cp Idx £ Acc - 0P00018XAR.L (VAFTGAG),2019-06-24,129.7895050048828
Vanguard,0P00018XAR.L,Vanguard FTSE Global All Cp Idx £ Acc - 0P00018XAR.L (VAFTGAG),2019-06-25,128.9958038330078
Vanguard,0P00018XAR.L,Vanguard FTSE Global All Cp Idx £ Acc - 0P00018XAR.L (VAFTGAG),2019-06-26,129.1990966796875
Vanguard,0P00018XAR.L,Vanguard FTSE Global All Cp Idx £ Acc - 0P00018XAR.L (VAFTGAG),2019-06-27,129.87649536132812
Vanguard,0P00018XAR.L,Vanguard FTSE Global All Cp Idx £ Acc - 0P00018XAR.L (VAFTGAG),2019-06-28,130.05479431152344
Vanguard,0P00018XAR.L,Vanguard FTSE Global All Cp Idx £ Acc - 0P00018XAR.L (VAFTGAG),2019-06-29,130.05479431152344
Vanguard,0P00018XAR.L,Vanguard FTSE Global All Cp Idx £ Acc - 0P00018XAR.L (VAFTGAG),2019-06-30,130.05479431152344
Vanguard,0P00018XAR.L,Vanguard FTSE Global All Cp Idx £ Acc - 0P00018XAR.L (VAFTGAG),2019-07-01,131.69090270996094
Vanguard,0P00018XAR.L,Vanguard FTSE Global All Cp Idx £ Acc - 0P00018XAR.L (VAFTGAG),2019-07-02,132.58090209960938
Vanguard,0P00018XAR.L,Vanguard FTSE Global All Cp Idx £ Acc - 0P00018XAR.L (VAFTGAG),2019-07-03,133.6450958251953
Vanguard,0P00018XAR.L,Vanguard FTSE Global All Cp Idx £ Acc - 0P00018XAR.L (VAFTGAG),2019-07-04,133.7198944091797
Vanguard,0P00018XAR.L,Vanguard FTSE Global All Cp Idx £ Acc - 0P00018XAR.L (VAFTGAG),2019-07-05,133.94830322265625
Vanguard,0P00018XAR.L,Vanguard FTSE Global All Cp Idx £ Acc - 0P00018XAR.L (VAFTGAG),2019-07-06,133.94830322265625
Vanguard,0P00018XAR.L,Vanguard FTSE Global All Cp Idx £ Acc - 0P00018XAR.L (VAFTGAG),2019-07-07,133.94830322265625
Vanguard,0P00018XAR.L,Vanguard FTSE Global All Cp Idx £ Acc - 0P00018XAR.L (VAFTGAG),2019-07-08,132.99440002441406
Vanguard,0P00018XAR.L,Vanguard FTSE Global All Cp Idx £ Acc - 0P00018XAR.L (VAFTGAG),2019-07-09,133.3885040283203
Vanguard,0P00018XAR.L,Vanguard FTSE Global All Cp Idx £ Acc - 0P00018XAR.L (VAFTGAG),2019-07-10,133.5574951171875
Vanguard,0P00018XAR.L,Vanguard FTSE Global All Cp Idx £ Acc - 0P00018XAR.L (VAFTGAG),2019-07-11,133.4033966064453
Vanguard,0P00018XAR.L,Vanguard FTSE Global All Cp Idx £ Acc - 0P00018XAR.L (VAFTGAG),2019-07-12,133.52940368652344
Vanguard,0P00018XAR.L,Vanguard FTSE Global All Cp Idx £ Acc - 0P00018XAR.L (VAFTGAG),2019-07-13,133.52940368652344
Vanguard,0P00018XAR.L,Vanguard FTSE Global All Cp Idx £ Acc - 0P00018XAR.L (VAFTGAG),2019-07-14,133.52940368652344
Vanguard,0P00018XAR.L,Vanguard FTSE Global All Cp Idx £ Acc - 0P00018XAR.L (VAFTGAG),2019-07-15,134.18960571289062
Vanguard,0P00018XAR.L,Vanguard FTSE Global All Cp Idx £ Acc - 0P00018XAR.L (VAFTGAG),2019-07-16,134.92770385742188
Vanguard,0P00018XAR.L,Vanguard FTSE Global All Cp Idx £ Acc - 0P00018XAR.L (VAFTGAG),2019-07-17,134.17230224609375
Vanguard,0P00018XAR.L,Vanguard FTSE Global All Cp Idx £ Acc - 0P00018XAR.L (VAFTGAG),2019-07-18,133.5637969970703
Vanguard,0P00018XAR.L,Vanguard FTSE Global All Cp Idx £ Acc - 0P00018XAR.L (VAFTGAG),2019-07-19,133.2805938720703
Vanguard,0P00018XAR.L,Vanguard FTSE Global All Cp Idx £ Acc - 0P00018XAR.L (VAFTGAG),2019-07-20,133.2805938720703
Vanguard,0P00018XAR.L,Vanguard FTSE Global All Cp Idx £ Acc - 0P00018XAR.L (VAFTGAG),2019-07-21,133.2805938720703
Vanguard,0P00018XAR.L,Vanguard FTSE Global All Cp Idx £ Acc - 0P00018XAR.L (VAFTGAG),2019-07-22,133.44119262695312
Vanguard,0P00018XAR.L,Vanguard FTSE Global All Cp Idx £ Acc - 0P00018XAR.L (VAFTGAG),2019-07-23,134.73179626464844
Vanguard,0P00018XAR.L,Vanguard FTSE Global All Cp Idx £ Acc - 0P00018XAR.L (VAFTGAG),2019-07-24,134.58929443359375
Vanguard,0P00018XAR.L,Vanguard FTSE Global All Cp Idx £ Acc - 0P00018XAR.L (VAFTGAG),2019-07-25,134.04640197753906
Vanguard,0P00018XAR.L,Vanguard FTSE Global All Cp Idx £ Acc - 0P00018XAR.L (VAFTGAG),2019-07-26,135.6168975830078
Vanguard,0P00018XAR.L,Vanguard FTSE Global All Cp Idx £ Acc - 0P00018XAR.L (VAFTGAG),2019-07-27,135.6168975830078
Vanguard,0P00018XAR.L,Vanguard FTSE Global All Cp Idx £ Acc - 0P00018XAR.L (VAFTGAG),2019-07-28,135.6168975830078
Vanguard,0P00018XAR.L,Vanguard FTSE Global All Cp Idx £ Acc - 0P00018XAR.L (VAFTGAG),2019-07-29,137.09039306640625
Vanguard,0P00018XAR.L,Vanguard FTSE Global All Cp Idx £ Acc - 0P00018XAR.L (VAFTGAG),2019-07-30,137.51190185546875
Vanguard,0P00018XAR.L,Vanguard FTSE Global All Cp Idx £ Acc - 0P00018XAR.L (VAFTGAG),2019-07-31,135.56019592285156
Vanguard,0P00018XAR.L,Vanguard FTSE Global All Cp Idx £ Acc - 0P00018XAR.L (VAFTGAG),2019-08-01,135.60440063476562
Vanguard,0P00018XAR.L,Vanguard FTSE Global All Cp Idx £ Acc - 0P00018XAR.L (VAFTGAG),2019-08-02,134.3466033935547
Vanguard,0P00018XAR.L,Vanguard FTSE Global All Cp Idx £ Acc - 0P00018XAR.L (VAFTGAG),2019-08-03,134.3466033935547
Vanguard,0P00018XAR.L,Vanguard FTSE Global All Cp Idx £ Acc - 0P00018XAR.L (VAFTGAG),2019-08-04,134.3466033935547
Vanguard,0P00018XAR.L,Vanguard FTSE Global All Cp Idx £ Acc - 0P00018XAR.L (VAFTGAG),2019-08-05,130.79379272460938
Vanguard,0P00018XAR.L,Vanguard FTSE Global All Cp Idx £ Acc - 0P00018XAR.L (VAFTGAG),2019-08-06,131.11959838867188
Vanguard,0P00018XAR.L,Vanguard FTSE Global All Cp Idx £ Acc - 0P00018XAR.L (VAFTGAG),2019-08-07,131.5697021484375
Vanguard,0P00018XAR.L,Vanguard FTSE Global All Cp Idx £ Acc - 0P00018XAR.L (VAFTGAG),2019-08-08,133.82369995117188
Vanguard,0P00018XAR.L,Vanguard FTSE Global All Cp Idx £ Acc - 0P00018XAR.L (VAFTGAG),2019-08-09,133.71180725097656
Vanguard,0P00018XAR.L,Vanguard FTSE Global All Cp Idx £ Acc - 0P00018XAR.L (VAFTGAG),2019-08-10,133.71180725097656
Vanguard,0P00018XAR.L,Vanguard FTSE Global All Cp Idx £ Acc - 0P00018XAR.L (VAFTGAG),2019-08-11,133.71180725097656
Vanguard,0P00018XAR.L,Vanguard FTSE Global All Cp Idx £ Acc - 0P00018XAR.L (VAFTGAG),2019-08-12,132.5550994873047
Vanguard,0P00018XAR.L,Vanguard FTSE Global All Cp Idx £ Acc - 0P00018XAR.L (VAFTGAG),2019-08-13,133.48330688476562
Vanguard,0P00018XAR.L,Vanguard FTSE Global All Cp Idx £ Acc - 0P00018XAR.L (VAFTGAG),2019-08-14,130.8437042236328
Vanguard,0P00018XAR.L,Vanguard FTSE Global All Cp Idx £ Acc - 0P00018XAR.L (VAFTGAG),2019-08-15,130.13909912109375
Vanguard,0P00018XAR.L,Vanguard FTSE Global All Cp Idx £ Acc - 0P00018XAR.L (VAFTGAG),2019-08-16,131.37620544433594
Vanguard,0P00018XAR.L,Vanguard FTSE Global All Cp Idx £ Acc - 0P00018XAR.L (VAFTGAG),2019-08-17,131.37620544433594
Vanguard,0P00018XAR.L,Vanguard FTSE Global All Cp Idx £ Acc - 0P00018XAR.L (VAFTGAG),2019-08-18,131.37620544433594
Vanguard,0P00018XAR.L,Vanguard FTSE Global All Cp Idx £ Acc - 0P00018XAR.L (VAFTGAG),2019-08-19,132.83949279785156
Vanguard,0P00018XAR.L,Vanguard FTSE Global All Cp Idx £ Acc - 0P00018XAR.L (VAFTGAG),2019-08-20,132.27099609375
Vanguard,0P00018XAR.L,Vanguard FTSE Global All Cp Idx £ Acc - 0P00018XAR.L (VAFTGAG),2019-08-21,133.19970703125
Vanguard,0P00018XAR.L,Vanguard FTSE Global All Cp Idx £ Acc - 0P00018XAR.L (VAFTGAG),2019-08-22,131.59730529785156
Vanguard,0P00018XAR.L,Vanguard FTSE Global All Cp Idx £ Acc - 0P00018XAR.L (VAFTGAG),2019-08-23,129.3542938232422
Vanguard,0P00018XAR.L,Vanguard FTSE Global All Cp Idx £ Acc - 0P00018XAR.L (VAFTGAG),2019-08-24,129.3542938232422
Vanguard,0P00018XAR.L,Vanguard FTSE Global All Cp Idx £ Acc - 0P00018XAR.L (VAFTGAG),2019-08-25,129.3542938232422
Vanguard,0P00018XAR.L,Vanguard FTSE Global All Cp Idx £ Acc - 0P00018XAR.L (VAFTGAG),2019-08-26,129.3542938232422
Vanguard,0P00018XAR.L,Vanguard FTSE Global All Cp Idx £ Acc - 0P00018XAR.L (VAFTGAG),2019-08-27,129.6678009033203
Vanguard,0P00018XAR.L,Vanguard FTSE Global All Cp Idx £ Acc - 0P00018XAR.L (VAFTGAG),2019-08-28,130.66650390625
Vanguard,0P00018XAR.L,Vanguard FTSE Global All Cp Idx £ Acc - 0P00018XAR.L (VAFTGAG),2019-08-29,132.10260009765625
Vanguard,0P00018XAR.L,Vanguard FTSE Global All Cp Idx £ Acc - 0P00018XAR.L (VAFTGAG),2019-08-30,132.93490600585938
Vanguard,0P00018XAR.L,Vanguard FTSE Global All Cp Idx £ Acc - 0P00018XAR.L (VAFTGAG),2019-08-31,132.93490600585938
Vanguard,0P00018XAR.L,Vanguard FTSE Global All Cp Idx £ Acc - 0P00018XAR.L (VAFTGAG),2019-09-01,132.93490600585938
Vanguard,0P00018XAR.L,Vanguard FTSE Global All Cp Idx £ Acc - 0P00018XAR.L (VAFTGAG),2019-09-02,134.07569885253906
Vanguard,0P00018XAR.L,Vanguard FTSE Global All Cp Idx £ Acc - 0P00018XAR.L (VAFTGAG),2019-09-03,132.99839782714844
Vanguard,0P00018XAR.L,Vanguard FTSE Global All Cp Idx £ Acc - 0P00018XAR.L (VAFTGAG),2019-09-04,133.41909790039062
Vanguard,0P00018XAR.L,Vanguard FTSE Global All Cp Idx £ Acc - 0P00018XAR.L (VAFTGAG),2019-09-05,133.5655975341797
Vanguard,0P00018XAR.L,Vanguard FTSE Global All Cp Idx £ Acc - 0P00018XAR.L (VAFTGAG),2019-09-06,133.97740173339844
Vanguard,0P00018XAR.L,Vanguard FTSE Global All Cp Idx £ Acc - 0P00018XAR.L (VAFTGAG),2019-09-07,133.97740173339844
Vanguard,0P00018XAR.L,Vanguard FTSE Global All Cp Idx £ Acc - 0P00018XAR.L (VAFTGAG),2019-09-08,133.97740173339844
Vanguard,0P00018XAR.L,Vanguard FTSE Global All Cp Idx £ Acc - 0P00018XAR.L (VAFTGAG),2019-09-09,133.74569702148438
Vanguard,0P00018XAR.L,Vanguard FTSE Global All Cp Idx £ Acc - 0P00018XAR.L (VAFTGAG),2019-09-10,133.69740295410156
Vanguard,0P00018XAR.L,Vanguard FTSE Global All Cp Idx £ Acc - 0P00018XAR.L (VAFTGAG),2019-09-11,134.8188934326172
Vanguard,0P00018XAR.L,Vanguard FTSE Global All Cp Idx £ Acc - 0P00018XAR.L (VAFTGAG),2019-09-12,135.44650268554688
Vanguard,0P00018XAR.L,Vanguard FTSE Global All Cp Idx £ Acc - 0P00018XAR.L (VAFTGAG),2019-09-13,134.39430236816406
Vanguard,0P00018XAR.L,Vanguard FTSE Global All Cp Idx £ Acc - 0P00018XAR.L (VAFTGAG),2019-09-14,134.39430236816406
Vanguard,0P00018XAR.L,Vanguard FTSE Global All Cp Idx £ Acc - 0P00018XAR.L (VAFTGAG),2019-09-15,134.39430236816406
Vanguard,0P00018XAR.L,Vanguard FTSE Global All Cp Idx £ Acc - 0P00018XAR.L (VAFTGAG),2019-09-16,134.34519958496094
Vanguard,0P00018XAR.L,Vanguard FTSE Global All Cp Idx £ Acc - 0P00018XAR.L (VAFTGAG),2019-09-17,133.8072967529297
Vanguard,0P00018XAR.L,Vanguard FTSE Global All Cp Idx £ Acc - 0P00018XAR.L (VAFTGAG),2019-09-18,133.7805938720703
Vanguard,0P00018XAR.L,Vanguard FTSE Global All Cp Idx £ Acc - 0P00018XAR.L (VAFTGAG),2019-09-19,133.83889770507812
Vanguard,0P00018XAR.L,Vanguard FTSE Global All Cp Idx £ Acc - 0P00018XAR.L (VAFTGAG),2019-09-20,133.41749572753906
Vanguard,0P00018XAR.L,Vanguard FTSE Global All Cp Idx £ Acc - 0P00018XAR.L (VAFTGAG),2019-09-21,133.41749572753906
Vanguard,0P00018XAR.L,Vanguard FTSE Global All Cp Idx £ Acc - 0P00018XAR.L (VAFTGAG),2019-09-22,133.41749572753906
Vanguard,0P00018XAR.L,Vanguard FTSE Global All Cp Idx £ Acc - 0P00018XAR.L (VAFTGAG),2019-09-23,133.9311981201172
Vanguard,0P00018XAR.L,Vanguard FTSE Global All Cp Idx £ Acc - 0P00018XAR.L (VAFTGAG),2019-09-24,132.7104949951172
Vanguard,0P00018XAR.L,Vanguard FTSE Global All Cp Idx £ Acc - 0P00018XAR.L (VAFTGAG),2019-09-25,133.81210327148438
Vanguard,0P00018XAR.L,Vanguard FTSE Global All Cp Idx £ Acc - 0P00018XAR.L (VAFTGAG),2019-09-26,134.2386932373047
Vanguard,0P00018XAR.L,Vanguard FTSE Global All Cp Idx £ Acc - 0P00018XAR.L (VAFTGAG),2019-09-27,134.02259826660156
Vanguard,0P00018XAR.L,Vanguard FTSE Global All Cp Idx £ Acc - 0P00018XAR.L (VAFTGAG),2019-09-28,134.02259826660156
Vanguard,0P00018XAR.L,Vanguard FTSE Global All Cp Idx £ Acc - 0P00018XAR.L (VAFTGAG),2019-09-29,134.02259826660156
Vanguard,0P00018XAR.L,Vanguard FTSE Global All Cp Idx £ Acc - 0P00018XAR.L (VAFTGAG),2019-09-30,134.12840270996094
Vanguard,0P00018XAR.L,Vanguard FTSE Global All Cp Idx £ Acc - 0P00018XAR.L (VAFTGAG),2019-10-01,134.00070190429688
Vanguard,0P00018XAR.L,Vanguard FTSE Global All Cp Idx £ Acc - 0P00018XAR.L (VAFTGAG),2019-10-02,131.04400634765625
Vanguard,0P00018XAR.L,Vanguard FTSE Global All Cp Idx £ Acc - 0P00018XAR.L (VAFTGAG),2019-10-03,130.64010620117188
Vanguard,0P00018XAR.L,Vanguard FTSE Global All Cp Idx £ Acc - 0P00018XAR.L (VAFTGAG),2019-10-04,132.98190307617188
Vanguard,0P00018XAR.L,Vanguard FTSE Global All Cp Idx £ Acc - 0P00018XAR.L (VAFTGAG),2019-10-05,132.98190307617188
Vanguard,0P00018XAR.L,Vanguard FTSE Global All Cp Idx £ Acc - 0P00018XAR.L (VAFTGAG),2019-10-06,132.98190307617188
Vanguard,0P00018XAR.L,Vanguard FTSE Global All Cp Idx £ Acc - 0P00018XAR.L (VAFTGAG),2019-10-07,132.57510375976562
Vanguard,0P00018XAR.L,Vanguard FTSE Global All Cp Idx £ Acc - 0P00018XAR.L (VAFTGAG),2019-10-08,132.21139526367188
Vanguard,0P00018XAR.L,Vanguard FTSE Global All Cp Idx £ Acc - 0P00018XAR.L (VAFTGAG),2019-10-09,132.91859436035156
Vanguard,0P00018XAR.L,Vanguard FTSE Global All Cp Idx £ Acc - 0P00018XAR.L (VAFTGAG),2019-10-10,132.9158935546875
Vanguard,0P00018XAR.L,Vanguard FTSE Global All Cp Idx £ Acc - 0P00018XAR.L (VAFTGAG),2019-10-11,130.5019073486328
Vanguard,0P00018XAR.L,Vanguard FTSE Global All Cp Idx £ Acc - 0P00018XAR.L (VAFTGAG),2019-10-12,130.5019073486328
Vanguard,0P00018XAR.L,Vanguard FTSE Global All Cp Idx £ Acc - 0P00018XAR.L (VAFTGAG),2019-10-13,130.5019073486328
Vanguard,0P00018XAR.L,Vanguard FTSE Global All Cp Idx £ Acc - 0P00018XAR.L (VAFTGAG),2019-10-14,131.43089294433594
Vanguard,0P00018XAR.L,Vanguard FTSE Global All Cp Idx £ Acc - 0P00018XAR.L (VAFTGAG),2019-10-15,130.58030700683594
Vanguard,0P00018XAR.L,Vanguard FTSE Global All Cp Idx £ Acc - 0P00018XAR.L (VAFTGAG),2019-10-16,130.31129455566406
Vanguard,0P00018XAR.L,Vanguard FTSE Global All Cp Idx £ Acc - 0P00018XAR.L (VAFTGAG),2019-10-17,130.40280151367188
Vanguard,0P00018XAR.L,Vanguard FTSE Global All Cp Idx £ Acc - 0P00018XAR.L (VAFTGAG),2019-10-18,129.42880249023438
Vanguard,0P00018XAR.L,Vanguard FTSE Global All Cp Idx £ Acc - 0P00018XAR.L (VAFTGAG),2019-10-19,129.42880249023438
Vanguard,0P00018XAR.L,Vanguard FTSE Global All Cp Idx £ Acc - 0P00018XAR.L (VAFTGAG),2019-10-20,129.42880249023438
Vanguard,0P00018XAR.L,Vanguard FTSE Global All Cp Idx £ Acc - 0P00018XAR.L (VAFTGAG),2019-10-21,129.37109375
Vanguard,0P00018XAR.L,Vanguard FTSE Global All Cp Idx £ Acc - 0P00018XAR.L (VAFTGAG),2019-10-22,129.95530700683594
Vanguard,0P00018XAR.L,Vanguard FTSE Global All Cp Idx £ Acc - 0P00018XAR.L (VAFTGAG),2019-10-23,130.36740112304688
Vanguard,0P00018XAR.L,Vanguard FTSE Global All Cp Idx £ Acc - 0P00018XAR.L (VAFTGAG),2019-10-24,131.1667938232422
Vanguard,0P00018XAR.L,Vanguard FTSE Global All Cp Idx £ Acc - 0P00018XAR.L (VAFTGAG),2019-10-25,131.65289306640625
Vanguard,0P00018XAR.L,Vanguard FTSE Global All Cp Idx £ Acc - 0P00018XAR.L (VAFTGAG),2019-10-26,131.65289306640625
Vanguard,0P00018XAR.L,Vanguard FTSE Global All Cp Idx £ Acc - 0P00018XAR.L (VAFTGAG),2019-10-27,131.65289306640625
Vanguard,0P00018XAR.L,Vanguard FTSE Global All Cp Idx £ Acc - 0P00018XAR.L (VAFTGAG),2019-10-28,132.0135040283203
Vanguard,0P00018XAR.L,Vanguard FTSE Global All Cp Idx £ Acc - 0P00018XAR.L (VAFTGAG),2019-10-29,131.6925048828125
Vanguard,0P00018XAR.L,Vanguard FTSE Global All Cp Idx £ Acc - 0P00018XAR.L (VAFTGAG),2019-10-30,132.16439819335938
Vanguard,0P00018XAR.L,Vanguard FTSE Global All Cp Idx £ Acc - 0P00018XAR.L (VAFTGAG),2019-10-31,131.2642059326172
Vanguard,0P00018XAR.L,Vanguard FTSE Global All Cp Idx £ Acc - 0P00018XAR.L (VAFTGAG),2019-11-01,132.35060119628906
Vanguard,0P00018XAR.L,Vanguard FTSE Global All Cp Idx £ Acc - 0P00018XAR.L (VAFTGAG),2019-11-02,132.35060119628906
Vanguard,0P00018XAR.L,Vanguard FTSE Global All Cp Idx £ Acc - 0P00018XAR.L (VAFTGAG),2019-11-03,132.35060119628906
Vanguard,0P00018XAR.L,Vanguard FTSE Global All Cp Idx £ Acc - 0P00018XAR.L (VAFTGAG),2019-11-04,133.29550170898438
Vanguard,0P00018XAR.L,Vanguard FTSE Global All Cp Idx £ Acc - 0P00018XAR.L (VAFTGAG),2019-11-05,133.82000732421875
Vanguard,0P00018XAR.L,Vanguard FTSE Global All Cp Idx £ Acc - 0P00018XAR.L (VAFTGAG),2019-11-06,133.77920532226562
Vanguard,0P00018XAR.L,Vanguard FTSE Global All Cp Idx £ Acc - 0P00018XAR.L (VAFTGAG),2019-11-07,134.7180938720703
Vanguard,0P00018XAR.L,Vanguard FTSE Global All Cp Idx £ Acc - 0P00018XAR.L (VAFTGAG),2019-11-08,135.00950622558594
Vanguard,0P00018XAR.L,Vanguard FTSE Global All Cp Idx £ Acc - 0P00018XAR.L (VAFTGAG),2019-11-09,135.00950622558594
Vanguard,0P00018XAR.L,Vanguard FTSE Global All Cp Idx £ Acc - 0P00018XAR.L (VAFTGAG),2019-11-10,135.00950622558594
Vanguard,0P00018XAR.L,Vanguard FTSE Global All Cp Idx £ Acc - 0P00018XAR.L (VAFTGAG),2019-11-11,133.89370727539062
Vanguard,0P00018XAR.L,Vanguard FTSE Global All Cp Idx £ Acc - 0P00018XAR.L (VAFTGAG),2019-11-12,134.49110412597656
Vanguard,0P00018XAR.L,Vanguard FTSE Global All Cp Idx £ Acc - 0P00018XAR.L (VAFTGAG),2019-11-13,134.20359802246094
Vanguard,0P00018XAR.L,Vanguard FTSE Global All Cp Idx £ Acc - 0P00018XAR.L (VAFTGAG),2019-11-14,133.88400268554688
Vanguard,0P00018XAR.L,Vanguard FTSE Global All Cp Idx £ Acc - 0P00018XAR.L (VAFTGAG),2019-11-15,134.42230224609375
Vanguard,0P00018XAR.L,Vanguard FTSE Global All Cp Idx £ Acc - 0P00018XAR.L (VAFTGAG),2019-11-16,134.42230224609375
Vanguard,0P00018XAR.L,Vanguard FTSE Global All Cp Idx £ Acc - 0P00018XAR.L (VAFTGAG),2019-11-17,134.42230224609375
Vanguard,0P00018XAR.L,Vanguard FTSE Global All Cp Idx £ Acc - 0P00018XAR.L (VAFTGAG),2019-11-18,133.966796875
Vanguard,0P00018XAR.L,Vanguard FTSE Global All Cp Idx £ Acc - 0P00018XAR.L (VAFTGAG),2019-11-19,134.38819885253906
Vanguard,0P00018XAR.L,Vanguard FTSE Global All Cp Idx £ Acc - 0P00018XAR.L (VAFTGAG),2019-11-20,133.99510192871094
Vanguard,0P00018XAR.L,Vanguard FTSE Global All Cp Idx £ Acc - 0P00018XAR.L (VAFTGAG),2019-11-21,133.4918975830078
Vanguard,0P00018XAR.L,Vanguard FTSE Global All Cp Idx £ Acc - 0P00018XAR.L (VAFTGAG),2019-11-22,134.70460510253906
Vanguard,0P00018XAR.L,Vanguard FTSE Global All Cp Idx £ Acc - 0P00018XAR.L (VAFTGAG),2019-11-23,134.70460510253906
Vanguard,0P00018XAR.L,Vanguard FTSE Global All Cp Idx £ Acc - 0P00018XAR.L (VAFTGAG),2019-11-24,134.70460510253906
Vanguard,0P00018XAR.L,Vanguard FTSE Global All Cp Idx £ Acc - 0P00018XAR.L (VAFTGAG),2019-11-25,134.922607421875
Vanguard,0P00018XAR.L,Vanguard FTSE Global All Cp Idx £ Acc - 0P00018XAR.L (VAFTGAG),2019-11-26,135.79110717773438
Vanguard,0P00018XAR.L,Vanguard FTSE Global All Cp Idx £ Acc - 0P00018XAR.L (VAFTGAG),2019-11-27,135.91419982910156
Vanguard,0P00018XAR.L,Vanguard FTSE Global All Cp Idx £ Acc - 0P00018XAR.L (VAFTGAG),2019-11-28,135.5762939453125
Vanguard,0P00018XAR.L,Vanguard FTSE Global All Cp Idx £ Acc - 0P00018XAR.L (VAFTGAG),2019-11-29,134.59109497070312
Vanguard,0P00018XAR.L,Vanguard FTSE Global All Cp Idx £ Acc - 0P00018XAR.L (VAFTGAG),2019-11-30,134.59109497070312
Vanguard,0P00018XAR.L,Vanguard FTSE Global All Cp Idx £ Acc - 0P00018XAR.L (VAFTGAG),2019-12-01,134.59109497070312
Vanguard,0P00018XAR.L,Vanguard FTSE Global All Cp Idx £ Acc - 0P00018XAR.L (VAFTGAG),2019-12-02,133.95069885253906
Vanguard,0P00018XAR.L,Vanguard FTSE Global All Cp Idx £ Acc - 0P00018XAR.L (VAFTGAG),2019-12-03,132.49859619140625
Vanguard,0P00018XAR.L,Vanguard FTSE Global All Cp Idx £ Acc - 0P00018XAR.L (VAFTGAG),2019-12-04,131.97689819335938
Vanguard,0P00018XAR.L,Vanguard FTSE Global All Cp Idx £ Acc - 0P00018XAR.L (VAFTGAG),2019-12-05,131.79660034179688
Vanguard,0P00018XAR.L,Vanguard FTSE Global All Cp Idx £ Acc - 0P00018XAR.L (VAFTGAG),2019-12-06,133.27920532226562
Vanguard,0P00018XAR.L,Vanguard FTSE Global All Cp Idx £ Acc - 0P00018XAR.L (VAFTGAG),2019-12-07,133.27920532226562
Vanguard,0P00018XAR.L,Vanguard FTSE Global All Cp Idx £ Acc - 0P00018XAR.L (VAFTGAG),2019-12-08,133.27920532226562
Vanguard,0P00018XAR.L,Vanguard FTSE Global All Cp Idx £ Acc - 0P00018XAR.L (VAFTGAG),2019-12-09,132.6309051513672
Vanguard,0P00018XAR.L,Vanguard FTSE Global All Cp Idx £ Acc - 0P00018XAR.L (VAFTGAG),2019-12-10,132.32350158691406
Vanguard,0P00018XAR.L,Vanguard FTSE Global All Cp Idx £ Acc - 0P00018XAR.L (VAFTGAG),2019-12-11,132.6154022216797
Vanguard,0P00018XAR.L,Vanguard FTSE Global All Cp Idx £ Acc - 0P00018XAR.L (VAFTGAG),2019-12-12,134.11410522460938
Vanguard,0P00018XAR.L,Vanguard FTSE Global All Cp Idx £ Acc - 0P00018XAR.L (VAFTGAG),2019-12-13,132.60899353027344
Vanguard,0P00018XAR.L,Vanguard FTSE Global All Cp Idx £ Acc - 0P00018XAR.L (VAFTGAG),2019-12-14,132.60899353027344
Vanguard,0P00018XAR.L,Vanguard FTSE Global All Cp Idx £ Acc - 0P00018XAR.L (VAFTGAG),2019-12-15,132.60899353027344
Vanguard,0P00018XAR.L,Vanguard FTSE Global All Cp Idx £ Acc - 0P00018XAR.L (VAFTGAG),2019-12-16,133.6094970703125
Vanguard,0P00018XAR.L,Vanguard FTSE Global All Cp Idx £ Acc - 0P00018XAR.L (VAFTGAG),2019-12-17,135.82090759277344
Vanguard,0P00018XAR.L,Vanguard FTSE Global All Cp Idx £ Acc - 0P00018XAR.L (VAFTGAG),2019-12-18,136.42630004882812
Vanguard,0P00018XAR.L,Vanguard FTSE Global All Cp Idx £ Acc - 0P00018XAR.L (VAFTGAG),2019-12-19,137.2947998046875
Vanguard,0P00018XAR.L,Vanguard FTSE Global All Cp Idx £ Acc - 0P00018XAR.L (VAFTGAG),2019-12-20,137.48300170898438
Vanguard,0P00018XAR.L,Vanguard FTSE Global All Cp Idx £ Acc - 0P00018XAR.L (VAFTGAG),2019-12-21,137.48300170898438
Vanguard,0P00018XAR.L,Vanguard FTSE Global All Cp Idx £ Acc - 0P00018XAR.L (VAFTGAG),2019-12-22,137.48300170898438
Vanguard,0P00018XAR.L,Vanguard FTSE Global All Cp Idx £ Acc - 0P00018XAR.L (VAFTGAG),2019-12-23,138.89259338378906
Vanguard,0P00018XAR.L,Vanguard FTSE Global All Cp Idx £ Acc - 0P00018XAR.L (VAFTGAG),2019-12-24,138.53489685058594
Vanguard,0P00018XAR.L,Vanguard FTSE Global All Cp Idx £ Acc - 0P00018XAR.L (VAFTGAG),2019-12-25,138.53489685058594
Vanguard,0P00018XAR.L,Vanguard FTSE Global All Cp Idx £ Acc - 0P00018XAR.L (VAFTGAG),2019-12-26,138.53489685058594
Vanguard,0P00018XAR.L,Vanguard FTSE Global All Cp Idx £ Acc - 0P00018XAR.L (VAFTGAG),2019-12-27,138.00140380859375
Vanguard,0P00018XAR.L,Vanguard FTSE Global All Cp Idx £ Acc - 0P00018XAR.L (VAFTGAG),2019-12-28,138.00140380859375
Vanguard,0P00018XAR.L,Vanguard FTSE Global All Cp Idx £ Acc - 0P00018XAR.L (VAFTGAG),2019-12-29,138.00140380859375
Vanguard,0P00018XAR.L,Vanguard FTSE Global All Cp Idx £ Acc - 0P00018XAR.L (VAFTGAG),2019-12-30,137.2113037109375
Vanguard,0P00018XAR.L,Vanguard FTSE Global All Cp Idx £ Acc - 0P00018XAR.L (VAFTGAG),2019-12-31,136.04159545898438
Vanguard,0P00018XAR.L,Vanguard FTSE Global All Cp Idx £ Acc - 0P00018XAR.L (VAFTGAG),2020-01-01,136.04159545898438
Vanguard,0P00018XAR.L,Vanguard FTSE Global All Cp Idx £ Acc - 0P00018XAR.L (VAFTGAG),2020-01-02,137.7001953125
Vanguard,0P00018XAR.L,Vanguard FTSE Global All Cp Idx £ Acc - 0P00018XAR.L (VAFTGAG),2020-01-03,138.21539306640625
Vanguard,0P00018XAR.L,Vanguard FTSE Global All Cp Idx £ Acc - 0P00018XAR.L (VAFTGAG),2020-01-04,138.21539306640625
Vanguard,0P00018XAR.L,Vanguard FTSE Global All Cp Idx £ Acc - 0P00018XAR.L (VAFTGAG),2020-01-05,138.21539306640625
Vanguard,0P00018XAR.L,Vanguard FTSE Global All Cp Idx £ Acc - 0P00018XAR.L (VAFTGAG),2020-01-06,137.1269073486328
Vanguard,0P00018XAR.L,Vanguard FTSE Global All Cp Idx £ Acc - 0P00018XAR.L (VAFTGAG),2020-01-07,137.5218048095703
Vanguard,0P00018XAR.L,Vanguard FTSE Global All Cp Idx £ Acc - 0P00018XAR.L (VAFTGAG),2020-01-08,137.85110473632812
Vanguard,0P00018XAR.L,Vanguard FTSE Global All Cp Idx £ Acc - 0P00018XAR.L (VAFTGAG),2020-01-09,139.3054962158203
Vanguard,0P00018XAR.L,Vanguard FTSE Global All Cp Idx £ Acc - 0P00018XAR.L (VAFTGAG),2020-01-10,139.11549377441406
Vanguard,0P00018XAR.L,Vanguard FTSE Global All Cp Idx £ Acc - 0P00018XAR.L (VAFTGAG),2020-01-11,139.11549377441406
Vanguard,0P00018XAR.L,Vanguard FTSE Global All Cp Idx £ Acc - 0P00018XAR.L (VAFTGAG),2020-01-12,139.11549377441406
Vanguard,0P00018XAR.L,Vanguard FTSE Global All Cp Idx £ Acc - 0P00018XAR.L (VAFTGAG),2020-01-13,140.7039031982422
Vanguard,0P00018XAR.L,Vanguard FTSE Global All Cp Idx £ Acc - 0P00018XAR.L (VAFTGAG),2020-01-14,140.42160034179688
Vanguard,0P00018XAR.L,Vanguard FTSE Global All Cp Idx £ Acc - 0P00018XAR.L (VAFTGAG),2020-01-15,140.3739013671875
Vanguard,0P00018XAR.L,Vanguard FTSE Global All Cp Idx £ Acc - 0P00018XAR.L (VAFTGAG),2020-01-16,140.6967010498047
Vanguard,0P00018XAR.L,Vanguard FTSE Global All Cp Idx £ Acc - 0P00018XAR.L (VAFTGAG),2020-01-17,141.58529663085938
Vanguard,0P00018XAR.L,Vanguard FTSE Global All Cp Idx £ Acc - 0P00018XAR.L (VAFTGAG),2020-01-18,141.58529663085938
Vanguard,0P00018XAR.L,Vanguard FTSE Global All Cp Idx £ Acc - 0P00018XAR.L (VAFTGAG),2020-01-19,141.58529663085938
Vanguard,0P00018XAR.L,Vanguard FTSE Global All Cp Idx £ Acc - 0P00018XAR.L (VAFTGAG),2020-01-20,141.91690063476562
Vanguard,0P00018XAR.L,Vanguard FTSE Global All Cp Idx £ Acc - 0P00018XAR.L (VAFTGAG),2020-01-21,140.64610290527344
Vanguard,0P00018XAR.L,Vanguard FTSE Global All Cp Idx £ Acc - 0P00018XAR.L (VAFTGAG),2020-01-22,139.9250946044922
Vanguard,0P00018XAR.L,Vanguard FTSE Global All Cp Idx £ Acc - 0P00018XAR.L (VAFTGAG),2020-01-23,139.7617950439453
Vanguard,0P00018XAR.L,Vanguard FTSE Global All Cp Idx £ Acc - 0P00018XAR.L (VAFTGAG),2020-01-24,139.70419311523438
Vanguard,0P00018XAR.L,Vanguard FTSE Global All Cp Idx £ Acc - 0P00018XAR.L (VAFTGAG),2020-01-25,139.70419311523438
Vanguard,0P00018XAR.L,Vanguard FTSE Global All Cp Idx £ Acc - 0P00018XAR.L (VAFTGAG),2020-01-26,139.70419311523438
Vanguard,0P00018XAR.L,Vanguard FTSE Global All Cp Idx £ Acc - 0P00018XAR.L (VAFTGAG),2020-01-27,137.58929443359375
Vanguard,0P00018XAR.L,Vanguard FTSE Global All Cp Idx £ Acc - 0P00018XAR.L (VAFTGAG),2020-01-28,139.1759033203125
Vanguard,0P00018XAR.L,Vanguard FTSE Global All Cp Idx £ Acc - 0P00018XAR.L (VAFTGAG),2020-01-29,138.9355010986328
Vanguard,0P00018XAR.L,Vanguard FTSE Global All Cp Idx £ Acc - 0P00018XAR.L (VAFTGAG),2020-01-30,137.39939880371094
Vanguard,0P00018XAR.L,Vanguard FTSE Global All Cp Idx £ Acc - 0P00018XAR.L (VAFTGAG),2020-01-31,134.9281005859375
Vanguard,0P00018XAR.L,Vanguard FTSE Global All Cp Idx £ Acc - 0P00018XAR.L (VAFTGAG),2020-02-01,134.9281005859375
Vanguard,0P00018XAR.L,Vanguard FTSE Global All Cp Idx £ Acc - 0P00018XAR.L (VAFTGAG),2020-02-02,134.9281005859375
Vanguard,0P00018XAR.L,Vanguard FTSE Global All Cp Idx £ Acc - 0P00018XAR.L (VAFTGAG),2020-02-03,137.11419677734375
Vanguard,0P00018XAR.L,Vanguard FTSE Global All Cp Idx £ Acc - 0P00018XAR.L (VAFTGAG),2020-02-04,139.00680541992188
Vanguard,0P00018XAR.L,Vanguard FTSE Global All Cp Idx £ Acc - 0P00018XAR.L (VAFTGAG),2020-02-05,140.64599609375
Vanguard,0P00018XAR.L,Vanguard FTSE Global All Cp Idx £ Acc - 0P00018XAR.L (VAFTGAG),2020-02-06,141.95849609375
Vanguard,0P00018XAR.L,Vanguard FTSE Global All Cp Idx £ Acc - 0P00018XAR.L (VAFTGAG),2020-02-07,141.04879760742188
Vanguard,0P00018XAR.L,Vanguard FTSE Global All Cp Idx £ Acc - 0P00018XAR.L (VAFTGAG),2020-02-08,141.04879760742188
Vanguard,0P00018XAR.L,Vanguard FTSE Global All Cp Idx £ Acc - 0P00018XAR.L (VAFTGAG),2020-02-09,141.04879760742188
Vanguard,0P00018XAR.L,Vanguard FTSE Global All Cp Idx £ Acc - 0P00018XAR.L (VAFTGAG),2020-02-10,141.5531005859375
Vanguard,0P00018XAR.L,Vanguard FTSE Global All Cp Idx £ Acc - 0P00018XAR.L (VAFTGAG),2020-02-11,141.99090576171875
Vanguard,0P00018XAR.L,Vanguard FTSE Global All Cp Idx £ Acc - 0P00018XAR.L (VAFTGAG),2020-02-12,142.50880432128906
Vanguard,0P00018XAR.L,Vanguard FTSE Global All Cp Idx £ Acc - 0P00018XAR.L (VAFTGAG),2020-02-13,141.4138946533203
Vanguard,0P00018XAR.L,Vanguard FTSE Global All Cp Idx £ Acc - 0P00018XAR.L (VAFTGAG),2020-02-14,141.90640258789062
Vanguard,0P00018XAR.L,Vanguard FTSE Global All Cp Idx £ Acc - 0P00018XAR.L (VAFTGAG),2020-02-15,141.90640258789062
Vanguard,0P00018XAR.L,Vanguard FTSE Global All Cp Idx £ Acc - 0P00018XAR.L (VAFTGAG),2020-02-16,141.90640258789062
Vanguard,0P00018XAR.L,Vanguard FTSE Global All Cp Idx £ Acc - 0P00018XAR.L (VAFTGAG),2020-02-17,141.95350646972656
Vanguard,0P00018XAR.L,Vanguard FTSE Global All Cp Idx £ Acc - 0P00018XAR.L (VAFTGAG),2020-02-18,140.96449279785156
Vanguard,0P00018XAR.L,Vanguard FTSE Global All Cp Idx £ Acc - 0P00018XAR.L (VAFTGAG),2020-02-19,142.53280639648438
Vanguard,0P00018XAR.L,Vanguard FTSE Global All Cp Idx £ Acc - 0P00018XAR.L (VAFTGAG),2020-02-20,142.6898956298828
Vanguard,0P00018XAR.L,Vanguard FTSE Global All Cp Idx £ Acc - 0P00018XAR.L (VAFTGAG),2020-02-21,140.76620483398438
Vanguard,0P00018XAR.L,Vanguard FTSE Global All Cp Idx £ Acc - 0P00018XAR.L (VAFTGAG),2020-02-22,140.76620483398438
Vanguard,0P00018XAR.L,Vanguard FTSE Global All Cp Idx £ Acc - 0P00018XAR.L (VAFTGAG),2020-02-23,140.76620483398438
Vanguard,0P00018XAR.L,Vanguard FTSE Global All Cp Idx £ Acc - 0P00018XAR.L (VAFTGAG),2020-02-24,136.99960327148438
Vanguard,0P00018XAR.L,Vanguard FTSE Global All Cp Idx £ Acc - 0P00018XAR.L (VAFTGAG),2020-02-25,132.88150024414062
Vanguard,0P00018XAR.L,Vanguard FTSE Global All Cp Idx £ Acc - 0P00018XAR.L (VAFTGAG),2020-02-26,133.05760192871094
Vanguard,0P00018XAR.L,Vanguard FTSE Global All Cp Idx £ Acc - 0P00018XAR.L (VAFTGAG),2020-02-27,129.1667938232422
Vanguard,0P00018XAR.L,Vanguard FTSE Global All Cp Idx £ Acc - 0P00018XAR.L (VAFTGAG),2020-02-28,127.89409637451172
Vanguard,0P00018XAR.L,Vanguard FTSE Global All Cp Idx £ Acc - 0P00018XAR.L (VAFTGAG),2020-02-29,127.89409637451172
Vanguard,0P00018XAR.L,Vanguard FTSE Global All Cp Idx £ Acc - 0P00018XAR.L (VAFTGAG),2020-03-01,127.89409637451172
Vanguard,0P00018XAR.L,Vanguard FTSE Global All Cp Idx £ Acc - 0P00018XAR.L (VAFTGAG),2020-03-02,131.92359924316406
Vanguard,0P00018XAR.L,Vanguard FTSE Global All Cp Idx £ Acc - 0P00018XAR.L (VAFTGAG),2020-03-03,129.7447052001953
Vanguard,0P00018XAR.L,Vanguard FTSE Global All Cp Idx £ Acc - 0P00018XAR.L (VAFTGAG),2020-03-04,133.0583953857422
Vanguard,0P00018XAR.L,Vanguard FTSE Global All Cp Idx £ Acc - 0P00018XAR.L (VAFTGAG),2020-03-05,129.4073028564453
Vanguard,0P00018XAR.L,Vanguard FTSE Global All Cp Idx £ Acc - 0P00018XAR.L (VAFTGAG),2020-03-06,125.68769836425781
Vanguard,0P00018XAR.L,Vanguard FTSE Global All Cp Idx £ Acc - 0P00018XAR.L (VAFTGAG),2020-03-07,125.68769836425781
Vanguard,0P00018XAR.L,Vanguard FTSE Global All Cp Idx £ Acc - 0P00018XAR.L (VAFTGAG),2020-03-08,125.68769836425781
Vanguard,0P00018XAR.L,Vanguard FTSE Global All Cp Idx £ Acc - 0P00018XAR.L (VAFTGAG),2020-03-09,116.10769653320312
Vanguard,0P00018XAR.L,Vanguard FTSE Global All Cp Idx £ Acc - 0P00018XAR.L (VAFTGAG),2020-03-10,120.64320373535156
Vanguard,0P00018XAR.L,Vanguard FTSE Global All Cp Idx £ Acc - 0P00018XAR.L (VAFTGAG),2020-03-11,116.63179779052734
Vanguard,0P00018XAR.L,Vanguard FTSE Global All Cp Idx £ Acc - 0P00018XAR.L (VAFTGAG),2020-03-12,108.35870361328125
Vanguard,0P00018XAR.L,Vanguard FTSE Global All Cp Idx £ Acc - 0P00018XAR.L (VAFTGAG),2020-03-13,115.20570373535156
Vanguard,0P00018XAR.L,Vanguard FTSE Global All Cp Idx £ Acc - 0P00018XAR.L (VAFTGAG),2020-03-14,115.20570373535156
Vanguard,0P00018XAR.L,Vanguard FTSE Global All Cp Idx £ Acc - 0P00018XAR.L (VAFTGAG),2020-03-15,115.20570373535156
Vanguard,0P00018XAR.L,Vanguard FTSE Global All Cp Idx £ Acc - 0P00018XAR.L (VAFTGAG),2020-03-16,105.51750183105469
Vanguard,0P00018XAR.L,Vanguard FTSE Global All Cp Idx £ Acc - 0P00018XAR.L (VAFTGAG),2020-03-17,111.44239807128906
Vanguard,0P00018XAR.L,Vanguard FTSE Global All Cp Idx £ Acc - 0P00018XAR.L (VAFTGAG),2020-03-18,107.80030059814453
Vanguard,0P00018XAR.L,Vanguard FTSE Global All Cp Idx £ Acc - 0P00018XAR.L (VAFTGAG),2020-03-19,109.32720184326172
Vanguard,0P00018XAR.L,Vanguard FTSE Global All Cp Idx £ Acc - 0P00018XAR.L (VAFTGAG),2020-03-20,106.8218002319336
Vanguard,0P00018XAR.L,Vanguard FTSE Global All Cp Idx £ Acc - 0P00018XAR.L (VAFTGAG),2020-03-21,106.8218002319336
Vanguard,0P00018XAR.L,Vanguard FTSE Global All Cp Idx £ Acc - 0P00018XAR.L (VAFTGAG),2020-03-22,106.8218002319336
Vanguard,0P00018XAR.L,Vanguard FTSE Global All Cp Idx £ Acc - 0P00018XAR.L (VAFTGAG),2020-03-23,105.622802734375
Vanguard,0P00018XAR.L,Vanguard FTSE Global All Cp Idx £ Acc - 0P00018XAR.L (VAFTGAG),2020-03-24,111.64820098876953
Vanguard,0P00018XAR.L,Vanguard FTSE Global All Cp Idx £ Acc - 0P00018XAR.L (VAFTGAG),2020-03-25,114.92780303955078
Vanguard,0P00018XAR.L,Vanguard FTSE Global All Cp Idx £ Acc - 0P00018XAR.L (VAFTGAG),2020-03-26,116.54239654541016
Vanguard,0P00018XAR.L,Vanguard FTSE Global All Cp Idx £ Acc - 0P00018XAR.L (VAFTGAG),2020-03-27,111.82330322265625
Vanguard,0P00018XAR.L,Vanguard FTSE Global All Cp Idx £ Acc - 0P00018XAR.L (VAFTGAG),2020-03-28,111.82330322265625
Vanguard,0P00018XAR.L,Vanguard FTSE Global All Cp Idx £ Acc - 0P00018XAR.L (VAFTGAG),2020-03-29,111.82330322265625
Vanguard,0P00018XAR.L,Vanguard FTSE Global All Cp Idx £ Acc - 0P00018XAR.L (VAFTGAG),2020-03-30,113.44770050048828
Vanguard,0P00018XAR.L,Vanguard FTSE Global All Cp Idx £ Acc - 0P00018XAR.L (VAFTGAG),2020-03-31,112.96820068359375
Vanguard,0P00018XAR.L,Vanguard FTSE Global All Cp Idx £ Acc - 0P00018XAR.L (VAFTGAG),2020-04-01,108.49720001220703
Vanguard,0P00018XAR.L,Vanguard FTSE Global All Cp Idx £ Acc - 0P00018XAR.L (VAFTGAG),2020-04-02,110.0459976196289
Vanguard,0P00018XAR.L,Vanguard FTSE Global All Cp Idx £ Acc - 0P00018XAR.L (VAFTGAG),2020-04-03,109.60040283203125
Vanguard,0P00018XAR.L,Vanguard FTSE Global All Cp Idx £ Acc - 0P00018XAR.L (VAFTGAG),2020-04-04,109.60040283203125
Vanguard,0P00018XAR.L,Vanguard FTSE Global All Cp Idx £ Acc - 0P00018XAR.L (VAFTGAG),2020-04-05,109.60040283203125
Vanguard,0P00018XAR.L,Vanguard FTSE Global All Cp Idx £ Acc - 0P00018XAR.L (VAFTGAG),2020-04-06,115.65409851074219
Vanguard,0P00018XAR.L,Vanguard FTSE Global All Cp Idx £ Acc - 0P00018XAR.L (VAFTGAG),2020-04-07,116.41259765625
Vanguard,0P00018XAR.L,Vanguard FTSE Global All Cp Idx £ Acc - 0P00018XAR.L (VAFTGAG),2020-04-08,118.17970275878906
Vanguard,0P00018XAR.L,Vanguard FTSE Global All Cp Idx £ Acc - 0P00018XAR.L (VAFTGAG),2020-04-09,119.37059783935547
Vanguard,0P00018XAR.L,Vanguard FTSE Global All Cp Idx £ Acc - 0P00018XAR.L (VAFTGAG),2020-04-10,119.37059783935547
Vanguard,0P00018XAR.L,Vanguard FTSE Global All Cp Idx £ Acc - 0P00018XAR.L (VAFTGAG),2020-04-11,119.37059783935547
Vanguard,0P00018XAR.L,Vanguard FTSE Global All Cp Idx £ Acc - 0P00018XAR.L (VAFTGAG),2020-04-12,119.37059783935547
Vanguard,0P00018XAR.L,Vanguard FTSE Global All Cp Idx £ Acc - 0P00018XAR.L (VAFTGAG),2020-04-13,119.37059783935547
Vanguard,0P00018XAR.L,Vanguard FTSE Global All Cp Idx £ Acc - 0P00018XAR.L (VAFTGAG),2020-04-14,120.0541000366211
Vanguard,0P00018XAR.L,Vanguard FTSE Global All Cp Idx £ Acc - 0P00018XAR.L (VAFTGAG),2020-04-15,118.29039764404297
Vanguard,0P00018XAR.L,Vanguard FTSE Global All Cp Idx £ Acc - 0P00018XAR.L (VAFTGAG),2020-04-16,118.91459655761719
Vanguard,0P00018XAR.L,Vanguard FTSE Global All Cp Idx £ Acc - 0P00018XAR.L (VAFTGAG),2020-04-17,121.50240325927734
Vanguard,0P00018XAR.L,Vanguard FTSE Global All Cp Idx £ Acc - 0P00018XAR.L (VAFTGAG),2020-04-18,121.50240325927734
Vanguard,0P00018XAR.L,Vanguard FTSE Global All Cp Idx £ Acc - 0P00018XAR.L (VAFTGAG),2020-04-19,121.50240325927734
Vanguard,0P00018XAR.L,Vanguard FTSE Global All Cp Idx £ Acc - 0P00018XAR.L (VAFTGAG),2020-04-20,120.5718994140625
Vanguard,0P00018XAR.L,Vanguard FTSE Global All Cp Idx £ Acc - 0P00018XAR.L (VAFTGAG),2020-04-21,118.92870330810547
Vanguard,0P00018XAR.L,Vanguard FTSE Global All Cp Idx £ Acc - 0P00018XAR.L (VAFTGAG),2020-04-22,120.43579864501953
Vanguard,0P00018XAR.L,Vanguard FTSE Global All Cp Idx £ Acc - 0P00018XAR.L (VAFTGAG),2020-04-23,120.35440063476562
Vanguard,0P00018XAR.L,Vanguard FTSE Global All Cp Idx £ Acc - 0P00018XAR.L (VAFTGAG),2020-04-24,121.36840057373047
Vanguard,0P00018XAR.L,Vanguard FTSE Global All Cp Idx £ Acc - 0P00018XAR.L (VAFTGAG),2020-04-25,121.36840057373047
Vanguard,0P00018XAR.L,Vanguard FTSE Global All Cp Idx £ Acc - 0P00018XAR.L (VAFTGAG),2020-04-26,121.36840057373047
Vanguard,0P00018XAR.L,Vanguard FTSE Global All Cp Idx £ Acc - 0P00018XAR.L (VAFTGAG),2020-04-27,122.92539978027344
Vanguard,0P00018XAR.L,Vanguard FTSE Global All Cp Idx £ Acc - 0P00018XAR.L (VAFTGAG),2020-04-28,122.94940185546875
Vanguard,0P00018XAR.L,Vanguard FTSE Global All Cp Idx £ Acc - 0P00018XAR.L (VAFTGAG),2020-04-29,125.90270233154297
Vanguard,0P00018XAR.L,Vanguard FTSE Global All Cp Idx £ Acc - 0P00018XAR.L (VAFTGAG),2020-04-30,123.18939971923828
Vanguard,0P00018XAR.L,Vanguard FTSE Global All Cp Idx £ Acc - 0P00018XAR.L (VAFTGAG),2020-05-01,121.16010284423828
Vanguard,0P00018XAR.L,Vanguard FTSE Global All Cp Idx £ Acc - 0P00018XAR.L (VAFTGAG),2020-05-02,121.16010284423828
Vanguard,0P00018XAR.L,Vanguard FTSE Global All Cp Idx £ Acc - 0P00018XAR.L (VAFTGAG),2020-05-03,121.16010284423828
Vanguard,0P00018XAR.L,Vanguard FTSE Global All Cp Idx £ Acc - 0P00018XAR.L (VAFTGAG),2020-05-04,121.50789642333984
Vanguard,0P00018XAR.L,Vanguard FTSE Global All Cp Idx £ Acc - 0P00018XAR.L (VAFTGAG),2020-05-05,122.38469696044922
Vanguard,0P00018XAR.L,Vanguard FTSE Global All Cp Idx £ Acc - 0P00018XAR.L (VAFTGAG),2020-05-06,122.7926025390625
Vanguard,0P00018XAR.L,Vanguard FTSE Global All Cp Idx £ Acc - 0P00018XAR.L (VAFTGAG),2020-05-07,124.62560272216797
Vanguard,0P00018XAR.L,Vanguard FTSE Global All Cp Idx £ Acc - 0P00018XAR.L (VAFTGAG),2020-05-08,124.62560272216797
Vanguard,0P00018XAR.L,Vanguard FTSE Global All Cp Idx £ Acc - 0P00018XAR.L (VAFTGAG),2020-05-09,124.62560272216797
Vanguard,0P00018XAR.L,Vanguard FTSE Global All Cp Idx £ Acc - 0P00018XAR.L (VAFTGAG),2020-05-10,124.62560272216797
Vanguard,0P00018XAR.L,Vanguard FTSE Global All Cp Idx £ Acc - 0P00018XAR.L (VAFTGAG),2020-05-11,126.15139770507812
Vanguard,0P00018XAR.L,Vanguard FTSE Global All Cp Idx £ Acc - 0P00018XAR.L (VAFTGAG),2020-05-12,124.78759765625
Vanguard,0P00018XAR.L,Vanguard FTSE Global All Cp Idx £ Acc - 0P00018XAR.L (VAFTGAG),2020-05-13,123.85530090332031
Vanguard,0P00018XAR.L,Vanguard FTSE Global All Cp Idx £ Acc - 0P00018XAR.L (VAFTGAG),2020-05-14,124.01909637451172
Vanguard,0P00018XAR.L,Vanguard FTSE Global All Cp Idx £ Acc - 0P00018XAR.L (VAFTGAG),2020-05-15,125.34549713134766
Vanguard,0P00018XAR.L,Vanguard FTSE Global All Cp Idx £ Acc - 0P00018XAR.L (VAFTGAG),2020-05-16,125.34549713134766
Vanguard,0P00018XAR.L,Vanguard FTSE Global All Cp Idx £ Acc - 0P00018XAR.L (VAFTGAG),2020-05-17,125.34549713134766
Vanguard,0P00018XAR.L,Vanguard FTSE Global All Cp Idx £ Acc - 0P00018XAR.L (VAFTGAG),2020-05-18,128.3238983154297
Vanguard,0P00018XAR.L,Vanguard FTSE Global All Cp Idx £ Acc - 0P00018XAR.L (VAFTGAG),2020-05-19,127.53399658203125
Vanguard,0P00018XAR.L,Vanguard FTSE Global All Cp Idx £ Acc - 0P00018XAR.L (VAFTGAG),2020-05-20,129.17340087890625
Vanguard,0P00018XAR.L,Vanguard FTSE Global All Cp Idx £ Acc - 0P00018XAR.L (VAFTGAG),2020-05-21,128.8542022705078
Vanguard,0P00018XAR.L,Vanguard FTSE Global All Cp Idx £ Acc - 0P00018XAR.L (VAFTGAG),2020-05-22,128.6403045654297
Vanguard,0P00018XAR.L,Vanguard FTSE Global All Cp Idx £ Acc - 0P00018XAR.L (VAFTGAG),2020-05-23,128.6403045654297
Vanguard,0P00018XAR.L,Vanguard FTSE Global All Cp Idx £ Acc - 0P00018XAR.L (VAFTGAG),2020-05-24,128.6403045654297
Vanguard,0P00018XAR.L,Vanguard FTSE Global All Cp Idx £ Acc - 0P00018XAR.L (VAFTGAG),2020-05-25,128.6403045654297
Vanguard,0P00018XAR.L,Vanguard FTSE Global All Cp Idx £ Acc - 0P00018XAR.L (VAFTGAG),2020-05-26,129.7082977294922
Vanguard,0P00018XAR.L,Vanguard FTSE Global All Cp Idx £ Acc - 0P00018XAR.L (VAFTGAG),2020-05-27,132.53990173339844
Vanguard,0P00018XAR.L,Vanguard FTSE Global All Cp Idx £ Acc - 0P00018XAR.L (VAFTGAG),2020-05-28,131.88490295410156
Vanguard,0P00018XAR.L,Vanguard FTSE Global All Cp Idx £ Acc - 0P00018XAR.L (VAFTGAG),2020-05-29,131.5010986328125
Vanguard,0P00018XAR.L,Vanguard FTSE Global All Cp Idx £ Acc - 0P00018XAR.L (VAFTGAG),2020-05-30,131.5010986328125
Vanguard,0P00018XAR.L,Vanguard FTSE Global All Cp Idx £ Acc - 0P00018XAR.L (VAFTGAG),2020-05-31,131.5010986328125
Vanguard,0P00018XAR.L,Vanguard FTSE Global All Cp Idx £ Acc - 0P00018XAR.L (VAFTGAG),2020-06-01,131.51480102539062
Vanguard,0P00018XAR.L,Vanguard FTSE Global All Cp Idx £ Acc - 0P00018XAR.L (VAFTGAG),2020-06-02,132.2528076171875
Vanguard,0P00018XAR.L,Vanguard FTSE Global All Cp Idx £ Acc - 0P00018XAR.L (VAFTGAG),2020-06-03,134.1486053466797
Vanguard,0P00018XAR.L,Vanguard FTSE Global All Cp Idx £ Acc - 0P00018XAR.L (VAFTGAG),2020-06-04,133.93829345703125
Vanguard,0P00018XAR.L,Vanguard FTSE Global All Cp Idx £ Acc - 0P00018XAR.L (VAFTGAG),2020-06-05,135.5406951904297
Vanguard,0P00018XAR.L,Vanguard FTSE Global All Cp Idx £ Acc - 0P00018XAR.L (VAFTGAG),2020-06-06,135.5406951904297
Vanguard,0P00018XAR.L,Vanguard FTSE Global All Cp Idx £ Acc - 0P00018XAR.L (VAFTGAG),2020-06-07,135.5406951904297
Vanguard,0P00018XAR.L,Vanguard FTSE Global All Cp Idx £ Acc - 0P00018XAR.L (VAFTGAG),2020-06-08,137.13650512695312
Vanguard,0P00018XAR.L,Vanguard FTSE Global All Cp Idx £ Acc - 0P00018XAR.L (VAFTGAG),2020-06-09,136.08299255371094
Vanguard,0P00018XAR.L,Vanguard FTSE Global All Cp Idx £ Acc - 0P00018XAR.L (VAFTGAG),2020-06-10,135.16310119628906
Vanguard,0P00018XAR.L,Vanguard FTSE Global All Cp Idx £ Acc - 0P00018XAR.L (VAFTGAG),2020-06-11,129.9884033203125
Vanguard,0P00018XAR.L,Vanguard FTSE Global All Cp Idx £ Acc - 0P00018XAR.L (VAFTGAG),2020-06-12,131.5399932861328
Vanguard,0P00018XAR.L,Vanguard FTSE Global All Cp Idx £ Acc - 0P00018XAR.L (VAFTGAG),2020-06-13,131.5399932861328
Vanguard,0P00018XAR.L,Vanguard FTSE Global All Cp Idx £ Acc - 0P00018XAR.L (VAFTGAG),2020-06-14,131.5399932861328
Vanguard,0P00018XAR.L,Vanguard FTSE Global All Cp Idx £ Acc - 0P00018XAR.L (VAFTGAG),2020-06-15,131.326904296875
Vanguard,0P00018XAR.L,Vanguard FTSE Global All Cp Idx £ Acc - 0P00018XAR.L (VAFTGAG),2020-06-16,134.28579711914062
Vanguard,0P00018XAR.L,Vanguard FTSE Global All Cp Idx £ Acc - 0P00018XAR.L (VAFTGAG),2020-06-17,134.49400329589844
Vanguard,0P00018XAR.L,Vanguard FTSE Global All Cp Idx £ Acc - 0P00018XAR.L (VAFTGAG),2020-06-18,135.7012939453125
Vanguard,0P00018XAR.L,Vanguard FTSE Global All Cp Idx £ Acc - 0P00018XAR.L (VAFTGAG),2020-06-19,135.99400329589844
Vanguard,0P00018XAR.L,Vanguard FTSE Global All Cp Idx £ Acc - 0P00018XAR.L (VAFTGAG),2020-06-20,135.99400329589844
Vanguard,0P00018XAR.L,Vanguard FTSE Global All Cp Idx £ Acc - 0P00018XAR.L (VAFTGAG),2020-06-21,135.99400329589844
Vanguard,0P00018XAR.L,Vanguard FTSE Global All Cp Idx £ Acc - 0P00018XAR.L (VAFTGAG),2020-06-22,135.58160400390625
Vanguard,0P00018XAR.L,Vanguard FTSE Global All Cp Idx £ Acc - 0P00018XAR.L (VAFTGAG),2020-06-23,135.9320068359375
Vanguard,0P00018XAR.L,Vanguard FTSE Global All Cp Idx £ Acc - 0P00018XAR.L (VAFTGAG),2020-06-24,133.64190673828125
Vanguard,0P00018XAR.L,Vanguard FTSE Global All Cp Idx £ Acc - 0P00018XAR.L (VAFTGAG),2020-06-25,134.6920928955078
Vanguard,0P00018XAR.L,Vanguard FTSE Global All Cp Idx £ Acc - 0P00018XAR.L (VAFTGAG),2020-06-26,133.6721954345703
Vanguard,0P00018XAR.L,Vanguard FTSE Global All Cp Idx £ Acc - 0P00018XAR.L (VAFTGAG),2020-06-27,133.6721954345703
Vanguard,0P00018XAR.L,Vanguard FTSE Global All Cp Idx £ Acc - 0P00018XAR.L (VAFTGAG),2020-06-28,133.6721954345703
Vanguard,0P00018XAR.L,Vanguard FTSE Global All Cp Idx £ Acc - 0P00018XAR.L (VAFTGAG),2020-06-29,135.26199340820312
Vanguard,0P00018XAR.L,Vanguard FTSE Global All Cp Idx £ Acc - 0P00018XAR.L (VAFTGAG),2020-06-30,135.66659545898438
Vanguard,0P00018XAR.L,Vanguard FTSE Global All Cp Idx £ Acc - 0P00018XAR.L (VAFTGAG),2020-07-01,135.08929443359375
Vanguard,0P00018XAR.L,Vanguard FTSE Global All Cp Idx £ Acc - 0P00018XAR.L (VAFTGAG),2020-07-02,136.27920532226562
Vanguard,0P00018XAR.L,Vanguard FTSE Global All Cp Idx £ Acc - 0P00018XAR.L (VAFTGAG),2020-07-03,136.37660217285156
Vanguard,0P00018XAR.L,Vanguard FTSE Global All Cp Idx £ Acc - 0P00018XAR.L (VAFTGAG),2020-07-04,136.37660217285156
Vanguard,0P00018XAR.L,Vanguard FTSE Global All Cp Idx £ Acc - 0P00018XAR.L (VAFTGAG),2020-07-05,136.37660217285156
Vanguard,0P00018XAR.L,Vanguard FTSE Global All Cp Idx £ Acc - 0P00018XAR.L (VAFTGAG),2020-07-06,138.34869384765625
Vanguard,0P00018XAR.L,Vanguard FTSE Global All Cp Idx £ Acc - 0P00018XAR.L (VAFTGAG),2020-07-07,136.33380126953125
Vanguard,0P00018XAR.L,Vanguard FTSE Global All Cp Idx £ Acc - 0P00018XAR.L (VAFTGAG),2020-07-08,136.8603057861328
Vanguard,0P00018XAR.L,Vanguard FTSE Global All Cp Idx £ Acc - 0P00018XAR.L (VAFTGAG),2020-07-09,136.0872039794922
Vanguard,0P00018XAR.L,Vanguard FTSE Global All Cp Idx £ Acc - 0P00018XAR.L (VAFTGAG),2020-07-10,136.406005859375
Vanguard,0P00018XAR.L,Vanguard FTSE Global All Cp Idx £ Acc - 0P00018XAR.L (VAFTGAG),2020-07-11,136.406005859375
Vanguard,0P00018XAR.L,Vanguard FTSE Global All Cp Idx £ Acc - 0P00018XAR.L (VAFTGAG),2020-07-12,136.406005859375
Vanguard,0P00018XAR.L,Vanguard FTSE Global All Cp Idx £ Acc - 0P00018XAR.L (VAFTGAG),2020-07-13,136.64999389648438
Vanguard,0P00018XAR.L,Vanguard FTSE Global All Cp Idx £ Acc - 0P00018XAR.L (VAFTGAG),2020-07-14,138.29119873046875
Vanguard,0P00018XAR.L,Vanguard FTSE Global All Cp Idx £ Acc - 0P00018XAR.L (VAFTGAG),2020-07-15,139.0666961669922
Vanguard,0P00018XAR.L,Vanguard FTSE Global All Cp Idx £ Acc - 0P00018XAR.L (VAFTGAG),2020-07-16,138.43380737304688
Vanguard,0P00018XAR.L,Vanguard FTSE Global All Cp Idx £ Acc - 0P00018XAR.L (VAFTGAG),2020-07-17,139.56939697265625
Vanguard,0P00018XAR.L,Vanguard FTSE Global All Cp Idx £ Acc - 0P00018XAR.L (VAFTGAG),2020-07-18,139.56939697265625
Vanguard,0P00018XAR.L,Vanguard FTSE Global All Cp Idx £ Acc - 0P00018XAR.L (VAFTGAG),2020-07-19,139.56939697265625
Vanguard,0P00018XAR.L,Vanguard FTSE Global All Cp Idx £ Acc - 0P00018XAR.L (VAFTGAG),2020-07-20,139.4239959716797
Vanguard,0P00018XAR.L,Vanguard FTSE Global All Cp Idx £ Acc - 0P00018XAR.L (VAFTGAG),2020-07-21,139.18609619140625
Vanguard,0P00018XAR.L,Vanguard FTSE Global All Cp Idx £ Acc - 0P00018XAR.L (VAFTGAG),2020-07-22,139.6143035888672
Vanguard,0P00018XAR.L,Vanguard FTSE Global All Cp Idx £ Acc - 0P00018XAR.L (VAFTGAG),2020-07-23,138.57789611816406
Vanguard,0P00018XAR.L,Vanguard FTSE Global All Cp Idx £ Acc - 0P00018XAR.L (VAFTGAG),2020-07-24,136.94290161132812
Vanguard,0P00018XAR.L,Vanguard FTSE Global All Cp Idx £ Acc - 0P00018XAR.L (VAFTGAG),2020-07-25,136.94290161132812
Vanguard,0P00018XAR.L,Vanguard FTSE Global All Cp Idx £ Acc - 0P00018XAR.L (VAFTGAG),2020-07-26,136.94290161132812
Vanguard,0P00018XAR.L,Vanguard FTSE Global All Cp Idx £ Acc - 0P00018XAR.L (VAFTGAG),2020-07-27,137.03829956054688
Vanguard,0P00018XAR.L,Vanguard FTSE Global All Cp Idx £ Acc - 0P00018XAR.L (VAFTGAG),2020-07-28,136.0404052734375
Vanguard,0P00018XAR.L,Vanguard FTSE Global All Cp Idx £ Acc - 0P00018XAR.L (VAFTGAG),2020-07-29,136.98599243164062
Vanguard,0P00018XAR.L,Vanguard FTSE Global All Cp Idx £ Acc - 0P00018XAR.L (VAFTGAG),2020-07-30,135.30580139160156
Vanguard,0P00018XAR.L,Vanguard FTSE Global All Cp Idx £ Acc - 0P00018XAR.L (VAFTGAG),2020-07-31,134.33729553222656
Vanguard,0P00018XAR.L,Vanguard FTSE Global All Cp Idx £ Acc - 0P00018XAR.L (VAFTGAG),2020-08-01,134.33729553222656
Vanguard,0P00018XAR.L,Vanguard FTSE Global All Cp Idx £ Acc - 0P00018XAR.L (VAFTGAG),2020-08-02,134.33729553222656
Vanguard,0P00018XAR.L,Vanguard FTSE Global All Cp Idx £ Acc - 0P00018XAR.L (VAFTGAG),2020-08-03,136.39329528808594
Vanguard,0P00018XAR.L,Vanguard FTSE Global All Cp Idx £ Acc - 0P00018XAR.L (VAFTGAG),2020-08-04,137.05589294433594
Vanguard,0P00018XAR.L,Vanguard FTSE Global All Cp Idx £ Acc - 0P00018XAR.L (VAFTGAG),2020-08-05,137.31390380859375
Vanguard,0P00018XAR.L,Vanguard FTSE Global All Cp Idx £ Acc - 0P00018XAR.L (VAFTGAG),2020-08-06,137.5334014892578
Vanguard,0P00018XAR.L,Vanguard FTSE Global All Cp Idx £ Acc - 0P00018XAR.L (VAFTGAG),2020-08-07,138.1457977294922
Vanguard,0P00018XAR.L,Vanguard FTSE Global All Cp Idx £ Acc - 0P00018XAR.L (VAFTGAG),2020-08-08,138.1457977294922
Vanguard,0P00018XAR.L,Vanguard FTSE Global All Cp Idx £ Acc - 0P00018XAR.L (VAFTGAG),2020-08-09,138.1457977294922
Vanguard,0P00018XAR.L,Vanguard FTSE Global All Cp Idx £ Acc - 0P00018XAR.L (VAFTGAG),2020-08-10,137.97549438476562
Vanguard,0P00018XAR.L,Vanguard FTSE Global All Cp Idx £ Acc - 0P00018XAR.L (VAFTGAG),2020-08-11,138.08580017089844
Vanguard,0P00018XAR.L,Vanguard FTSE Global All Cp Idx £ Acc - 0P00018XAR.L (VAFTGAG),2020-08-12,139.9971923828125
Vanguard,0P00018XAR.L,Vanguard FTSE Global All Cp Idx £ Acc - 0P00018XAR.L (VAFTGAG),2020-08-13,139.56080627441406
Vanguard,0P00018XAR.L,Vanguard FTSE Global All Cp Idx £ Acc - 0P00018XAR.L (VAFTGAG),2020-08-14,139.06089782714844
Vanguard,0P00018XAR.L,Vanguard FTSE Global All Cp Idx £ Acc - 0P00018XAR.L (VAFTGAG),2020-08-15,139.06089782714844
Vanguard,0P00018XAR.L,Vanguard FTSE Global All Cp Idx £ Acc - 0P00018XAR.L (VAFTGAG),2020-08-16,139.06089782714844
Vanguard,0P00018XAR.L,Vanguard FTSE Global All Cp Idx £ Acc - 0P00018XAR.L (VAFTGAG),2020-08-17,139.74710083007812
Vanguard,0P00018XAR.L,Vanguard FTSE Global All Cp Idx £ Acc - 0P00018XAR.L (VAFTGAG),2020-08-18,138.7646942138672
Vanguard,0P00018XAR.L,Vanguard FTSE Global All Cp Idx £ Acc - 0P00018XAR.L (VAFTGAG),2020-08-19,138.82009887695312
Vanguard,0P00018XAR.L,Vanguard FTSE Global All Cp Idx £ Acc - 0P00018XAR.L (VAFTGAG),2020-08-20,138.6717987060547
Vanguard,0P00018XAR.L,Vanguard FTSE Global All Cp Idx £ Acc - 0P00018XAR.L (VAFTGAG),2020-08-21,139.6342010498047
Vanguard,0P00018XAR.L,Vanguard FTSE Global All Cp Idx £ Acc - 0P00018XAR.L (VAFTGAG),2020-08-22,139.6342010498047
Vanguard,0P00018XAR.L,Vanguard FTSE Global All Cp Idx £ Acc - 0P00018XAR.L (VAFTGAG),2020-08-23,139.6342010498047
Vanguard,0P00018XAR.L,Vanguard FTSE Global All Cp Idx £ Acc - 0P00018XAR.L (VAFTGAG),2020-08-24,141.2283935546875
Vanguard,0P00018XAR.L,Vanguard FTSE Global All Cp Idx £ Acc - 0P00018XAR.L (VAFTGAG),2020-08-25,141.10389709472656
Vanguard,0P00018XAR.L,Vanguard FTSE Global All Cp Idx £ Acc - 0P00018XAR.L (VAFTGAG),2020-08-26,141.439697265625
Vanguard,0P00018XAR.L,Vanguard FTSE Global All Cp Idx £ Acc - 0P00018XAR.L (VAFTGAG),2020-08-27,141.3072967529297
Vanguard,0P00018XAR.L,Vanguard FTSE Global All Cp Idx £ Acc - 0P00018XAR.L (VAFTGAG),2020-08-28,140.72340393066406
Vanguard,0P00018XAR.L,Vanguard FTSE Global All Cp Idx £ Acc - 0P00018XAR.L (VAFTGAG),2020-08-29,140.72340393066406
Vanguard,0P00018XAR.L,Vanguard FTSE Global All Cp Idx £ Acc - 0P00018XAR.L (VAFTGAG),2020-08-30,140.72340393066406
Vanguard,0P00018XAR.L,Vanguard FTSE Global All Cp Idx £ Acc - 0P00018XAR.L (VAFTGAG),2020-08-31,140.72340393066406
Vanguard,0P00018XAR.L,Vanguard FTSE Global All Cp Idx £ Acc - 0P00018XAR.L (VAFTGAG),2020-09-01,139.8907012939453
Vanguard,0P00018XAR.L,Vanguard FTSE Global All Cp Idx £ Acc - 0P00018XAR.L (VAFTGAG),2020-09-02,142.62109375
Vanguard,0P00018XAR.L,Vanguard FTSE Global All Cp Idx £ Acc - 0P00018XAR.L (VAFTGAG),2020-09-03,139.50779724121094
Vanguard,0P00018XAR.L,Vanguard FTSE Global All Cp Idx £ Acc - 0P00018XAR.L (VAFTGAG),2020-09-04,138.75970458984375
Vanguard,0P00018XAR.L,Vanguard FTSE Global All Cp Idx £ Acc - 0P00018XAR.L (VAFTGAG),2020-09-05,138.75970458984375
Vanguard,0P00018XAR.L,Vanguard FTSE Global All Cp Idx £ Acc - 0P00018XAR.L (VAFTGAG),2020-09-06,138.75970458984375
Vanguard,0P00018XAR.L,Vanguard FTSE Global All Cp Idx £ Acc - 0P00018XAR.L (VAFTGAG),2020-09-07,139.4429931640625
Vanguard,0P00018XAR.L,Vanguard FTSE Global All Cp Idx £ Acc - 0P00018XAR.L (VAFTGAG),2020-09-08,138.35130310058594
Vanguard,0P00018XAR.L,Vanguard FTSE Global All Cp Idx £ Acc - 0P00018XAR.L (VAFTGAG),2020-09-09,140.4904022216797
Vanguard,0P00018XAR.L,Vanguard FTSE Global All Cp Idx £ Acc - 0P00018XAR.L (VAFTGAG),2020-09-10,140.67550659179688
Vanguard,0P00018XAR.L,Vanguard FTSE Global All Cp Idx £ Acc - 0P00018XAR.L (VAFTGAG),2020-09-11,141.65130615234375
Vanguard,0P00018XAR.L,Vanguard FTSE Global All Cp Idx £ Acc - 0P00018XAR.L (VAFTGAG),2020-09-12,141.65130615234375
Vanguard,0P00018XAR.L,Vanguard FTSE Global All Cp Idx £ Acc - 0P00018XAR.L (VAFTGAG),2020-09-13,141.65130615234375
Vanguard,0P00018XAR.L,Vanguard FTSE Global All Cp Idx £ Acc - 0P00018XAR.L (VAFTGAG),2020-09-14,142.34039306640625
Vanguard,0P00018XAR.L,Vanguard FTSE Global All Cp Idx £ Acc - 0P00018XAR.L (VAFTGAG),2020-09-15,143.3592987060547
Vanguard,0P00018XAR.L,Vanguard FTSE Global All Cp Idx £ Acc - 0P00018XAR.L (VAFTGAG),2020-09-16,141.6811981201172
Vanguard,0P00018XAR.L,Vanguard FTSE Global All Cp Idx £ Acc - 0P00018XAR.L (VAFTGAG),2020-09-17,141.12869262695312
Vanguard,0P00018XAR.L,Vanguard FTSE Global All Cp Idx £ Acc - 0P00018XAR.L (VAFTGAG),2020-09-18,140.2740936279297
Vanguard,0P00018XAR.L,Vanguard FTSE Global All Cp Idx £ Acc - 0P00018XAR.L (VAFTGAG),2020-09-19,140.2740936279297
Vanguard,0P00018XAR.L,Vanguard FTSE Global All Cp Idx £ Acc - 0P00018XAR.L (VAFTGAG),2020-09-20,140.2740936279297
Vanguard,0P00018XAR.L,Vanguard FTSE Global All Cp Idx £ Acc - 0P00018XAR.L (VAFTGAG),2020-09-21,139.61720275878906
Vanguard,0P00018XAR.L,Vanguard FTSE Global All Cp Idx £ Acc - 0P00018XAR.L (VAFTGAG),2020-09-22,140.97970581054688
Vanguard,0P00018XAR.L,Vanguard FTSE Global All Cp Idx £ Acc - 0P00018XAR.L (VAFTGAG),2020-09-23,138.4929962158203
Vanguard,0P00018XAR.L,Vanguard FTSE Global All Cp Idx £ Acc - 0P00018XAR.L (VAFTGAG),2020-09-24,138.34129333496094
Vanguard,0P00018XAR.L,Vanguard FTSE Global All Cp Idx £ Acc - 0P00018XAR.L (VAFTGAG),2020-09-25,139.85580444335938
Vanguard,0P00018XAR.L,Vanguard FTSE Global All Cp Idx £ Acc - 0P00018XAR.L (VAFTGAG),2020-09-26,139.85580444335938
Vanguard,0P00018XAR.L,Vanguard FTSE Global All Cp Idx £ Acc - 0P00018XAR.L (VAFTGAG),2020-09-27,139.85580444335938
Vanguard,0P00018XAR.L,Vanguard FTSE Global All Cp Idx £ Acc - 0P00018XAR.L (VAFTGAG),2020-09-28,140.6743927001953
Vanguard,0P00018XAR.L,Vanguard FTSE Global All Cp Idx £ Acc - 0P00018XAR.L (VAFTGAG),2020-09-29,140.40379333496094
Vanguard,0P00018XAR.L,Vanguard FTSE Global All Cp Idx £ Acc - 0P00018XAR.L (VAFTGAG),2020-09-30,140.0072021484375
Vanguard,0P00018XAR.L,Vanguard FTSE Global All Cp Idx £ Acc - 0P00018XAR.L (VAFTGAG),2020-10-01,141.46859741210938
Vanguard,0P00018XAR.L,Vanguard FTSE Global All Cp Idx £ Acc - 0P00018XAR.L (VAFTGAG),2020-10-02,139.89349365234375
Vanguard,0P00018XAR.L,Vanguard FTSE Global All Cp Idx £ Acc - 0P00018XAR.L (VAFTGAG),2020-10-03,139.89349365234375
Vanguard,0P00018XAR.L,Vanguard FTSE Global All Cp Idx £ Acc - 0P00018XAR.L (VAFTGAG),2020-10-04,139.89349365234375
Vanguard,0P00018XAR.L,Vanguard FTSE Global All Cp Idx £ Acc - 0P00018XAR.L (VAFTGAG),2020-10-05,141.75180053710938
Vanguard,0P00018XAR.L,Vanguard FTSE Global All Cp Idx £ Acc - 0P00018XAR.L (VAFTGAG),2020-10-06,141.03590393066406
Vanguard,0P00018XAR.L,Vanguard FTSE Global All Cp Idx £ Acc - 0P00018XAR.L (VAFTGAG),2020-10-07,143.28660583496094
Vanguard,0P00018XAR.L,Vanguard FTSE Global All Cp Idx £ Acc - 0P00018XAR.L (VAFTGAG),2020-10-08,144.10580444335938
Vanguard,0P00018XAR.L,Vanguard FTSE Global All Cp Idx £ Acc - 0P00018XAR.L (VAFTGAG),2020-10-09,144.45480346679688
Vanguard,0P00018XAR.L,Vanguard FTSE Global All Cp Idx £ Acc - 0P00018XAR.L (VAFTGAG),2020-10-10,144.45480346679688
Vanguard,0P00018XAR.L,Vanguard FTSE Global All Cp Idx £ Acc - 0P00018XAR.L (VAFTGAG),2020-10-11,144.45480346679688
Vanguard,0P00018XAR.L,Vanguard FTSE Global All Cp Idx £ Acc - 0P00018XAR.L (VAFTGAG),2020-10-12,145.3533935546875
Vanguard,0P00018XAR.L,Vanguard FTSE Global All Cp Idx £ Acc - 0P00018XAR.L (VAFTGAG),2020-10-13,145.5063018798828
Vanguard,0P00018XAR.L,Vanguard FTSE Global All Cp Idx £ Acc - 0P00018XAR.L (VAFTGAG),2020-10-14,144.3679962158203
Vanguard,0P00018XAR.L,Vanguard FTSE Global All Cp Idx £ Acc - 0P00018XAR.L (VAFTGAG),2020-10-15,144.75140380859375
Vanguard,0P00018XAR.L,Vanguard FTSE Global All Cp Idx £ Acc - 0P00018XAR.L (VAFTGAG),2020-10-16,144.75709533691406
Vanguard,0P00018XAR.L,Vanguard FTSE Global All Cp Idx £ Acc - 0P00018XAR.L (VAFTGAG),2020-10-17,144.75709533691406
Vanguard,0P00018XAR.L,Vanguard FTSE Global All Cp Idx £ Acc - 0P00018XAR.L (VAFTGAG),2020-10-18,144.75709533691406
Vanguard,0P00018XAR.L,Vanguard FTSE Global All Cp Idx £ Acc - 0P00018XAR.L (VAFTGAG),2020-10-19,142.94290161132812
Vanguard,0P00018XAR.L,Vanguard FTSE Global All Cp Idx £ Acc - 0P00018XAR.L (VAFTGAG),2020-10-20,143.69639587402344
Vanguard,0P00018XAR.L,Vanguard FTSE Global All Cp Idx £ Acc - 0P00018XAR.L (VAFTGAG),2020-10-21,141.31610107421875
Vanguard,0P00018XAR.L,Vanguard FTSE Global All Cp Idx £ Acc - 0P00018XAR.L (VAFTGAG),2020-10-22,142.25669860839844
Vanguard,0P00018XAR.L,Vanguard FTSE Global All Cp Idx £ Acc - 0P00018XAR.L (VAFTGAG),2020-10-23,143.31089782714844
Vanguard,0P00018XAR.L,Vanguard FTSE Global All Cp Idx £ Acc - 0P00018XAR.L (VAFTGAG),2020-10-24,143.31089782714844
Vanguard,0P00018XAR.L,Vanguard FTSE Global All Cp Idx £ Acc - 0P00018XAR.L (VAFTGAG),2020-10-25,143.31089782714844
Vanguard,0P00018XAR.L,Vanguard FTSE Global All Cp Idx £ Acc - 0P00018XAR.L (VAFTGAG),2020-10-26,141.31500244140625
Vanguard,0P00018XAR.L,Vanguard FTSE Global All Cp Idx £ Acc - 0P00018XAR.L (VAFTGAG),2020-10-27,140.4145965576172
Vanguard,0P00018XAR.L,Vanguard FTSE Global All Cp Idx £ Acc - 0P00018XAR.L (VAFTGAG),2020-10-28,137.16409301757812
Vanguard,0P00018XAR.L,Vanguard FTSE Global All Cp Idx £ Acc - 0P00018XAR.L (VAFTGAG),2020-10-29,138.87469482421875
Vanguard,0P00018XAR.L,Vanguard FTSE Global All Cp Idx £ Acc - 0P00018XAR.L (VAFTGAG),2020-10-30,136.9261932373047
Vanguard,0P00018XAR.L,Vanguard FTSE Global All Cp Idx £ Acc - 0P00018XAR.L (VAFTGAG),2020-10-31,136.9261932373047
Vanguard,0P00018XAR.L,Vanguard FTSE Global All Cp Idx £ Acc - 0P00018XAR.L (VAFTGAG),2020-11-01,136.9261932373047
Vanguard,0P00018XAR.L,Vanguard FTSE Global All Cp Idx £ Acc - 0P00018XAR.L (VAFTGAG),2020-11-02,138.90609741210938
Vanguard,0P00018XAR.L,Vanguard FTSE Global All Cp Idx £ Acc - 0P00018XAR.L (VAFTGAG),2020-11-03,139.7012939453125
Vanguard,0P00018XAR.L,Vanguard FTSE Global All Cp Idx £ Acc - 0P00018XAR.L (VAFTGAG),2020-11-04,143.07400512695312
Vanguard,0P00018XAR.L,Vanguard FTSE Global All Cp Idx £ Acc - 0P00018XAR.L (VAFTGAG),2020-11-05,144.8542938232422
Vanguard,0P00018XAR.L,Vanguard FTSE Global All Cp Idx £ Acc - 0P00018XAR.L (VAFTGAG),2020-11-06,144.7678985595703
Vanguard,0P00018XAR.L,Vanguard FTSE Global All Cp Idx £ Acc - 0P00018XAR.L (VAFTGAG),2020-11-07,144.7678985595703
Vanguard,0P00018XAR.L,Vanguard FTSE Global All Cp Idx £ Acc - 0P00018XAR.L (VAFTGAG),2020-11-08,144.7678985595703
Vanguard,0P00018XAR.L,Vanguard FTSE Global All Cp Idx £ Acc - 0P00018XAR.L (VAFTGAG),2020-11-09,146.86630249023438
Vanguard,0P00018XAR.L,Vanguard FTSE Global All Cp Idx £ Acc - 0P00018XAR.L (VAFTGAG),2020-11-10,146.0229034423828
Vanguard,0P00018XAR.L,Vanguard FTSE Global All Cp Idx £ Acc - 0P00018XAR.L (VAFTGAG),2020-11-11,147.5113983154297
Vanguard,0P00018XAR.L,Vanguard FTSE Global All Cp Idx £ Acc - 0P00018XAR.L (VAFTGAG),2020-11-12,147.30419921875
Vanguard,0P00018XAR.L,Vanguard FTSE Global All Cp Idx £ Acc - 0P00018XAR.L (VAFTGAG),2020-11-13,148.1508026123047
Vanguard,0P00018XAR.L,Vanguard FTSE Global All Cp Idx £ Acc - 0P00018XAR.L (VAFTGAG),2020-11-14,148.1508026123047
Vanguard,0P00018XAR.L,Vanguard FTSE Global All Cp Idx £ Acc - 0P00018XAR.L (VAFTGAG),2020-11-15,148.1508026123047
Vanguard,0P00018XAR.L,Vanguard FTSE Global All Cp Idx £ Acc - 0P00018XAR.L (VAFTGAG),2020-11-16,149.95809936523438
Vanguard,0P00018XAR.L,Vanguard FTSE Global All Cp Idx £ Acc - 0P00018XAR.L (VAFTGAG),2020-11-17,148.927001953125
Vanguard,0P00018XAR.L,Vanguard FTSE Global All Cp Idx £ Acc - 0P00018XAR.L (VAFTGAG),2020-11-18,147.7843017578125
Vanguard,0P00018XAR.L,Vanguard FTSE Global All Cp Idx £ Acc - 0P00018XAR.L (VAFTGAG),2020-11-19,148.7454071044922
Vanguard,0P00018XAR.L,Vanguard FTSE Global All Cp Idx £ Acc - 0P00018XAR.L (VAFTGAG),2020-11-20,147.93350219726562
Vanguard,0P00018XAR.L,Vanguard FTSE Global All Cp Idx £ Acc - 0P00018XAR.L (VAFTGAG),2020-11-21,147.93350219726562
Vanguard,0P00018XAR.L,Vanguard FTSE Global All Cp Idx £ Acc - 0P00018XAR.L (VAFTGAG),2020-11-22,147.93350219726562
Vanguard,0P00018XAR.L,Vanguard FTSE Global All Cp Idx £ Acc - 0P00018XAR.L (VAFTGAG),2020-11-23,148.50509643554688
Vanguard,0P00018XAR.L,Vanguard FTSE Global All Cp Idx £ Acc - 0P00018XAR.L (VAFTGAG),2020-11-24,149.9210968017578
Vanguard,0P00018XAR.L,Vanguard FTSE Global All Cp Idx £ Acc - 0P00018XAR.L (VAFTGAG),2020-11-25,149.6072998046875
Vanguard,0P00018XAR.L,Vanguard FTSE Global All Cp Idx £ Acc - 0P00018XAR.L (VAFTGAG),2020-11-26,150.39779663085938
Vanguard,0P00018XAR.L,Vanguard FTSE Global All Cp Idx £ Acc - 0P00018XAR.L (VAFTGAG),2020-11-27,150.9573974609375
Vanguard,0P00018XAR.L,Vanguard FTSE Global All Cp Idx £ Acc - 0P00018XAR.L (VAFTGAG),2020-11-28,150.9573974609375
Vanguard,0P00018XAR.L,Vanguard FTSE Global All Cp Idx £ Acc - 0P00018XAR.L (VAFTGAG),2020-11-29,150.9573974609375
Vanguard,0P00018XAR.L,Vanguard FTSE Global All Cp Idx £ Acc - 0P00018XAR.L (VAFTGAG),2020-11-30,149.49729919433594
Vanguard,0P00018XAR.L,Vanguard FTSE Global All Cp Idx £ Acc - 0P00018XAR.L (VAFTGAG),2020-12-01,150.91380310058594
Vanguard,0P00018XAR.L,Vanguard FTSE Global All Cp Idx £ Acc - 0P00018XAR.L (VAFTGAG),2020-12-02,151.66619873046875
Vanguard,0P00018XAR.L,Vanguard FTSE Global All Cp Idx £ Acc - 0P00018XAR.L (VAFTGAG),2020-12-03,150.352294921875
Vanguard,0P00018XAR.L,Vanguard FTSE Global All Cp Idx £ Acc - 0P00018XAR.L (VAFTGAG),2020-12-04,151.82650756835938
Vanguard,0P00018XAR.L,Vanguard FTSE Global All Cp Idx £ Acc - 0P00018XAR.L (VAFTGAG),2020-12-05,151.82650756835938
Vanguard,0P00018XAR.L,Vanguard FTSE Global All Cp Idx £ Acc - 0P00018XAR.L (VAFTGAG),2020-12-06,151.82650756835938
Vanguard,0P00018XAR.L,Vanguard FTSE Global All Cp Idx £ Acc - 0P00018XAR.L (VAFTGAG),2020-12-07,153.4008026123047
Vanguard,0P00018XAR.L,Vanguard FTSE Global All Cp Idx £ Acc - 0P00018XAR.L (VAFTGAG),2020-12-08,153.31509399414062
Vanguard,0P00018XAR.L,Vanguard FTSE Global All Cp Idx £ Acc - 0P00018XAR.L (VAFTGAG),2020-12-09,152.33670043945312
Vanguard,0P00018XAR.L,Vanguard FTSE Global All Cp Idx £ Acc - 0P00018XAR.L (VAFTGAG),2020-12-10,153.72900390625
Vanguard,0P00018XAR.L,Vanguard FTSE Global All Cp Idx £ Acc - 0P00018XAR.L (VAFTGAG),2020-12-11,154.11990356445312
Vanguard,0P00018XAR.L,Vanguard FTSE Global All Cp Idx £ Acc - 0P00018XAR.L (VAFTGAG),2020-12-12,154.11990356445312
Vanguard,0P00018XAR.L,Vanguard FTSE Global All Cp Idx £ Acc - 0P00018XAR.L (VAFTGAG),2020-12-13,154.11990356445312
Vanguard,0P00018XAR.L,Vanguard FTSE Global All Cp Idx £ Acc - 0P00018XAR.L (VAFTGAG),2020-12-14,152.7176971435547
Vanguard,0P00018XAR.L,Vanguard FTSE Global All Cp Idx £ Acc - 0P00018XAR.L (VAFTGAG),2020-12-15,153.06289672851562
Vanguard,0P00018XAR.L,Vanguard FTSE Global All Cp Idx £ Acc - 0P00018XAR.L (VAFTGAG),2020-12-16,152.68789672851562
Vanguard,0P00018XAR.L,Vanguard FTSE Global All Cp Idx £ Acc - 0P00018XAR.L (VAFTGAG),2020-12-17,152.79229736328125
Vanguard,0P00018XAR.L,Vanguard FTSE Global All Cp Idx £ Acc - 0P00018XAR.L (VAFTGAG),2020-12-18,153.52639770507812
Vanguard,0P00018XAR.L,Vanguard FTSE Global All Cp Idx £ Acc - 0P00018XAR.L (VAFTGAG),2020-12-19,153.52639770507812
Vanguard,0P00018XAR.L,Vanguard FTSE Global All Cp Idx £ Acc - 0P00018XAR.L (VAFTGAG),2020-12-20,153.52639770507812
Vanguard,0P00018XAR.L,Vanguard FTSE Global All Cp Idx £ Acc - 0P00018XAR.L (VAFTGAG),2020-12-21,154.16470336914062
Vanguard,0P00018XAR.L,Vanguard FTSE Global All Cp Idx £ Acc - 0P00018XAR.L (VAFTGAG),2020-12-22,154.01060485839844
Vanguard,0P00018XAR.L,Vanguard FTSE Global All Cp Idx £ Acc - 0P00018XAR.L (VAFTGAG),2020-12-23,152.46139526367188
Vanguard,0P00018XAR.L,Vanguard FTSE Global All Cp Idx £ Acc - 0P00018XAR.L (VAFTGAG),2020-12-24,152.631103515625
Vanguard,0P00018XAR.L,Vanguard FTSE Global All Cp Idx £ Acc - 0P00018XAR.L (VAFTGAG),2020-12-25,152.631103515625
Vanguard,0P00018XAR.L,Vanguard FTSE Global All Cp Idx £ Acc - 0P00018XAR.L (VAFTGAG),2020-12-26,152.631103515625
Vanguard,0P00018XAR.L,Vanguard FTSE Global All Cp Idx £ Acc - 0P00018XAR.L (VAFTGAG),2020-12-27,152.631103515625
Vanguard,0P00018XAR.L,Vanguard FTSE Global All Cp Idx £ Acc - 0P00018XAR.L (VAFTGAG),2020-12-28,152.631103515625
Vanguard,0P00018XAR.L,Vanguard FTSE Global All Cp Idx £ Acc - 0P00018XAR.L (VAFTGAG),2020-12-29,154.3863983154297
Vanguard,0P00018XAR.L,Vanguard FTSE Global All Cp Idx £ Acc - 0P00018XAR.L (VAFTGAG),2020-12-30,153.5507049560547
Vanguard,0P00018XAR.L,Vanguard FTSE Global All Cp Idx £ Acc - 0P00018XAR.L (VAFTGAG),2020-12-31,153.0596923828125
Vanguard,0P00018XAR.L,Vanguard FTSE Global All Cp Idx £ Acc - 0P00018XAR.L (VAFTGAG),2021-01-01,153.0596923828125
Vanguard,0P00018XAR.L,Vanguard FTSE Global All Cp Idx £ Acc - 0P00018XAR.L (VAFTGAG),2021-01-02,153.0596923828125
Vanguard,0P00018XAR.L,Vanguard FTSE Global All Cp Idx £ Acc - 0P00018XAR.L (VAFTGAG),2021-01-03,153.0596923828125
Vanguard,0P00018XAR.L,Vanguard FTSE Global All Cp Idx £ Acc - 0P00018XAR.L (VAFTGAG),2021-01-04,153.3863067626953
Vanguard,0P00018XAR.L,Vanguard FTSE Global All Cp Idx £ Acc - 0P00018XAR.L (VAFTGAG),2021-01-05,154.1968994140625
Vanguard,0P00018XAR.L,Vanguard FTSE Global All Cp Idx £ Acc - 0P00018XAR.L (VAFTGAG),2021-01-06,155.5718994140625
Vanguard,0P00018XAR.L,Vanguard FTSE Global All Cp Idx £ Acc - 0P00018XAR.L (VAFTGAG),2021-01-07,157.51759338378906
Vanguard,0P00018XAR.L,Vanguard FTSE Global All Cp Idx £ Acc - 0P00018XAR.L (VAFTGAG),2021-01-08,158.2808074951172
Vanguard,0P00018XAR.L,Vanguard FTSE Global All Cp Idx £ Acc - 0P00018XAR.L (VAFTGAG),2021-01-09,158.2808074951172
Vanguard,0P00018XAR.L,Vanguard FTSE Global All Cp Idx £ Acc - 0P00018XAR.L (VAFTGAG),2021-01-10,158.2808074951172
Vanguard,0P00018XAR.L,Vanguard FTSE Global All Cp Idx £ Acc - 0P00018XAR.L (VAFTGAG),2021-01-11,158.406005859375
Vanguard,0P00018XAR.L,Vanguard FTSE Global All Cp Idx £ Acc - 0P00018XAR.L (VAFTGAG),2021-01-12,157.2841033935547
Vanguard,0P00018XAR.L,Vanguard FTSE Global All Cp Idx £ Acc - 0P00018XAR.L (VAFTGAG),2021-01-13,157.36520385742188
Vanguard,0P00018XAR.L,Vanguard FTSE Global All Cp Idx £ Acc - 0P00018XAR.L (VAFTGAG),2021-01-14,157.1020965576172
Vanguard,0P00018XAR.L,Vanguard FTSE Global All Cp Idx £ Acc - 0P00018XAR.L (VAFTGAG),2021-01-15,156.89920043945312
Vanguard,0P00018XAR.L,Vanguard FTSE Global All Cp Idx £ Acc - 0P00018XAR.L (VAFTGAG),2021-01-16,156.89920043945312
Vanguard,0P00018XAR.L,Vanguard FTSE Global All Cp Idx £ Acc - 0P00018XAR.L (VAFTGAG),2021-01-17,156.89920043945312
Vanguard,0P00018XAR.L,Vanguard FTSE Global All Cp Idx £ Acc - 0P00018XAR.L (VAFTGAG),2021-01-18,156.8157958984375
Vanguard,0P00018XAR.L,Vanguard FTSE Global All Cp Idx £ Acc - 0P00018XAR.L (VAFTGAG),2021-01-19,157.739501953125
Vanguard,0P00018XAR.L,Vanguard FTSE Global All Cp Idx £ Acc - 0P00018XAR.L (VAFTGAG),2021-01-20,159.1199951171875
Vanguard,0P00018XAR.L,Vanguard FTSE Global All Cp Idx £ Acc - 0P00018XAR.L (VAFTGAG),2021-01-21,158.33380126953125
Vanguard,0P00018XAR.L,Vanguard FTSE Global All Cp Idx £ Acc - 0P00018XAR.L (VAFTGAG),2021-01-22,158.23440551757812
Vanguard,0P00018XAR.L,Vanguard FTSE Global All Cp Idx £ Acc - 0P00018XAR.L (VAFTGAG),2021-01-23,158.23440551757812
Vanguard,0P00018XAR.L,Vanguard FTSE Global All Cp Idx £ Acc - 0P00018XAR.L (VAFTGAG),2021-01-24,158.23440551757812
Vanguard,0P00018XAR.L,Vanguard FTSE Global All Cp Idx £ Acc - 0P00018XAR.L (VAFTGAG),2021-01-25,158.4387969970703
Vanguard,0P00018XAR.L,Vanguard FTSE Global All Cp Idx £ Acc - 0P00018XAR.L (VAFTGAG),2021-01-26,157.1282958984375
Vanguard,0P00018XAR.L,Vanguard FTSE Global All Cp Idx £ Acc - 0P00018XAR.L (VAFTGAG),2021-01-27,154.4241943359375
Vanguard,0P00018XAR.L,Vanguard FTSE Global All Cp Idx £ Acc - 0P00018XAR.L (VAFTGAG),2021-01-28,154.7032012939453
Vanguard,0P00018XAR.L,Vanguard FTSE Global All Cp Idx £ Acc - 0P00018XAR.L (VAFTGAG),2021-01-29,151.902099609375
Vanguard,0P00018XAR.L,Vanguard FTSE Global All Cp Idx £ Acc - 0P00018XAR.L (VAFTGAG),2021-01-30,151.902099609375
Vanguard,0P00018XAR.L,Vanguard FTSE Global All Cp Idx £ Acc - 0P00018XAR.L (VAFTGAG),2021-01-31,151.902099609375
Vanguard,0P00018XAR.L,Vanguard FTSE Global All Cp Idx £ Acc - 0P00018XAR.L (VAFTGAG),2021-02-01,155.0583038330078
Vanguard,0P00018XAR.L,Vanguard FTSE Global All Cp Idx £ Acc - 0P00018XAR.L (VAFTGAG),2021-02-02,157.35890197753906
Vanguard,0P00018XAR.L,Vanguard FTSE Global All Cp Idx £ Acc - 0P00018XAR.L (VAFTGAG),2021-02-03,157.67010498046875
Vanguard,0P00018XAR.L,Vanguard FTSE Global All Cp Idx £ Acc - 0P00018XAR.L (VAFTGAG),2021-02-04,158.46749877929688
Vanguard,0P00018XAR.L,Vanguard FTSE Global All Cp Idx £ Acc - 0P00018XAR.L (VAFTGAG),2021-02-05,158.64990234375
Vanguard,0P00018XAR.L,Vanguard FTSE Global All Cp Idx £ Acc - 0P00018XAR.L (VAFTGAG),2021-02-06,158.64990234375
Vanguard,0P00018XAR.L,Vanguard FTSE Global All Cp Idx £ Acc - 0P00018XAR.L (VAFTGAG),2021-02-07,158.64990234375
Vanguard,0P00018XAR.L,Vanguard FTSE Global All Cp Idx £ Acc - 0P00018XAR.L (VAFTGAG),2021-02-08,159.89109802246094
Vanguard,0P00018XAR.L,Vanguard FTSE Global All Cp Idx £ Acc - 0P00018XAR.L (VAFTGAG),2021-02-09,159.5845947265625
Vanguard,0P00018XAR.L,Vanguard FTSE Global All Cp Idx £ Acc - 0P00018XAR.L (VAFTGAG),2021-02-10,159.2064971923828
Vanguard,0P00018XAR.L,Vanguard FTSE Global All Cp Idx £ Acc - 0P00018XAR.L (VAFTGAG),2021-02-11,160.01220703125
Vanguard,0P00018XAR.L,Vanguard FTSE Global All Cp Idx £ Acc - 0P00018XAR.L (VAFTGAG),2021-02-12,160.148193359375
Vanguard,0P00018XAR.L,Vanguard FTSE Global All Cp Idx £ Acc - 0P00018XAR.L (VAFTGAG),2021-02-13,160.148193359375
Vanguard,0P00018XAR.L,Vanguard FTSE Global All Cp Idx £ Acc - 0P00018XAR.L (VAFTGAG),2021-02-14,160.148193359375
Vanguard,0P00018XAR.L,Vanguard FTSE Global All Cp Idx £ Acc - 0P00018XAR.L (VAFTGAG),2021-02-15,160.08070373535156
Vanguard,0P00018XAR.L,Vanguard FTSE Global All Cp Idx £ Acc - 0P00018XAR.L (VAFTGAG),2021-02-16,159.9720001220703
Vanguard,0P00018XAR.L,Vanguard FTSE Global All Cp Idx £ Acc - 0P00018XAR.L (VAFTGAG),2021-02-17,160.11399841308594
Vanguard,0P00018XAR.L,Vanguard FTSE Global All Cp Idx £ Acc - 0P00018XAR.L (VAFTGAG),2021-02-18,158.1147003173828
Vanguard,0P00018XAR.L,Vanguard FTSE Global All Cp Idx £ Acc - 0P00018XAR.L (VAFTGAG),2021-02-19,157.74070739746094
Vanguard,0P00018XAR.L,Vanguard FTSE Global All Cp Idx £ Acc - 0P00018XAR.L (VAFTGAG),2021-02-20,157.74070739746094
Vanguard,0P00018XAR.L,Vanguard FTSE Global All Cp Idx £ Acc - 0P00018XAR.L (VAFTGAG),2021-02-21,157.74070739746094
Vanguard,0P00018XAR.L,Vanguard FTSE Global All Cp Idx £ Acc - 0P00018XAR.L (VAFTGAG),2021-02-22,156.1627960205078
Vanguard,0P00018XAR.L,Vanguard FTSE Global All Cp Idx £ Acc - 0P00018XAR.L (VAFTGAG),2021-02-23,155.4929962158203
Vanguard,0P00018XAR.L,Vanguard FTSE Global All Cp Idx £ Acc - 0P00018XAR.L (VAFTGAG),2021-02-24,155.9824981689453
Vanguard,0P00018XAR.L,Vanguard FTSE Global All Cp Idx £ Acc - 0P00018XAR.L (VAFTGAG),2021-02-25,153.77200317382812
Vanguard,0P00018XAR.L,Vanguard FTSE Global All Cp Idx £ Acc - 0P00018XAR.L (VAFTGAG),2021-02-26,153.09629821777344
Vanguard,0P00018XAR.L,Vanguard FTSE Global All Cp Idx £ Acc - 0P00018XAR.L (VAFTGAG),2021-02-27,153.09629821777344
Vanguard,0P00018XAR.L,Vanguard FTSE Global All Cp Idx £ Acc - 0P00018XAR.L (VAFTGAG),2021-02-28,153.09629821777344
Vanguard,0P00018XAR.L,Vanguard FTSE Global All Cp Idx £ Acc - 0P00018XAR.L (VAFTGAG),2021-03-01,156.8148956298828
Vanguard,0P00018XAR.L,Vanguard FTSE Global All Cp Idx £ Acc - 0P00018XAR.L (VAFTGAG),2021-03-02,155.8112030029297
Vanguard,0P00018XAR.L,Vanguard FTSE Global All Cp Idx £ Acc - 0P00018XAR.L (VAFTGAG),2021-03-03,154.54379272460938
Vanguard,0P00018XAR.L,Vanguard FTSE Global All Cp Idx £ Acc - 0P00018XAR.L (VAFTGAG),2021-03-04,152.20419311523438
Vanguard,0P00018XAR.L,Vanguard FTSE Global All Cp Idx £ Acc - 0P00018XAR.L (VAFTGAG),2021-03-05,155.08450317382812
Vanguard,0P00018XAR.L,Vanguard FTSE Global All Cp Idx £ Acc - 0P00018XAR.L (VAFTGAG),2021-03-06,155.08450317382812
Vanguard,0P00018XAR.L,Vanguard FTSE Global All Cp Idx £ Acc - 0P00018XAR.L (VAFTGAG),2021-03-07,155.08450317382812
Vanguard,0P00018XAR.L,Vanguard FTSE Global All Cp Idx £ Acc - 0P00018XAR.L (VAFTGAG),2021-03-08,154.64199829101562
Vanguard,0P00018XAR.L,Vanguard FTSE Global All Cp Idx £ Acc - 0P00018XAR.L (VAFTGAG),2021-03-09,155.74530029296875
Vanguard,0P00018XAR.L,Vanguard FTSE Global All Cp Idx £ Acc - 0P00018XAR.L (VAFTGAG),2021-03-10,156.4508056640625
Vanguard,0P00018XAR.L,Vanguard FTSE Global All Cp Idx £ Acc - 0P00018XAR.L (VAFTGAG),2021-03-11,157.70069885253906
Vanguard,0P00018XAR.L,Vanguard FTSE Global All Cp Idx £ Acc - 0P00018XAR.L (VAFTGAG),2021-03-12,158.6407012939453
Vanguard,0P00018XAR.L,Vanguard FTSE Global All Cp Idx £ Acc - 0P00018XAR.L (VAFTGAG),2021-03-13,158.6407012939453
Vanguard,0P00018XAR.L,Vanguard FTSE Global All Cp Idx £ Acc - 0P00018XAR.L (VAFTGAG),2021-03-14,158.6407012939453
Vanguard,0P00018XAR.L,Vanguard FTSE Global All Cp Idx £ Acc - 0P00018XAR.L (VAFTGAG),2021-03-15,159.6383056640625
Vanguard,0P00018XAR.L,Vanguard FTSE Global All Cp Idx £ Acc - 0P00018XAR.L (VAFTGAG),2021-03-16,159.41580200195312
Vanguard,0P00018XAR.L,Vanguard FTSE Global All Cp Idx £ Acc - 0P00018XAR.L (VAFTGAG),2021-03-17,159.56309509277344
Vanguard,0P00018XAR.L,Vanguard FTSE Global All Cp Idx £ Acc - 0P00018XAR.L (VAFTGAG),2021-03-18,157.8616943359375
Vanguard,0P00018XAR.L,Vanguard FTSE Global All Cp Idx £ Acc - 0P00018XAR.L (VAFTGAG),2021-03-19,158.10899353027344
Vanguard,0P00018XAR.L,Vanguard FTSE Global All Cp Idx £ Acc - 0P00018XAR.L (VAFTGAG),2021-03-20,158.10899353027344
Vanguard,0P00018XAR.L,Vanguard FTSE Global All Cp Idx £ Acc - 0P00018XAR.L (VAFTGAG),2021-03-21,158.10899353027344
Vanguard,0P00018XAR.L,Vanguard FTSE Global All Cp Idx £ Acc - 0P00018XAR.L (VAFTGAG),2021-03-22,158.91360473632812
Vanguard,0P00018XAR.L,Vanguard FTSE Global All Cp Idx £ Acc - 0P00018XAR.L (VAFTGAG),2021-03-23,158.10360717773438
Vanguard,0P00018XAR.L,Vanguard FTSE Global All Cp Idx £ Acc - 0P00018XAR.L (VAFTGAG),2021-03-24,157.4752960205078
Vanguard,0P00018XAR.L,Vanguard FTSE Global All Cp Idx £ Acc - 0P00018XAR.L (VAFTGAG),2021-03-25,157.8426971435547
Vanguard,0P00018XAR.L,Vanguard FTSE Global All Cp Idx £ Acc - 0P00018XAR.L (VAFTGAG),2021-03-26,159.32699584960938
Vanguard,0P00018XAR.L,Vanguard FTSE Global All Cp Idx £ Acc - 0P00018XAR.L (VAFTGAG),2021-03-27,159.32699584960938
Vanguard,0P00018XAR.L,Vanguard FTSE Global All Cp Idx £ Acc - 0P00018XAR.L (VAFTGAG),2021-03-28,159.32699584960938
Vanguard,0P00018XAR.L,Vanguard FTSE Global All Cp Idx £ Acc - 0P00018XAR.L (VAFTGAG),2021-03-29,159.19020080566406
Vanguard,0P00018XAR.L,Vanguard FTSE Global All Cp Idx £ Acc - 0P00018XAR.L (VAFTGAG),2021-03-30,160.01119995117188
Vanguard,0P00018XAR.L,Vanguard FTSE Global All Cp Idx £ Acc - 0P00018XAR.L (VAFTGAG),2021-03-31,159.2165069580078
Vanguard,0P00018XAR.L,Vanguard FTSE Global All Cp Idx £ Acc - 0P00018XAR.L (VAFTGAG),2021-04-01,160.80650329589844
Vanguard,0P00018XAR.L,Vanguard FTSE Global All Cp Idx £ Acc - 0P00018XAR.L (VAFTGAG),2021-04-02,160.80650329589844
Vanguard,0P00018XAR.L,Vanguard FTSE Global All Cp Idx £ Acc - 0P00018XAR.L (VAFTGAG),2021-04-03,160.80650329589844
Vanguard,0P00018XAR.L,Vanguard FTSE Global All Cp Idx £ Acc - 0P00018XAR.L (VAFTGAG),2021-04-04,160.80650329589844
Vanguard,0P00018XAR.L,Vanguard FTSE Global All Cp Idx £ Acc - 0P00018XAR.L (VAFTGAG),2021-04-05,160.80650329589844
Vanguard,0P00018XAR.L,Vanguard FTSE Global All Cp Idx £ Acc - 0P00018XAR.L (VAFTGAG),2021-04-06,162.21749877929688
Vanguard,0P00018XAR.L,Vanguard FTSE Global All Cp Idx £ Acc - 0P00018XAR.L (VAFTGAG),2021-04-07,163.13519287109375
Vanguard,0P00018XAR.L,Vanguard FTSE Global All Cp Idx £ Acc - 0P00018XAR.L (VAFTGAG),2021-04-08,164.59469604492188
Vanguard,0P00018XAR.L,Vanguard FTSE Global All Cp Idx £ Acc - 0P00018XAR.L (VAFTGAG),2021-04-09,165.05859375
Vanguard,0P00018XAR.L,Vanguard FTSE Global All Cp Idx £ Acc - 0P00018XAR.L (VAFTGAG),2021-04-10,165.05859375
Vanguard,0P00018XAR.L,Vanguard FTSE Global All Cp Idx £ Acc - 0P00018XAR.L (VAFTGAG),2021-04-11,165.05859375
Vanguard,0P00018XAR.L,Vanguard FTSE Global All Cp Idx £ Acc - 0P00018XAR.L (VAFTGAG),2021-04-12,164.5854949951172
Vanguard,0P00018XAR.L,Vanguard FTSE Global All Cp Idx £ Acc - 0P00018XAR.L (VAFTGAG),2021-04-13,165.29440307617188
Vanguard,0P00018XAR.L,Vanguard FTSE Global All Cp Idx £ Acc - 0P00018XAR.L (VAFTGAG),2021-04-14,164.82130432128906
Vanguard,0P00018XAR.L,Vanguard FTSE Global All Cp Idx £ Acc - 0P00018XAR.L (VAFTGAG),2021-04-15,165.95010375976562
Vanguard,0P00018XAR.L,Vanguard FTSE Global All Cp Idx £ Acc - 0P00018XAR.L (VAFTGAG),2021-04-16,166.46400451660156
Vanguard,0P00018XAR.L,Vanguard FTSE Global All Cp Idx £ Acc - 0P00018XAR.L (VAFTGAG),2021-04-17,166.46400451660156
Vanguard,0P00018XAR.L,Vanguard FTSE Global All Cp Idx £ Acc - 0P00018XAR.L (VAFTGAG),2021-04-18,166.46400451660156
Vanguard,0P00018XAR.L,Vanguard FTSE Global All Cp Idx £ Acc - 0P00018XAR.L (VAFTGAG),2021-04-19,164.0352020263672
Vanguard,0P00018XAR.L,Vanguard FTSE Global All Cp Idx £ Acc - 0P00018XAR.L (VAFTGAG),2021-04-20,163.0012969970703
Vanguard,0P00018XAR.L,Vanguard FTSE Global All Cp Idx £ Acc - 0P00018XAR.L (VAFTGAG),2021-04-21,163.8719940185547
Vanguard,0P00018XAR.L,Vanguard FTSE Global All Cp Idx £ Acc - 0P00018XAR.L (VAFTGAG),2021-04-22,164.5605926513672
Vanguard,0P00018XAR.L,Vanguard FTSE Global All Cp Idx £ Acc - 0P00018XAR.L (VAFTGAG),2021-04-23,165.94430541992188
Vanguard,0P00018XAR.L,Vanguard FTSE Global All Cp Idx £ Acc - 0P00018XAR.L (VAFTGAG),2021-04-24,165.94430541992188
Vanguard,0P00018XAR.L,Vanguard FTSE Global All Cp Idx £ Acc - 0P00018XAR.L (VAFTGAG),2021-04-25,165.94430541992188
Vanguard,0P00018XAR.L,Vanguard FTSE Global All Cp Idx £ Acc - 0P00018XAR.L (VAFTGAG),2021-04-26,166.03689575195312
Vanguard,0P00018XAR.L,Vanguard FTSE Global All Cp Idx £ Acc - 0P00018XAR.L (VAFTGAG),2021-04-27,165.70860290527344
Vanguard,0P00018XAR.L,Vanguard FTSE Global All Cp Idx £ Acc - 0P00018XAR.L (VAFTGAG),2021-04-28,165.7816925048828
Vanguard,0P00018XAR.L,Vanguard FTSE Global All Cp Idx £ Acc - 0P00018XAR.L (VAFTGAG),2021-04-29,165.7947998046875
Vanguard,0P00018XAR.L,Vanguard FTSE Global All Cp Idx £ Acc - 0P00018XAR.L (VAFTGAG),2021-04-30,165.50880432128906
Vanguard,0P00018XAR.L,Vanguard FTSE Global All Cp Idx £ Acc - 0P00018XAR.L (VAFTGAG),2021-05-01,165.50880432128906
Vanguard,0P00018XAR.L,Vanguard FTSE Global All Cp Idx £ Acc - 0P00018XAR.L (VAFTGAG),2021-05-02,165.50880432128906
Vanguard,0P00018XAR.L,Vanguard FTSE Global All Cp Idx £ Acc - 0P00018XAR.L (VAFTGAG),2021-05-03,165.50880432128906
Vanguard,0P00018XAR.L,Vanguard FTSE Global All Cp Idx £ Acc - 0P00018XAR.L (VAFTGAG),2021-05-04,164.18519592285156
Vanguard,0P00018XAR.L,Vanguard FTSE Global All Cp Idx £ Acc - 0P00018XAR.L (VAFTGAG),2021-05-05,164.3242950439453
Vanguard,0P00018XAR.L,Vanguard FTSE Global All Cp Idx £ Acc - 0P00018XAR.L (VAFTGAG),2021-05-06,165.4927978515625
Vanguard,0P00018XAR.L,Vanguard FTSE Global All Cp Idx £ Acc - 0P00018XAR.L (VAFTGAG),2021-05-07,166.10589599609375
Vanguard,0P00018XAR.L,Vanguard FTSE Global All Cp Idx £ Acc - 0P00018XAR.L (VAFTGAG),2021-05-08,166.10589599609375
Vanguard,0P00018XAR.L,Vanguard FTSE Global All Cp Idx £ Acc - 0P00018XAR.L (VAFTGAG),2021-05-09,166.10589599609375
Vanguard,0P00018XAR.L,Vanguard FTSE Global All Cp Idx £ Acc - 0P00018XAR.L (VAFTGAG),2021-05-10,163.33839416503906
Vanguard,0P00018XAR.L,Vanguard FTSE Global All Cp Idx £ Acc - 0P00018XAR.L (VAFTGAG),2021-05-11,161.37759399414062
Vanguard,0P00018XAR.L,Vanguard FTSE Global All Cp Idx £ Acc - 0P00018XAR.L (VAFTGAG),2021-05-12,159.0469970703125
Vanguard,0P00018XAR.L,Vanguard FTSE Global All Cp Idx £ Acc - 0P00018XAR.L (VAFTGAG),2021-05-13,160.12510681152344
Vanguard,0P00018XAR.L,Vanguard FTSE Global All Cp Idx £ Acc - 0P00018XAR.L (VAFTGAG),2021-05-14,162.0894012451172
Vanguard,0P00018XAR.L,Vanguard FTSE Global All Cp Idx £ Acc - 0P00018XAR.L (VAFTGAG),2021-05-15,162.0894012451172
Vanguard,0P00018XAR.L,Vanguard FTSE Global All Cp Idx £ Acc - 0P00018XAR.L (VAFTGAG),2021-05-16,162.0894012451172
Vanguard,0P00018XAR.L,Vanguard FTSE Global All Cp Idx £ Acc - 0P00018XAR.L (VAFTGAG),2021-05-17,161.66619873046875
Vanguard,0P00018XAR.L,Vanguard FTSE Global All Cp Idx £ Acc - 0P00018XAR.L (VAFTGAG),2021-05-18,160.67359924316406
Vanguard,0P00018XAR.L,Vanguard FTSE Global All Cp Idx £ Acc - 0P00018XAR.L (VAFTGAG),2021-05-19,160.4467010498047
Vanguard,0P00018XAR.L,Vanguard FTSE Global All Cp Idx £ Acc - 0P00018XAR.L (VAFTGAG),2021-05-20,161.74830627441406
Vanguard,0P00018XAR.L,Vanguard FTSE Global All Cp Idx £ Acc - 0P00018XAR.L (VAFTGAG),2021-05-21,161.8385009765625
Vanguard,0P00018XAR.L,Vanguard FTSE Global All Cp Idx £ Acc - 0P00018XAR.L (VAFTGAG),2021-05-22,161.8385009765625
Vanguard,0P00018XAR.L,Vanguard FTSE Global All Cp Idx £ Acc - 0P00018XAR.L (VAFTGAG),2021-05-23,161.8385009765625
Vanguard,0P00018XAR.L,Vanguard FTSE Global All Cp Idx £ Acc - 0P00018XAR.L (VAFTGAG),2021-05-24,162.9243927001953
Vanguard,0P00018XAR.L,Vanguard FTSE Global All Cp Idx £ Acc - 0P00018XAR.L (VAFTGAG),2021-05-25,163.4084930419922
Vanguard,0P00018XAR.L,Vanguard FTSE Global All Cp Idx £ Acc - 0P00018XAR.L (VAFTGAG),2021-05-26,163.9199981689453
Vanguard,0P00018XAR.L,Vanguard FTSE Global All Cp Idx £ Acc - 0P00018XAR.L (VAFTGAG),2021-05-27,163.32369995117188
Vanguard,0P00018XAR.L,Vanguard FTSE Global All Cp Idx £ Acc - 0P00018XAR.L (VAFTGAG),2021-05-28,163.99560546875
Vanguard,0P00018XAR.L,Vanguard FTSE Global All Cp Idx £ Acc - 0P00018XAR.L (VAFTGAG),2021-05-29,163.99560546875
Vanguard,0P00018XAR.L,Vanguard FTSE Global All Cp Idx £ Acc - 0P00018XAR.L (VAFTGAG),2021-05-30,163.99560546875
Vanguard,0P00018XAR.L,Vanguard FTSE Global All Cp Idx £ Acc - 0P00018XAR.L (VAFTGAG),2021-05-31,163.99560546875
Vanguard,0P00018XAR.L,Vanguard FTSE Global All Cp Idx £ Acc - 0P00018XAR.L (VAFTGAG),2021-06-01,164.8668975830078
Vanguard,0P00018XAR.L,Vanguard FTSE Global All Cp Idx £ Acc - 0P00018XAR.L (VAFTGAG),2021-06-02,164.9770050048828
Vanguard,0P00018XAR.L,Vanguard FTSE Global All Cp Idx £ Acc - 0P00018XAR.L (VAFTGAG),2021-06-03,164.8979949951172
Vanguard,0P00018XAR.L,Vanguard FTSE Global All Cp Idx £ Acc - 0P00018XAR.L (VAFTGAG),2021-06-04,165.30389404296875
Vanguard,0P00018XAR.L,Vanguard FTSE Global All Cp Idx £ Acc - 0P00018XAR.L (VAFTGAG),2021-06-05,165.30389404296875
Vanguard,0P00018XAR.L,Vanguard FTSE Global All Cp Idx £ Acc - 0P00018XAR.L (VAFTGAG),2021-06-06,165.30389404296875
Vanguard,0P00018XAR.L,Vanguard FTSE Global All Cp Idx £ Acc - 0P00018XAR.L (VAFTGAG),2021-06-07,165.5948944091797
Vanguard,0P00018XAR.L,Vanguard FTSE Global All Cp Idx £ Acc - 0P00018XAR.L (VAFTGAG),2021-06-08,165.9001007080078
Vanguard,0P00018XAR.L,Vanguard FTSE Global All Cp Idx £ Acc - 0P00018XAR.L (VAFTGAG),2021-06-09,165.81919860839844
Vanguard,0P00018XAR.L,Vanguard FTSE Global All Cp Idx £ Acc - 0P00018XAR.L (VAFTGAG),2021-06-10,166.16079711914062
Vanguard,0P00018XAR.L,Vanguard FTSE Global All Cp Idx £ Acc - 0P00018XAR.L (VAFTGAG),2021-06-11,166.72120666503906
Vanguard,0P00018XAR.L,Vanguard FTSE Global All Cp Idx £ Acc - 0P00018XAR.L (VAFTGAG),2021-06-12,166.72120666503906
Vanguard,0P00018XAR.L,Vanguard FTSE Global All Cp Idx £ Acc - 0P00018XAR.L (VAFTGAG),2021-06-13,166.72120666503906
Vanguard,0P00018XAR.L,Vanguard FTSE Global All Cp Idx £ Acc - 0P00018XAR.L (VAFTGAG),2021-06-14,167.05209350585938
Vanguard,0P00018XAR.L,Vanguard FTSE Global All Cp Idx £ Acc - 0P00018XAR.L (VAFTGAG),2021-06-15,167.220703125
Vanguard,0P00018XAR.L,Vanguard FTSE Global All Cp Idx £ Acc - 0P00018XAR.L (VAFTGAG),2021-06-16,166.4763946533203
Vanguard,0P00018XAR.L,Vanguard FTSE Global All Cp Idx £ Acc - 0P00018XAR.L (VAFTGAG),2021-06-17,167.38119506835938
Vanguard,0P00018XAR.L,Vanguard FTSE Global All Cp Idx £ Acc - 0P00018XAR.L (VAFTGAG),2021-06-18,166.98699951171875
Vanguard,0P00018XAR.L,Vanguard FTSE Global All Cp Idx £ Acc - 0P00018XAR.L (VAFTGAG),2021-06-19,166.98699951171875
Vanguard,0P00018XAR.L,Vanguard FTSE Global All Cp Idx £ Acc - 0P00018XAR.L (VAFTGAG),2021-06-20,166.98699951171875
Vanguard,0P00018XAR.L,Vanguard FTSE Global All Cp Idx £ Acc - 0P00018XAR.L (VAFTGAG),2021-06-21,167.05599975585938
Vanguard,0P00018XAR.L,Vanguard FTSE Global All Cp Idx £ Acc - 0P00018XAR.L (VAFTGAG),2021-06-22,167.78720092773438
Vanguard,0P00018XAR.L,Vanguard FTSE Global All Cp Idx £ Acc - 0P00018XAR.L (VAFTGAG),2021-06-23,167.218994140625
Vanguard,0P00018XAR.L,Vanguard FTSE Global All Cp Idx £ Acc - 0P00018XAR.L (VAFTGAG),2021-06-24,169.01220703125
Vanguard,0P00018XAR.L,Vanguard FTSE Global All Cp Idx £ Acc - 0P00018XAR.L (VAFTGAG),2021-06-25,169.5915069580078
Vanguard,0P00018XAR.L,Vanguard FTSE Global All Cp Idx £ Acc - 0P00018XAR.L (VAFTGAG),2021-06-26,169.5915069580078
Vanguard,0P00018XAR.L,Vanguard FTSE Global All Cp Idx £ Acc - 0P00018XAR.L (VAFTGAG),2021-06-27,169.5915069580078
Vanguard,0P00018XAR.L,Vanguard FTSE Global All Cp Idx £ Acc - 0P00018XAR.L (VAFTGAG),2021-06-28,169.94149780273438
Vanguard,0P00018XAR.L,Vanguard FTSE Global All Cp Idx £ Acc - 0P00018XAR.L (VAFTGAG),2021-06-29,170.38400268554688
Vanguard,0P00018XAR.L,Vanguard FTSE Global All Cp Idx £ Acc - 0P00018XAR.L (VAFTGAG),2021-06-30,170.24850463867188
Vanguard,0P00018XAR.L,Vanguard FTSE Global All Cp Idx £ Acc - 0P00018XAR.L (VAFTGAG),2021-07-01,171.14559936523438
Vanguard,0P00018XAR.L,Vanguard FTSE Global All Cp Idx £ Acc - 0P00018XAR.L (VAFTGAG),2021-07-02,171.70530700683594
Vanguard,0P00018XAR.L,Vanguard FTSE Global All Cp Idx £ Acc - 0P00018XAR.L (VAFTGAG),2021-07-03,171.70530700683594
Vanguard,0P00018XAR.L,Vanguard FTSE Global All Cp Idx £ Acc - 0P00018XAR.L (VAFTGAG),2021-07-04,171.70530700683594
Vanguard,0P00018XAR.L,Vanguard FTSE Global All Cp Idx £ Acc - 0P00018XAR.L (VAFTGAG),2021-07-05,171.2073974609375
Vanguard,0P00018XAR.L,Vanguard FTSE Global All Cp Idx £ Acc - 0P00018XAR.L (VAFTGAG),2021-07-06,171.10220336914062
Vanguard,0P00018XAR.L,Vanguard FTSE Global All Cp Idx £ Acc - 0P00018XAR.L (VAFTGAG),2021-07-07,171.56149291992188
Vanguard,0P00018XAR.L,Vanguard FTSE Global All Cp Idx £ Acc - 0P00018XAR.L (VAFTGAG),2021-07-08,170.04629516601562
Vanguard,0P00018XAR.L,Vanguard FTSE Global All Cp Idx £ Acc - 0P00018XAR.L (VAFTGAG),2021-07-09,170.78089904785156
Vanguard,0P00018XAR.L,Vanguard FTSE Global All Cp Idx £ Acc - 0P00018XAR.L (VAFTGAG),2021-07-10,170.78089904785156
Vanguard,0P00018XAR.L,Vanguard FTSE Global All Cp Idx £ Acc - 0P00018XAR.L (VAFTGAG),2021-07-11,170.78089904785156
Vanguard,0P00018XAR.L,Vanguard FTSE Global All Cp Idx £ Acc - 0P00018XAR.L (VAFTGAG),2021-07-12,170.87640380859375
Vanguard,0P00018XAR.L,Vanguard FTSE Global All Cp Idx £ Acc - 0P00018XAR.L (VAFTGAG),2021-07-13,171.1168975830078
Vanguard,0P00018XAR.L,Vanguard FTSE Global All Cp Idx £ Acc - 0P00018XAR.L (VAFTGAG),2021-07-14,170.68820190429688
Vanguard,0P00018XAR.L,Vanguard FTSE Global All Cp Idx £ Acc - 0P00018XAR.L (VAFTGAG),2021-07-15,170.09390258789062
Vanguard,0P00018XAR.L,Vanguard FTSE Global All Cp Idx £ Acc - 0P00018XAR.L (VAFTGAG),2021-07-16,169.9268035888672
Vanguard,0P00018XAR.L,Vanguard FTSE Global All Cp Idx £ Acc - 0P00018XAR.L (VAFTGAG),2021-07-17,169.9268035888672
Vanguard,0P00018XAR.L,Vanguard FTSE Global All Cp Idx £ Acc - 0P00018XAR.L (VAFTGAG),2021-07-18,169.9268035888672
Vanguard,0P00018XAR.L,Vanguard FTSE Global All Cp Idx £ Acc - 0P00018XAR.L (VAFTGAG),2021-07-19,168.63429260253906
Vanguard,0P00018XAR.L,Vanguard FTSE Global All Cp Idx £ Acc - 0P00018XAR.L (VAFTGAG),2021-07-20,170.82530212402344
Vanguard,0P00018XAR.L,Vanguard FTSE Global All Cp Idx £ Acc - 0P00018XAR.L (VAFTGAG),2021-07-21,171.67579650878906
Vanguard,0P00018XAR.L,Vanguard FTSE Global All Cp Idx £ Acc - 0P00018XAR.L (VAFTGAG),2021-07-22,171.26260375976562
Vanguard,0P00018XAR.L,Vanguard FTSE Global All Cp Idx £ Acc - 0P00018XAR.L (VAFTGAG),2021-07-23,172.29490661621094
Vanguard,0P00018XAR.L,Vanguard FTSE Global All Cp Idx £ Acc - 0P00018XAR.L (VAFTGAG),2021-07-24,172.29490661621094
Vanguard,0P00018XAR.L,Vanguard FTSE Global All Cp Idx £ Acc - 0P00018XAR.L (VAFTGAG),2021-07-25,172.29490661621094
Vanguard,0P00018XAR.L,Vanguard FTSE Global All Cp Idx £ Acc - 0P00018XAR.L (VAFTGAG),2021-07-26,171.38079833984375
Vanguard,0P00018XAR.L,Vanguard FTSE Global All Cp Idx £ Acc - 0P00018XAR.L (VAFTGAG),2021-07-27,169.65499877929688
Vanguard,0P00018XAR.L,Vanguard FTSE Global All Cp Idx £ Acc - 0P00018XAR.L (VAFTGAG),2021-07-28,170.14280700683594
Vanguard,0P00018XAR.L,Vanguard FTSE Global All Cp Idx £ Acc - 0P00018XAR.L (VAFTGAG),2021-07-29,170.3153076171875
Vanguard,0P00018XAR.L,Vanguard FTSE Global All Cp Idx £ Acc - 0P00018XAR.L (VAFTGAG),2021-07-30,169.97300720214844
Vanguard,0P00018XAR.L,Vanguard FTSE Global All Cp Idx £ Acc - 0P00018XAR.L (VAFTGAG),2021-07-31,169.97300720214844
Vanguard,0P00018XAR.L,Vanguard FTSE Global All Cp Idx £ Acc - 0P00018XAR.L (VAFTGAG),2021-08-01,169.97300720214844
Vanguard,0P00018XAR.L,Vanguard FTSE Global All Cp Idx £ Acc - 0P00018XAR.L (VAFTGAG),2021-08-02,170.76980590820312
Vanguard,0P00018XAR.L,Vanguard FTSE Global All Cp Idx £ Acc - 0P00018XAR.L (VAFTGAG),2021-08-03,171.4116973876953
Vanguard,0P00018XAR.L,Vanguard FTSE Global All Cp Idx £ Acc - 0P00018XAR.L (VAFTGAG),2021-08-04,170.96580505371094
Vanguard,0P00018XAR.L,Vanguard FTSE Global All Cp Idx £ Acc - 0P00018XAR.L (VAFTGAG),2021-08-05,171.49440002441406
Vanguard,0P00018XAR.L,Vanguard FTSE Global All Cp Idx £ Acc - 0P00018XAR.L (VAFTGAG),2021-08-06,172.04190063476562
Vanguard,0P00018XAR.L,Vanguard FTSE Global All Cp Idx £ Acc - 0P00018XAR.L (VAFTGAG),2021-08-07,172.04190063476562
Vanguard,0P00018XAR.L,Vanguard FTSE Global All Cp Idx £ Acc - 0P00018XAR.L (VAFTGAG),2021-08-08,172.04190063476562
Vanguard,0P00018XAR.L,Vanguard FTSE Global All Cp Idx £ Acc - 0P00018XAR.L (VAFTGAG),2021-08-09,172.15379333496094
Vanguard,0P00018XAR.L,Vanguard FTSE Global All Cp Idx £ Acc - 0P00018XAR.L (VAFTGAG),2021-08-10,172.39700317382812
Vanguard,0P00018XAR.L,Vanguard FTSE Global All Cp Idx £ Acc - 0P00018XAR.L (VAFTGAG),2021-08-11,172.6820068359375
Vanguard,0P00018XAR.L,Vanguard FTSE Global All Cp Idx £ Acc - 0P00018XAR.L (VAFTGAG),2021-08-12,173.27920532226562
Vanguard,0P00018XAR.L,Vanguard FTSE Global All Cp Idx £ Acc - 0P00018XAR.L (VAFTGAG),2021-08-13,173.2635040283203
Vanguard,0P00018XAR.L,Vanguard FTSE Global All Cp Idx £ Acc - 0P00018XAR.L (VAFTGAG),2021-08-14,173.2635040283203
Vanguard,0P00018XAR.L,Vanguard FTSE Global All Cp Idx £ Acc - 0P00018XAR.L (VAFTGAG),2021-08-15,173.2635040283203
Vanguard,0P00018XAR.L,Vanguard FTSE Global All Cp Idx £ Acc - 0P00018XAR.L (VAFTGAG),2021-08-16,172.78909301757812
Vanguard,0P00018XAR.L,Vanguard FTSE Global All Cp Idx £ Acc - 0P00018XAR.L (VAFTGAG),2021-08-17,172.9384002685547
Vanguard,0P00018XAR.L,Vanguard FTSE Global All Cp Idx £ Acc - 0P00018XAR.L (VAFTGAG),2021-08-18,171.82859802246094
Vanguard,0P00018XAR.L,Vanguard FTSE Global All Cp Idx £ Acc - 0P00018XAR.L (VAFTGAG),2021-08-19,171.7364044189453
Vanguard,0P00018XAR.L,Vanguard FTSE Global All Cp Idx £ Acc - 0P00018XAR.L (VAFTGAG),2021-08-20,172.98489379882812
Vanguard,0P00018XAR.L,Vanguard FTSE Global All Cp Idx £ Acc - 0P00018XAR.L (VAFTGAG),2021-08-21,172.98489379882812
Vanguard,0P00018XAR.L,Vanguard FTSE Global All Cp Idx £ Acc - 0P00018XAR.L (VAFTGAG),2021-08-22,172.98489379882812
Vanguard,0P00018XAR.L,Vanguard FTSE Global All Cp Idx £ Acc - 0P00018XAR.L (VAFTGAG),2021-08-23,173.60910034179688
Vanguard,0P00018XAR.L,Vanguard FTSE Global All Cp Idx £ Acc - 0P00018XAR.L (VAFTGAG),2021-08-24,174.54559326171875
Vanguard,0P00018XAR.L,Vanguard FTSE Global All Cp Idx £ Acc - 0P00018XAR.L (VAFTGAG),2021-08-25,174.8708953857422
Vanguard,0P00018XAR.L,Vanguard FTSE Global All Cp Idx £ Acc - 0P00018XAR.L (VAFTGAG),2021-08-26,174.154296875
Vanguard,0P00018XAR.L,Vanguard FTSE Global All Cp Idx £ Acc - 0P00018XAR.L (VAFTGAG),2021-08-27,175.21949768066406
Vanguard,0P00018XAR.L,Vanguard FTSE Global All Cp Idx £ Acc - 0P00018XAR.L (VAFTGAG),2021-08-28,175.21949768066406
Vanguard,0P00018XAR.L,Vanguard FTSE Global All Cp Idx £ Acc - 0P00018XAR.L (VAFTGAG),2021-08-29,175.21949768066406
Vanguard,0P00018XAR.L,Vanguard FTSE Global All Cp Idx £ Acc - 0P00018XAR.L (VAFTGAG),2021-08-30,175.21949768066406
Vanguard,0P00018XAR.L,Vanguard FTSE Global All Cp Idx £ Acc - 0P00018XAR.L (VAFTGAG),2021-08-31,175.87330627441406
Vanguard,0P00018XAR.L,Vanguard FTSE Global All Cp Idx £ Acc - 0P00018XAR.L (VAFTGAG),2021-09-01,176.30079650878906
Vanguard,0P00018XAR.L,Vanguard FTSE Global All Cp Idx £ Acc - 0P00018XAR.L (VAFTGAG),2021-09-02,176.15870666503906
Vanguard,0P00018XAR.L,Vanguard FTSE Global All Cp Idx £ Acc - 0P00018XAR.L (VAFTGAG),2021-09-03,175.84230041503906
Vanguard,0P00018XAR.L,Vanguard FTSE Global All Cp Idx £ Acc - 0P00018XAR.L (VAFTGAG),2021-09-04,175.84230041503906
Vanguard,0P00018XAR.L,Vanguard FTSE Global All Cp Idx £ Acc - 0P00018XAR.L (VAFTGAG),2021-09-05,175.84230041503906
Vanguard,0P00018XAR.L,Vanguard FTSE Global All Cp Idx £ Acc - 0P00018XAR.L (VAFTGAG),2021-09-06,176.8157958984375
Vanguard,0P00018XAR.L,Vanguard FTSE Global All Cp Idx £ Acc - 0P00018XAR.L (VAFTGAG),2021-09-07,176.86399841308594
Vanguard,0P00018XAR.L,Vanguard FTSE Global All Cp Idx £ Acc - 0P00018XAR.L (VAFTGAG),2021-09-08,176.52670288085938
Vanguard,0P00018XAR.L,Vanguard FTSE Global All Cp Idx £ Acc - 0P00018XAR.L (VAFTGAG),2021-09-09,174.4967041015625
Vanguard,0P00018XAR.L,Vanguard FTSE Global All Cp Idx £ Acc - 0P00018XAR.L (VAFTGAG),2021-09-10,173.84629821777344
Vanguard,0P00018XAR.L,Vanguard FTSE Global All Cp Idx £ Acc - 0P00018XAR.L (VAFTGAG),2021-09-11,173.84629821777344
Vanguard,0P00018XAR.L,Vanguard FTSE Global All Cp Idx £ Acc - 0P00018XAR.L (VAFTGAG),2021-09-12,173.84629821777344
Vanguard,0P00018XAR.L,Vanguard FTSE Global All Cp Idx £ Acc - 0P00018XAR.L (VAFTGAG),2021-09-13,174.0863037109375
Vanguard,0P00018XAR.L,Vanguard FTSE Global All Cp Idx £ Acc - 0P00018XAR.L (VAFTGAG),2021-09-14,173.477294921875
Vanguard,0P00018XAR.L,Vanguard FTSE Global All Cp Idx £ Acc - 0P00018XAR.L (VAFTGAG),2021-09-15,174.2001953125
Vanguard,0P00018XAR.L,Vanguard FTSE Global All Cp Idx £ Acc - 0P00018XAR.L (VAFTGAG),2021-09-16,174.52110290527344
Vanguard,0P00018XAR.L,Vanguard FTSE Global All Cp Idx £ Acc - 0P00018XAR.L (VAFTGAG),2021-09-17,173.64559936523438
Vanguard,0P00018XAR.L,Vanguard FTSE Global All Cp Idx £ Acc - 0P00018XAR.L (VAFTGAG),2021-09-18,173.64559936523438
Vanguard,0P00018XAR.L,Vanguard FTSE Global All Cp Idx £ Acc - 0P00018XAR.L (VAFTGAG),2021-09-19,173.64559936523438
Vanguard,0P00018XAR.L,Vanguard FTSE Global All Cp Idx £ Acc - 0P00018XAR.L (VAFTGAG),2021-09-20,171.7845001220703
Vanguard,0P00018XAR.L,Vanguard FTSE Global All Cp Idx £ Acc - 0P00018XAR.L (VAFTGAG),2021-09-21,172.3502960205078
Vanguard,0P00018XAR.L,Vanguard FTSE Global All Cp Idx £ Acc - 0P00018XAR.L (VAFTGAG),2021-09-22,173.58949279785156
Vanguard,0P00018XAR.L,Vanguard FTSE Global All Cp Idx £ Acc - 0P00018XAR.L (VAFTGAG),2021-09-23,174.1549072265625
Vanguard,0P00018XAR.L,Vanguard FTSE Global All Cp Idx £ Acc - 0P00018XAR.L (VAFTGAG),2021-09-24,174.71530151367188
Vanguard,0P00018XAR.L,Vanguard FTSE Global All Cp Idx £ Acc - 0P00018XAR.L (VAFTGAG),2021-09-25,174.71530151367188
Vanguard,0P00018XAR.L,Vanguard FTSE Global All Cp Idx £ Acc - 0P00018XAR.L (VAFTGAG),2021-09-26,174.71530151367188
Vanguard,0P00018XAR.L,Vanguard FTSE Global All Cp Idx £ Acc - 0P00018XAR.L (VAFTGAG),2021-09-27,174.10740661621094
Vanguard,0P00018XAR.L,Vanguard FTSE Global All Cp Idx £ Acc - 0P00018XAR.L (VAFTGAG),2021-09-28,173.06410217285156
Vanguard,0P00018XAR.L,Vanguard FTSE Global All Cp Idx £ Acc - 0P00018XAR.L (VAFTGAG),2021-09-29,174.15260314941406
Vanguard,0P00018XAR.L,Vanguard FTSE Global All Cp Idx £ Acc - 0P00018XAR.L (VAFTGAG),2021-09-30,172.33140563964844
Vanguard,0P00018XAR.L,Vanguard FTSE Global All Cp Idx £ Acc - 0P00018XAR.L (VAFTGAG),2021-10-01,172.3656005859375
Vanguard,0P00018XAR.L,Vanguard FTSE Global All Cp Idx £ Acc - 0P00018XAR.L (VAFTGAG),2021-10-02,172.3656005859375
Vanguard,0P00018XAR.L,Vanguard FTSE Global All Cp Idx £ Acc - 0P00018XAR.L (VAFTGAG),2021-10-03,172.3656005859375
Vanguard,0P00018XAR.L,Vanguard FTSE Global All Cp Idx £ Acc - 0P00018XAR.L (VAFTGAG),2021-10-04,170.0023956298828
Vanguard,0P00018XAR.L,Vanguard FTSE Global All Cp Idx £ Acc - 0P00018XAR.L (VAFTGAG),2021-10-05,170.7801971435547
Vanguard,0P00018XAR.L,Vanguard FTSE Global All Cp Idx £ Acc - 0P00018XAR.L (VAFTGAG),2021-10-06,171.19520568847656
Vanguard,0P00018XAR.L,Vanguard FTSE Global All Cp Idx £ Acc - 0P00018XAR.L (VAFTGAG),2021-10-07,172.5124053955078
Vanguard,0P00018XAR.L,Vanguard FTSE Global All Cp Idx £ Acc - 0P00018XAR.L (VAFTGAG),2021-10-08,172.20010375976562
Vanguard,0P00018XAR.L,Vanguard FTSE Global All Cp Idx £ Acc - 0P00018XAR.L (VAFTGAG),2021-10-09,172.20010375976562
Vanguard,0P00018XAR.L,Vanguard FTSE Global All Cp Idx £ Acc - 0P00018XAR.L (VAFTGAG),2021-10-10,172.20010375976562
Vanguard,0P00018XAR.L,Vanguard FTSE Global All Cp Idx £ Acc - 0P00018XAR.L (VAFTGAG),2021-10-11,171.86050415039062
Vanguard,0P00018XAR.L,Vanguard FTSE Global All Cp Idx £ Acc - 0P00018XAR.L (VAFTGAG),2021-10-12,171.71279907226562
Vanguard,0P00018XAR.L,Vanguard FTSE Global All Cp Idx £ Acc - 0P00018XAR.L (VAFTGAG),2021-10-13,172.15139770507812
Vanguard,0P00018XAR.L,Vanguard FTSE Global All Cp Idx £ Acc - 0P00018XAR.L (VAFTGAG),2021-10-14,173.91819763183594
Vanguard,0P00018XAR.L,Vanguard FTSE Global All Cp Idx £ Acc - 0P00018XAR.L (VAFTGAG),2021-10-15,174.23480224609375
Vanguard,0P00018XAR.L,Vanguard FTSE Global All Cp Idx £ Acc - 0P00018XAR.L (VAFTGAG),2021-10-16,174.23480224609375
Vanguard,0P00018XAR.L,Vanguard FTSE Global All Cp Idx £ Acc - 0P00018XAR.L (VAFTGAG),2021-10-17,174.23480224609375
Vanguard,0P00018XAR.L,Vanguard FTSE Global All Cp Idx £ Acc - 0P00018XAR.L (VAFTGAG),2021-10-18,175.0435028076172
Vanguard,0P00018XAR.L,Vanguard FTSE Global All Cp Idx £ Acc - 0P00018XAR.L (VAFTGAG),2021-10-19,175.23880004882812
Vanguard,0P00018XAR.L,Vanguard FTSE Global All Cp Idx £ Acc - 0P00018XAR.L (VAFTGAG),2021-10-20,175.70179748535156
Vanguard,0P00018XAR.L,Vanguard FTSE Global All Cp Idx £ Acc - 0P00018XAR.L (VAFTGAG),2021-10-21,175.72900390625
Vanguard,0P00018XAR.L,Vanguard FTSE Global All Cp Idx £ Acc - 0P00018XAR.L (VAFTGAG),2021-10-22,176.32640075683594
Vanguard,0P00018XAR.L,Vanguard FTSE Global All Cp Idx £ Acc - 0P00018XAR.L (VAFTGAG),2021-10-23,176.32640075683594
Vanguard,0P00018XAR.L,Vanguard FTSE Global All Cp Idx £ Acc - 0P00018XAR.L (VAFTGAG),2021-10-24,176.32640075683594
Vanguard,0P00018XAR.L,Vanguard FTSE Global All Cp Idx £ Acc - 0P00018XAR.L (VAFTGAG),2021-10-25,176.87240600585938
Vanguard,0P00018XAR.L,Vanguard FTSE Global All Cp Idx £ Acc - 0P00018XAR.L (VAFTGAG),2021-10-26,176.87399291992188
Vanguard,0P00018XAR.L,Vanguard FTSE Global All Cp Idx £ Acc - 0P00018XAR.L (VAFTGAG),2021-10-27,176.78750610351562
Vanguard,0P00018XAR.L,Vanguard FTSE Global All Cp Idx £ Acc - 0P00018XAR.L (VAFTGAG),2021-10-28,176.98440551757812
Vanguard,0P00018XAR.L,Vanguard FTSE Global All Cp Idx £ Acc - 0P00018XAR.L (VAFTGAG),2021-10-29,177.75669860839844
Vanguard,0P00018XAR.L,Vanguard FTSE Global All Cp Idx £ Acc - 0P00018XAR.L (VAFTGAG),2021-10-30,177.75669860839844
Vanguard,0P00018XAR.L,Vanguard FTSE Global All Cp Idx £ Acc - 0P00018XAR.L (VAFTGAG),2021-10-31,177.75669860839844
Vanguard,0P00018XAR.L,Vanguard FTSE Global All Cp Idx £ Acc - 0P00018XAR.L (VAFTGAG),2021-11-01,179.17669677734375
Vanguard,0P00018XAR.L,Vanguard FTSE Global All Cp Idx £ Acc - 0P00018XAR.L (VAFTGAG),2021-11-02,180.19479370117188
Vanguard,0P00018XAR.L,Vanguard FTSE Global All Cp Idx £ Acc - 0P00018XAR.L (VAFTGAG),2021-11-03,180.4373016357422
Vanguard,0P00018XAR.L,Vanguard FTSE Global All Cp Idx £ Acc - 0P00018XAR.L (VAFTGAG),2021-11-04,183.37159729003906
Vanguard,0P00018XAR.L,Vanguard FTSE Global All Cp Idx £ Acc - 0P00018XAR.L (VAFTGAG),2021-11-05,183.8153076171875
Vanguard,0P00018XAR.L,Vanguard FTSE Global All Cp Idx £ Acc - 0P00018XAR.L (VAFTGAG),2021-11-06,183.8153076171875
Vanguard,0P00018XAR.L,Vanguard FTSE Global All Cp Idx £ Acc - 0P00018XAR.L (VAFTGAG),2021-11-07,183.8153076171875
Vanguard,0P00018XAR.L,Vanguard FTSE Global All Cp Idx £ Acc - 0P00018XAR.L (VAFTGAG),2021-11-08,183.22210693359375
Vanguard,0P00018XAR.L,Vanguard FTSE Global All Cp Idx £ Acc - 0P00018XAR.L (VAFTGAG),2021-11-09,182.93829345703125
Vanguard,0P00018XAR.L,Vanguard FTSE Global All Cp Idx £ Acc - 0P00018XAR.L (VAFTGAG),2021-11-10,182.61309814453125
Vanguard,0P00018XAR.L,Vanguard FTSE Global All Cp Idx £ Acc - 0P00018XAR.L (VAFTGAG),2021-11-11,183.9528045654297
Vanguard,0P00018XAR.L,Vanguard FTSE Global All Cp Idx £ Acc - 0P00018XAR.L (VAFTGAG),2021-11-12,185.0142059326172
Vanguard,0P00018XAR.L,Vanguard FTSE Global All Cp Idx £ Acc - 0P00018XAR.L (VAFTGAG),2021-11-13,185.0142059326172
Vanguard,0P00018XAR.L,Vanguard FTSE Global All Cp Idx £ Acc - 0P00018XAR.L (VAFTGAG),2021-11-14,185.0142059326172
Vanguard,0P00018XAR.L,Vanguard FTSE Global All Cp Idx £ Acc - 0P00018XAR.L (VAFTGAG),2021-11-15,184.6392059326172
Vanguard,0P00018XAR.L,Vanguard FTSE Global All Cp Idx £ Acc - 0P00018XAR.L (VAFTGAG),2021-11-16,185.06809997558594
Vanguard,0P00018XAR.L,Vanguard FTSE Global All Cp Idx £ Acc - 0P00018XAR.L (VAFTGAG),2021-11-17,183.75759887695312
Vanguard,0P00018XAR.L,Vanguard FTSE Global All Cp Idx £ Acc - 0P00018XAR.L (VAFTGAG),2021-11-18,183.5115966796875
Vanguard,0P00018XAR.L,Vanguard FTSE Global All Cp Idx £ Acc - 0P00018XAR.L (VAFTGAG),2021-11-19,183.2928924560547
Vanguard,0P00018XAR.L,Vanguard FTSE Global All Cp Idx £ Acc - 0P00018XAR.L (VAFTGAG),2021-11-20,183.2928924560547
Vanguard,0P00018XAR.L,Vanguard FTSE Global All Cp Idx £ Acc - 0P00018XAR.L (VAFTGAG),2021-11-21,183.2928924560547
Vanguard,0P00018XAR.L,Vanguard FTSE Global All Cp Idx £ Acc - 0P00018XAR.L (VAFTGAG),2021-11-22,183.08799743652344
Vanguard,0P00018XAR.L,Vanguard FTSE Global All Cp Idx £ Acc - 0P00018XAR.L (VAFTGAG),2021-11-23,183.0926055908203
Vanguard,0P00018XAR.L,Vanguard FTSE Global All Cp Idx £ Acc - 0P00018XAR.L (VAFTGAG),2021-11-24,183.60000610351562
Vanguard,0P00018XAR.L,Vanguard FTSE Global All Cp Idx £ Acc - 0P00018XAR.L (VAFTGAG),2021-11-25,184.02520751953125
Vanguard,0P00018XAR.L,Vanguard FTSE Global All Cp Idx £ Acc - 0P00018XAR.L (VAFTGAG),2021-11-26,179.60450744628906
Vanguard,0P00018XAR.L,Vanguard FTSE Global All Cp Idx £ Acc - 0P00018XAR.L (VAFTGAG),2021-11-27,179.60450744628906
Vanguard,0P00018XAR.L,Vanguard FTSE Global All Cp Idx £ Acc - 0P00018XAR.L (VAFTGAG),2021-11-28,179.60450744628906
Vanguard,0P00018XAR.L,Vanguard FTSE Global All Cp Idx £ Acc - 0P00018XAR.L (VAFTGAG),2021-11-29,181.0904998779297
Vanguard,0P00018XAR.L,Vanguard FTSE Global All Cp Idx £ Acc - 0P00018XAR.L (VAFTGAG),2021-11-30,179.1186981201172
Vanguard,0P00018XAR.L,Vanguard FTSE Global All Cp Idx £ Acc - 0P00018XAR.L (VAFTGAG),2021-12-01,177.45799255371094
Vanguard,0P00018XAR.L,Vanguard FTSE Global All Cp Idx £ Acc - 0P00018XAR.L (VAFTGAG),2021-12-02,179.01409912109375
Vanguard,0P00018XAR.L,Vanguard FTSE Global All Cp Idx £ Acc - 0P00018XAR.L (VAFTGAG),2021-12-03,178.7445068359375
Vanguard,0P00018XAR.L,Vanguard FTSE Global All Cp Idx £ Acc - 0P00018XAR.L (VAFTGAG),2021-12-04,178.7445068359375
Vanguard,0P00018XAR.L,Vanguard FTSE Global All Cp Idx £ Acc - 0P00018XAR.L (VAFTGAG),2021-12-05,178.7445068359375
Vanguard,0P00018XAR.L,Vanguard FTSE Global All Cp Idx £ Acc - 0P00018XAR.L (VAFTGAG),2021-12-06,179.99220275878906
Vanguard,0P00018XAR.L,Vanguard FTSE Global All Cp Idx £ Acc - 0P00018XAR.L (VAFTGAG),2021-12-07,183.75320434570312
Vanguard,0P00018XAR.L,Vanguard FTSE Global All Cp Idx £ Acc - 0P00018XAR.L (VAFTGAG),2021-12-08,184.75070190429688
Vanguard,0P00018XAR.L,Vanguard FTSE Global All Cp Idx £ Acc - 0P00018XAR.L (VAFTGAG),2021-12-09,183.69290161132812
Vanguard,0P00018XAR.L,Vanguard FTSE Global All Cp Idx £ Acc - 0P00018XAR.L (VAFTGAG),2021-12-10,183.92820739746094
Vanguard,0P00018XAR.L,Vanguard FTSE Global All Cp Idx £ Acc - 0P00018XAR.L (VAFTGAG),2021-12-11,183.92820739746094
Vanguard,0P00018XAR.L,Vanguard FTSE Global All Cp Idx £ Acc - 0P00018XAR.L (VAFTGAG),2021-12-12,183.92820739746094
Vanguard,0P00018XAR.L,Vanguard FTSE Global All Cp Idx £ Acc - 0P00018XAR.L (VAFTGAG),2021-12-13,182.45590209960938
Vanguard,0P00018XAR.L,Vanguard FTSE Global All Cp Idx £ Acc - 0P00018XAR.L (VAFTGAG),2021-12-14,181.03799438476562
Vanguard,0P00018XAR.L,Vanguard FTSE Global All Cp Idx £ Acc - 0P00018XAR.L (VAFTGAG),2021-12-15,182.9774932861328
Vanguard,0P00018XAR.L,Vanguard FTSE Global All Cp Idx £ Acc - 0P00018XAR.L (VAFTGAG),2021-12-16,181.1842041015625
Vanguard,0P00018XAR.L,Vanguard FTSE Global All Cp Idx £ Acc - 0P00018XAR.L (VAFTGAG),2021-12-17,180.7277069091797
Vanguard,0P00018XAR.L,Vanguard FTSE Global All Cp Idx £ Acc - 0P00018XAR.L (VAFTGAG),2021-12-18,180.7277069091797
Vanguard,0P00018XAR.L,Vanguard FTSE Global All Cp Idx £ Acc - 0P00018XAR.L (VAFTGAG),2021-12-19,180.7277069091797
Vanguard,0P00018XAR.L,Vanguard FTSE Global All Cp Idx £ Acc - 0P00018XAR.L (VAFTGAG),2021-12-20,178.8054962158203
Vanguard,0P00018XAR.L,Vanguard FTSE Global All Cp Idx £ Acc - 0P00018XAR.L (VAFTGAG),2021-12-21,181.65049743652344
Vanguard,0P00018XAR.L,Vanguard FTSE Global All Cp Idx £ Acc - 0P00018XAR.L (VAFTGAG),2021-12-22,181.77879333496094
Vanguard,0P00018XAR.L,Vanguard FTSE Global All Cp Idx £ Acc - 0P00018XAR.L (VAFTGAG),2021-12-23,182.2834930419922
Vanguard,0P00018XAR.L,Vanguard FTSE Global All Cp Idx £ Acc - 0P00018XAR.L (VAFTGAG),2021-12-24,182.28359985351562
Vanguard,0P00018XAR.L,Vanguard FTSE Global All Cp Idx £ Acc - 0P00018XAR.L (VAFTGAG),2021-12-25,182.28359985351562
Vanguard,0P00018XAR.L,Vanguard FTSE Global All Cp Idx £ Acc - 0P00018XAR.L (VAFTGAG),2021-12-26,182.28359985351562
Vanguard,0P00018XAR.L,Vanguard FTSE Global All Cp Idx £ Acc - 0P00018XAR.L (VAFTGAG),2021-12-27,182.28359985351562
Vanguard,0P00018XAR.L,Vanguard FTSE Global All Cp Idx £ Acc - 0P00018XAR.L (VAFTGAG),2021-12-28,182.28359985351562
Vanguard,0P00018XAR.L,Vanguard FTSE Global All Cp Idx £ Acc - 0P00018XAR.L (VAFTGAG),2021-12-29,183.25320434570312
Vanguard,0P00018XAR.L,Vanguard FTSE Global All Cp Idx £ Acc - 0P00018XAR.L (VAFTGAG),2021-12-30,182.78640747070312
Vanguard,0P00018XAR.L,Vanguard FTSE Global All Cp Idx £ Acc - 0P00018XAR.L (VAFTGAG),2021-12-31,182.0572967529297
Vanguard,0P00018XAR.L,Vanguard FTSE Global All Cp Idx £ Acc - 0P00018XAR.L (VAFTGAG),2022-01-01,182.0572967529297
Vanguard,0P00018XAR.L,Vanguard FTSE Global All Cp Idx £ Acc - 0P00018XAR.L (VAFTGAG),2022-01-02,182.0572967529297
Vanguard,0P00018XAR.L,Vanguard FTSE Global All Cp Idx £ Acc - 0P00018XAR.L (VAFTGAG),2022-01-03,182.0572967529297
Vanguard,0P00018XAR.L,Vanguard FTSE Global All Cp Idx £ Acc - 0P00018XAR.L (VAFTGAG),2022-01-04,182.9611053466797
Vanguard,0P00018XAR.L,Vanguard FTSE Global All Cp Idx £ Acc - 0P00018XAR.L (VAFTGAG),2022-01-05,180.19439697265625
Vanguard,0P00018XAR.L,Vanguard FTSE Global All Cp Idx £ Acc - 0P00018XAR.L (VAFTGAG),2022-01-06,179.73660278320312
Vanguard,0P00018XAR.L,Vanguard FTSE Global All Cp Idx £ Acc - 0P00018XAR.L (VAFTGAG),2022-01-07,178.8740997314453
Vanguard,0P00018XAR.L,Vanguard FTSE Global All Cp Idx £ Acc - 0P00018XAR.L (VAFTGAG),2022-01-08,178.8740997314453
Vanguard,0P00018XAR.L,Vanguard FTSE Global All Cp Idx £ Acc - 0P00018XAR.L (VAFTGAG),2022-01-09,178.8740997314453
Vanguard,0P00018XAR.L,Vanguard FTSE Global All Cp Idx £ Acc - 0P00018XAR.L (VAFTGAG),2022-01-10,178.50729370117188
Vanguard,0P00018XAR.L,Vanguard FTSE Global All Cp Idx £ Acc - 0P00018XAR.L (VAFTGAG),2022-01-11,179.4302978515625
Vanguard,0P00018XAR.L,Vanguard FTSE Global All Cp Idx £ Acc - 0P00018XAR.L (VAFTGAG),2022-01-12,179.7200927734375
Vanguard,0P00018XAR.L,Vanguard FTSE Global All Cp Idx £ Acc - 0P00018XAR.L (VAFTGAG),2022-01-13,177.6446990966797
Vanguard,0P00018XAR.L,Vanguard FTSE Global All Cp Idx £ Acc - 0P00018XAR.L (VAFTGAG),2022-01-14,177.70559692382812
Vanguard,0P00018XAR.L,Vanguard FTSE Global All Cp Idx £ Acc - 0P00018XAR.L (VAFTGAG),2022-01-15,177.70559692382812
Vanguard,0P00018XAR.L,Vanguard FTSE Global All Cp Idx £ Acc - 0P00018XAR.L (VAFTGAG),2022-01-16,177.70559692382812
Vanguard,0P00018XAR.L,Vanguard FTSE Global All Cp Idx £ Acc - 0P00018XAR.L (VAFTGAG),2022-01-17,178.2541961669922
Vanguard,0P00018XAR.L,Vanguard FTSE Global All Cp Idx £ Acc - 0P00018XAR.L (VAFTGAG),2022-01-18,176.38369750976562
Vanguard,0P00018XAR.L,Vanguard FTSE Global All Cp Idx £ Acc - 0P00018XAR.L (VAFTGAG),2022-01-19,174.33970642089844
Vanguard,0P00018XAR.L,Vanguard FTSE Global All Cp Idx £ Acc - 0P00018XAR.L (VAFTGAG),2022-01-20,173.3946075439453
Vanguard,0P00018XAR.L,Vanguard FTSE Global All Cp Idx £ Acc - 0P00018XAR.L (VAFTGAG),2022-01-21,171.66510009765625
Vanguard,0P00018XAR.L,Vanguard FTSE Global All Cp Idx £ Acc - 0P00018XAR.L (VAFTGAG),2022-01-22,171.66510009765625
Vanguard,0P00018XAR.L,Vanguard FTSE Global All Cp Idx £ Acc - 0P00018XAR.L (VAFTGAG),2022-01-23,171.66510009765625
Vanguard,0P00018XAR.L,Vanguard FTSE Global All Cp Idx £ Acc - 0P00018XAR.L (VAFTGAG),2022-01-24,171.5756072998047
Vanguard,0P00018XAR.L,Vanguard FTSE Global All Cp Idx £ Acc - 0P00018XAR.L (VAFTGAG),2022-01-25,169.6092071533203
Vanguard,0P00018XAR.L,Vanguard FTSE Global All Cp Idx £ Acc - 0P00018XAR.L (VAFTGAG),2022-01-26,169.4644012451172
Vanguard,0P00018XAR.L,Vanguard FTSE Global All Cp Idx £ Acc - 0P00018XAR.L (VAFTGAG),2022-01-27,169.26699829101562
Vanguard,0P00018XAR.L,Vanguard FTSE Global All Cp Idx £ Acc - 0P00018XAR.L (VAFTGAG),2022-01-28,171.41690063476562
Vanguard,0P00018XAR.L,Vanguard FTSE Global All Cp Idx £ Acc - 0P00018XAR.L (VAFTGAG),2022-01-29,171.41690063476562
Vanguard,0P00018XAR.L,Vanguard FTSE Global All Cp Idx £ Acc - 0P00018XAR.L (VAFTGAG),2022-01-30,171.41690063476562
Vanguard,0P00018XAR.L,Vanguard FTSE Global All Cp Idx £ Acc - 0P00018XAR.L (VAFTGAG),2022-01-31,174.38099670410156
Vanguard,0P00018XAR.L,Vanguard FTSE Global All Cp Idx £ Acc - 0P00018XAR.L (VAFTGAG),2022-02-01,174.81809997558594
Vanguard,0P00018XAR.L,Vanguard FTSE Global All Cp Idx £ Acc - 0P00018XAR.L (VAFTGAG),2022-02-02,175.2104949951172
Vanguard,0P00018XAR.L,Vanguard FTSE Global All Cp Idx £ Acc - 0P00018XAR.L (VAFTGAG),2022-02-03,171.6510009765625
Vanguard,0P00018XAR.L,Vanguard FTSE Global All Cp Idx £ Acc - 0P00018XAR.L (VAFTGAG),2022-02-04,173.1905059814453
Vanguard,0P00018XAR.L,Vanguard FTSE Global All Cp Idx £ Acc - 0P00018XAR.L (VAFTGAG),2022-02-05,173.1905059814453
Vanguard,0P00018XAR.L,Vanguard FTSE Global All Cp Idx £ Acc - 0P00018XAR.L (VAFTGAG),2022-02-06,173.1905059814453
Vanguard,0P00018XAR.L,Vanguard FTSE Global All Cp Idx £ Acc - 0P00018XAR.L (VAFTGAG),2022-02-07,173.1396026611328
Vanguard,0P00018XAR.L,Vanguard FTSE Global All Cp Idx £ Acc - 0P00018XAR.L (VAFTGAG),2022-02-08,173.8065948486328
Vanguard,0P00018XAR.L,Vanguard FTSE Global All Cp Idx £ Acc - 0P00018XAR.L (VAFTGAG),2022-02-09,176.67630004882812
Vanguard,0P00018XAR.L,Vanguard FTSE Global All Cp Idx £ Acc - 0P00018XAR.L (VAFTGAG),2022-02-10,174.1822967529297
Vanguard,0P00018XAR.L,Vanguard FTSE Global All Cp Idx £ Acc - 0P00018XAR.L (VAFTGAG),2022-02-11,171.8636932373047
Vanguard,0P00018XAR.L,Vanguard FTSE Global All Cp Idx £ Acc - 0P00018XAR.L (VAFTGAG),2022-02-12,171.8636932373047
Vanguard,0P00018XAR.L,Vanguard FTSE Global All Cp Idx £ Acc - 0P00018XAR.L (VAFTGAG),2022-02-13,171.8636932373047
Vanguard,0P00018XAR.L,Vanguard FTSE Global All Cp Idx £ Acc - 0P00018XAR.L (VAFTGAG),2022-02-14,171.26620483398438
Vanguard,0P00018XAR.L,Vanguard FTSE Global All Cp Idx £ Acc - 0P00018XAR.L (VAFTGAG),2022-02-15,173.52659606933594
Vanguard,0P00018XAR.L,Vanguard FTSE Global All Cp Idx £ Acc - 0P00018XAR.L (VAFTGAG),2022-02-16,173.4080047607422
Vanguard,0P00018XAR.L,Vanguard FTSE Global All Cp Idx £ Acc - 0P00018XAR.L (VAFTGAG),2022-02-17,170.33839416503906
Vanguard,0P00018XAR.L,Vanguard FTSE Global All Cp Idx £ Acc - 0P00018XAR.L (VAFTGAG),2022-02-18,169.3988037109375
Vanguard,0P00018XAR.L,Vanguard FTSE Global All Cp Idx £ Acc - 0P00018XAR.L (VAFTGAG),2022-02-19,169.3988037109375
Vanguard,0P00018XAR.L,Vanguard FTSE Global All Cp Idx £ Acc - 0P00018XAR.L (VAFTGAG),2022-02-20,169.3988037109375
Vanguard,0P00018XAR.L,Vanguard FTSE Global All Cp Idx £ Acc - 0P00018XAR.L (VAFTGAG),2022-02-21,168.5028076171875
Vanguard,0P00018XAR.L,Vanguard FTSE Global All Cp Idx £ Acc - 0P00018XAR.L (VAFTGAG),2022-02-22,167.09730529785156
Vanguard,0P00018XAR.L,Vanguard FTSE Global All Cp Idx £ Acc - 0P00018XAR.L (VAFTGAG),2022-02-23,165.6083984375
Vanguard,0P00018XAR.L,Vanguard FTSE Global All Cp Idx £ Acc - 0P00018XAR.L (VAFTGAG),2022-02-24,168.08799743652344
Vanguard,0P00018XAR.L,Vanguard FTSE Global All Cp Idx £ Acc - 0P00018XAR.L (VAFTGAG),2022-02-25,170.41749572753906
Vanguard,0P00018XAR.L,Vanguard FTSE Global All Cp Idx £ Acc - 0P00018XAR.L (VAFTGAG),2022-02-26,170.41749572753906
Vanguard,0P00018XAR.L,Vanguard FTSE Global All Cp Idx £ Acc - 0P00018XAR.L (VAFTGAG),2022-02-27,170.41749572753906
Vanguard,0P00018XAR.L,Vanguard FTSE Global All Cp Idx £ Acc - 0P00018XAR.L (VAFTGAG),2022-02-28,170.26210021972656
Vanguard,0P00018XAR.L,Vanguard FTSE Global All Cp Idx £ Acc - 0P00018XAR.L (VAFTGAG),2022-03-01,168.85899353027344
Vanguard,0P00018XAR.L,Vanguard FTSE Global All Cp Idx £ Acc - 0P00018XAR.L (VAFTGAG),2022-03-02,170.8043975830078
Vanguard,0P00018XAR.L,Vanguard FTSE Global All Cp Idx £ Acc - 0P00018XAR.L (VAFTGAG),2022-03-03,169.39410400390625
Vanguard,0P00018XAR.L,Vanguard FTSE Global All Cp Idx £ Acc - 0P00018XAR.L (VAFTGAG),2022-03-04,168.05189514160156
Vanguard,0P00018XAR.L,Vanguard FTSE Global All Cp Idx £ Acc - 0P00018XAR.L (VAFTGAG),2022-03-05,168.05189514160156
Vanguard,0P00018XAR.L,Vanguard FTSE Global All Cp Idx £ Acc - 0P00018XAR.L (VAFTGAG),2022-03-06,168.05189514160156
Vanguard,0P00018XAR.L,Vanguard FTSE Global All Cp Idx £ Acc - 0P00018XAR.L (VAFTGAG),2022-03-07,164.52490234375
Vanguard,0P00018XAR.L,Vanguard FTSE Global All Cp Idx £ Acc - 0P00018XAR.L (VAFTGAG),2022-03-08,163.62060546875
Vanguard,0P00018XAR.L,Vanguard FTSE Global All Cp Idx £ Acc - 0P00018XAR.L (VAFTGAG),2022-03-09,167.5648956298828
Vanguard,0P00018XAR.L,Vanguard FTSE Global All Cp Idx £ Acc - 0P00018XAR.L (VAFTGAG),2022-03-10,167.7532958984375
Vanguard,0P00018XAR.L,Vanguard FTSE Global All Cp Idx £ Acc - 0P00018XAR.L (VAFTGAG),2022-03-11,166.47230529785156
Vanguard,0P00018XAR.L,Vanguard FTSE Global All Cp Idx £ Acc - 0P00018XAR.L (VAFTGAG),2022-03-12,166.47230529785156
Vanguard,0P00018XAR.L,Vanguard FTSE Global All Cp Idx £ Acc - 0P00018XAR.L (VAFTGAG),2022-03-13,166.47230529785156
Vanguard,0P00018XAR.L,Vanguard FTSE Global All Cp Idx £ Acc - 0P00018XAR.L (VAFTGAG),2022-03-14,165.74830627441406
Vanguard,0P00018XAR.L,Vanguard FTSE Global All Cp Idx £ Acc - 0P00018XAR.L (VAFTGAG),2022-03-15,166.93760681152344
Vanguard,0P00018XAR.L,Vanguard FTSE Global All Cp Idx £ Acc - 0P00018XAR.L (VAFTGAG),2022-03-16,171.1761016845703
Vanguard,0P00018XAR.L,Vanguard FTSE Global All Cp Idx £ Acc - 0P00018XAR.L (VAFTGAG),2022-03-17,173.35130310058594
Vanguard,0P00018XAR.L,Vanguard FTSE Global All Cp Idx £ Acc - 0P00018XAR.L (VAFTGAG),2022-03-18,174.69200134277344
Vanguard,0P00018XAR.L,Vanguard FTSE Global All Cp Idx £ Acc - 0P00018XAR.L (VAFTGAG),2022-03-19,174.69200134277344
Vanguard,0P00018XAR.L,Vanguard FTSE Global All Cp Idx £ Acc - 0P00018XAR.L (VAFTGAG),2022-03-20,174.69200134277344
Vanguard,0P00018XAR.L,Vanguard FTSE Global All Cp Idx £ Acc - 0P00018XAR.L (VAFTGAG),2022-03-21,174.0115966796875
Vanguard,0P00018XAR.L,Vanguard FTSE Global All Cp Idx £ Acc - 0P00018XAR.L (VAFTGAG),2022-03-22,175.03089904785156
Vanguard,0P00018XAR.L,Vanguard FTSE Global All Cp Idx £ Acc - 0P00018XAR.L (VAFTGAG),2022-03-23,174.37730407714844
Vanguard,0P00018XAR.L,Vanguard FTSE Global All Cp Idx £ Acc - 0P00018XAR.L (VAFTGAG),2022-03-24,176.07859802246094
Vanguard,0P00018XAR.L,Vanguard FTSE Global All Cp Idx £ Acc - 0P00018XAR.L (VAFTGAG),2022-03-25,176.1779022216797
Vanguard,0P00018XAR.L,Vanguard FTSE Global All Cp Idx £ Acc - 0P00018XAR.L (VAFTGAG),2022-03-26,176.1779022216797
Vanguard,0P00018XAR.L,Vanguard FTSE Global All Cp Idx £ Acc - 0P00018XAR.L (VAFTGAG),2022-03-27,176.1779022216797
Vanguard,0P00018XAR.L,Vanguard FTSE Global All Cp Idx £ Acc - 0P00018XAR.L (VAFTGAG),2022-03-28,178.256103515625
Vanguard,0P00018XAR.L,Vanguard FTSE Global All Cp Idx £ Acc - 0P00018XAR.L (VAFTGAG),2022-03-29,180.33200073242188
Vanguard,0P00018XAR.L,Vanguard FTSE Global All Cp Idx £ Acc - 0P00018XAR.L (VAFTGAG),2022-03-30,179.32020568847656
Vanguard,0P00018XAR.L,Vanguard FTSE Global All Cp Idx £ Acc - 0P00018XAR.L (VAFTGAG),2022-03-31,177.14019775390625
Vanguard,0P00018XAR.L,Vanguard FTSE Global All Cp Idx £ Acc - 0P00018XAR.L (VAFTGAG),2022-04-01,178.26390075683594
Vanguard,0P00018XAR.L,Vanguard FTSE Global All Cp Idx £ Acc - 0P00018XAR.L (VAFTGAG),2022-04-02,178.26390075683594
Vanguard,0P00018XAR.L,Vanguard FTSE Global All Cp Idx £ Acc - 0P00018XAR.L (VAFTGAG),2022-04-03,178.26390075683594
Vanguard,0P00018XAR.L,Vanguard FTSE Global All Cp Idx £ Acc - 0P00018XAR.L (VAFTGAG),2022-04-04,179.67860412597656
Vanguard,0P00018XAR.L,Vanguard FTSE Global All Cp Idx £ Acc - 0P00018XAR.L (VAFTGAG),2022-04-05,177.60650634765625
Vanguard,0P00018XAR.L,Vanguard FTSE Global All Cp Idx £ Acc - 0P00018XAR.L (VAFTGAG),2022-04-06,176.05960083007812
Vanguard,0P00018XAR.L,Vanguard FTSE Global All Cp Idx £ Acc - 0P00018XAR.L (VAFTGAG),2022-04-07,176.09910583496094
Vanguard,0P00018XAR.L,Vanguard FTSE Global All Cp Idx £ Acc - 0P00018XAR.L (VAFTGAG),2022-04-08,176.73309326171875
Vanguard,0P00018XAR.L,Vanguard FTSE Global All Cp Idx £ Acc - 0P00018XAR.L (VAFTGAG),2022-04-09,176.73309326171875
Vanguard,0P00018XAR.L,Vanguard FTSE Global All Cp Idx £ Acc - 0P00018XAR.L (VAFTGAG),2022-04-10,176.73309326171875
Vanguard,0P00018XAR.L,Vanguard FTSE Global All Cp Idx £ Acc - 0P00018XAR.L (VAFTGAG),2022-04-11,174.18280029296875
Vanguard,0P00018XAR.L,Vanguard FTSE Global All Cp Idx £ Acc - 0P00018XAR.L (VAFTGAG),2022-04-12,173.50860595703125
Vanguard,0P00018XAR.L,Vanguard FTSE Global All Cp Idx £ Acc - 0P00018XAR.L (VAFTGAG),2022-04-13,175.00909423828125
Vanguard,0P00018XAR.L,Vanguard FTSE Global All Cp Idx £ Acc - 0P00018XAR.L (VAFTGAG),2022-04-14,173.7445068359375
Vanguard,0P00018XAR.L,Vanguard FTSE Global All Cp Idx £ Acc - 0P00018XAR.L (VAFTGAG),2022-04-15,173.7445068359375
Vanguard,0P00018XAR.L,Vanguard FTSE Global All Cp Idx £ Acc - 0P00018XAR.L (VAFTGAG),2022-04-16,173.7445068359375
Vanguard,0P00018XAR.L,Vanguard FTSE Global All Cp Idx £ Acc - 0P00018XAR.L (VAFTGAG),2022-04-17,173.7445068359375
Vanguard,0P00018XAR.L,Vanguard FTSE Global All Cp Idx £ Acc - 0P00018XAR.L (VAFTGAG),2022-04-18,173.7445068359375
Vanguard,0P00018XAR.L,Vanguard FTSE Global All Cp Idx £ Acc - 0P00018XAR.L (VAFTGAG),2022-04-19,175.318603515625
Vanguard,0P00018XAR.L,Vanguard FTSE Global All Cp Idx £ Acc - 0P00018XAR.L (VAFTGAG),2022-04-20,175.19700622558594
Vanguard,0P00018XAR.L,Vanguard FTSE Global All Cp Idx £ Acc - 0P00018XAR.L (VAFTGAG),2022-04-21,173.46470642089844
Vanguard,0P00018XAR.L,Vanguard FTSE Global All Cp Idx £ Acc - 0P00018XAR.L (VAFTGAG),2022-04-22,171.77220153808594
Vanguard,0P00018XAR.L,Vanguard FTSE Global All Cp Idx £ Acc - 0P00018XAR.L (VAFTGAG),2022-04-23,171.77220153808594
Vanguard,0P00018XAR.L,Vanguard FTSE Global All Cp Idx £ Acc - 0P00018XAR.L (VAFTGAG),2022-04-24,171.77220153808594
Vanguard,0P00018XAR.L,Vanguard FTSE Global All Cp Idx £ Acc - 0P00018XAR.L (VAFTGAG),2022-04-25,172.6876983642578
Vanguard,0P00018XAR.L,Vanguard FTSE Global All Cp Idx £ Acc - 0P00018XAR.L (VAFTGAG),2022-04-26,170.48350524902344
Vanguard,0P00018XAR.L,Vanguard FTSE Global All Cp Idx £ Acc - 0P00018XAR.L (VAFTGAG),2022-04-27,171.72869873046875
Vanguard,0P00018XAR.L,Vanguard FTSE Global All Cp Idx £ Acc - 0P00018XAR.L (VAFTGAG),2022-04-28,175.6549072265625
Vanguard,0P00018XAR.L,Vanguard FTSE Global All Cp Idx £ Acc - 0P00018XAR.L (VAFTGAG),2022-04-29,171.08389282226562
Vanguard,0P00018XAR.L,Vanguard FTSE Global All Cp Idx £ Acc - 0P00018XAR.L (VAFTGAG),2022-04-30,171.08389282226562
Vanguard,0P00018XAR.L,Vanguard FTSE Global All Cp Idx £ Acc - 0P00018XAR.L (VAFTGAG),2022-05-01,171.08389282226562
Vanguard,0P00018XAR.L,Vanguard FTSE Global All Cp Idx £ Acc - 0P00018XAR.L (VAFTGAG),2022-05-02,171.08389282226562
Vanguard,0P00018XAR.L,Vanguard FTSE Global All Cp Idx £ Acc - 0P00018XAR.L (VAFTGAG),2022-05-03,172.49270629882812
Vanguard,0P00018XAR.L,Vanguard FTSE Global All Cp Idx £ Acc - 0P00018XAR.L (VAFTGAG),2022-05-04,175.27859497070312
Vanguard,0P00018XAR.L,Vanguard FTSE Global All Cp Idx £ Acc - 0P00018XAR.L (VAFTGAG),2022-05-05,172.6927032470703
Vanguard,0P00018XAR.L,Vanguard FTSE Global All Cp Idx £ Acc - 0P00018XAR.L (VAFTGAG),2022-05-06,171.22340393066406
Vanguard,0P00018XAR.L,Vanguard FTSE Global All Cp Idx £ Acc - 0P00018XAR.L (VAFTGAG),2022-05-07,171.22340393066406
Vanguard,0P00018XAR.L,Vanguard FTSE Global All Cp Idx £ Acc - 0P00018XAR.L (VAFTGAG),2022-05-08,171.22340393066406
Vanguard,0P00018XAR.L,Vanguard FTSE Global All Cp Idx £ Acc - 0P00018XAR.L (VAFTGAG),2022-05-09,166.50070190429688
Vanguard,0P00018XAR.L,Vanguard FTSE Global All Cp Idx £ Acc - 0P00018XAR.L (VAFTGAG),2022-05-10,166.4552001953125
Vanguard,0P00018XAR.L,Vanguard FTSE Global All Cp Idx £ Acc - 0P00018XAR.L (VAFTGAG),2022-05-11,164.8291015625
Vanguard,0P00018XAR.L,Vanguard FTSE Global All Cp Idx £ Acc - 0P00018XAR.L (VAFTGAG),2022-05-12,165.3385009765625
Vanguard,0P00018XAR.L,Vanguard FTSE Global All Cp Idx £ Acc - 0P00018XAR.L (VAFTGAG),2022-05-13,169.22669982910156
Vanguard,0P00018XAR.L,Vanguard FTSE Global All Cp Idx £ Acc - 0P00018XAR.L (VAFTGAG),2022-05-14,169.22669982910156
Vanguard,0P00018XAR.L,Vanguard FTSE Global All Cp Idx £ Acc - 0P00018XAR.L (VAFTGAG),2022-05-15,169.22669982910156
Vanguard,0P00018XAR.L,Vanguard FTSE Global All Cp Idx £ Acc - 0P00018XAR.L (VAFTGAG),2022-05-16,168.4654998779297
Vanguard,0P00018XAR.L,Vanguard FTSE Global All Cp Idx £ Acc - 0P00018XAR.L (VAFTGAG),2022-05-17,168.90679931640625
Vanguard,0P00018XAR.L,Vanguard FTSE Global All Cp Idx £ Acc - 0P00018XAR.L (VAFTGAG),2022-05-18,165.43099975585938
Vanguard,0P00018XAR.L,Vanguard FTSE Global All Cp Idx £ Acc - 0P00018XAR.L (VAFTGAG),2022-05-19,163.48179626464844
Vanguard,0P00018XAR.L,Vanguard FTSE Global All Cp Idx £ Acc - 0P00018XAR.L (VAFTGAG),2022-05-20,164.40220642089844
Vanguard,0P00018XAR.L,Vanguard FTSE Global All Cp Idx £ Acc - 0P00018XAR.L (VAFTGAG),2022-05-21,164.40220642089844
Vanguard,0P00018XAR.L,Vanguard FTSE Global All Cp Idx £ Acc - 0P00018XAR.L (VAFTGAG),2022-05-22,164.40220642089844
Vanguard,0P00018XAR.L,Vanguard FTSE Global All Cp Idx £ Acc - 0P00018XAR.L (VAFTGAG),2022-05-23,165.4824981689453
Vanguard,0P00018XAR.L,Vanguard FTSE Global All Cp Idx £ Acc - 0P00018XAR.L (VAFTGAG),2022-05-24,164.59820556640625
Vanguard,0P00018XAR.L,Vanguard FTSE Global All Cp Idx £ Acc - 0P00018XAR.L (VAFTGAG),2022-05-25,165.4875946044922
Vanguard,0P00018XAR.L,Vanguard FTSE Global All Cp Idx £ Acc - 0P00018XAR.L (VAFTGAG),2022-05-26,167.55050659179688
Vanguard,0P00018XAR.L,Vanguard FTSE Global All Cp Idx £ Acc - 0P00018XAR.L (VAFTGAG),2022-05-27,170.5012969970703
Vanguard,0P00018XAR.L,Vanguard FTSE Global All Cp Idx £ Acc - 0P00018XAR.L (VAFTGAG),2022-05-28,170.5012969970703
Vanguard,0P00018XAR.L,Vanguard FTSE Global All Cp Idx £ Acc - 0P00018XAR.L (VAFTGAG),2022-05-29,170.5012969970703
Vanguard,0P00018XAR.L,Vanguard FTSE Global All Cp Idx £ Acc - 0P00018XAR.L (VAFTGAG),2022-05-30,171.16859436035156
Vanguard,0P00018XAR.L,Vanguard FTSE Global All Cp Idx £ Acc - 0P00018XAR.L (VAFTGAG),2022-05-31,170.61680603027344
Vanguard,0P00018XAR.L,Vanguard FTSE Global All Cp Idx £ Acc - 0P00018XAR.L (VAFTGAG),2022-06-01,170.81239318847656
Vanguard,0P00018XAR.L,Vanguard FTSE Global All Cp Idx £ Acc - 0P00018XAR.L (VAFTGAG),2022-06-02,170.81239318847656
Vanguard,0P00018XAR.L,Vanguard FTSE Global All Cp Idx £ Acc - 0P00018XAR.L (VAFTGAG),2022-06-03,170.81239318847656
Vanguard,0P00018XAR.L,Vanguard FTSE Global All Cp Idx £ Acc - 0P00018XAR.L (VAFTGAG),2022-06-04,170.81239318847656
Vanguard,0P00018XAR.L,Vanguard FTSE Global All Cp Idx £ Acc - 0P00018XAR.L (VAFTGAG),2022-06-05,170.81239318847656
Vanguard,0P00018XAR.L,Vanguard FTSE Global All Cp Idx £ Acc - 0P00018XAR.L (VAFTGAG),2022-06-06,171.22120666503906
Vanguard,0P00018XAR.L,Vanguard FTSE Global All Cp Idx £ Acc - 0P00018XAR.L (VAFTGAG),2022-06-07,171.539306640625
Vanguard,0P00018XAR.L,Vanguard FTSE Global All Cp Idx £ Acc - 0P00018XAR.L (VAFTGAG),2022-06-08,170.95120239257812
Vanguard,0P00018XAR.L,Vanguard FTSE Global All Cp Idx £ Acc - 0P00018XAR.L (VAFTGAG),2022-06-09,167.71409606933594
Vanguard,0P00018XAR.L,Vanguard FTSE Global All Cp Idx £ Acc - 0P00018XAR.L (VAFTGAG),2022-06-10,165.79379272460938
Vanguard,0P00018XAR.L,Vanguard FTSE Global All Cp Idx £ Acc - 0P00018XAR.L (VAFTGAG),2022-06-11,165.79379272460938
Vanguard,0P00018XAR.L,Vanguard FTSE Global All Cp Idx £ Acc - 0P00018XAR.L (VAFTGAG),2022-06-12,165.79379272460938
Vanguard,0P00018XAR.L,Vanguard FTSE Global All Cp Idx £ Acc - 0P00018XAR.L (VAFTGAG),2022-06-13,162.43099975585938
Vanguard,0P00018XAR.L,Vanguard FTSE Global All Cp Idx £ Acc - 0P00018XAR.L (VAFTGAG),2022-06-14,163.10009765625
Vanguard,0P00018XAR.L,Vanguard FTSE Global All Cp Idx £ Acc - 0P00018XAR.L (VAFTGAG),2022-06-15,163.98260498046875
Vanguard,0P00018XAR.L,Vanguard FTSE Global All Cp Idx £ Acc - 0P00018XAR.L (VAFTGAG),2022-06-16,157.24819946289062
Vanguard,0P00018XAR.L,Vanguard FTSE Global All Cp Idx £ Acc - 0P00018XAR.L (VAFTGAG),2022-06-17,158.2001953125
Vanguard,0P00018XAR.L,Vanguard FTSE Global All Cp Idx £ Acc - 0P00018XAR.L (VAFTGAG),2022-06-18,158.2001953125
Vanguard,0P00018XAR.L,Vanguard FTSE Global All Cp Idx £ Acc - 0P00018XAR.L (VAFTGAG),2022-06-19,158.2001953125
Vanguard,0P00018XAR.L,Vanguard FTSE Global All Cp Idx £ Acc - 0P00018XAR.L (VAFTGAG),2022-06-20,157.60719299316406
Vanguard,0P00018XAR.L,Vanguard FTSE Global All Cp Idx £ Acc - 0P00018XAR.L (VAFTGAG),2022-06-21,160.12420654296875
Vanguard,0P00018XAR.L,Vanguard FTSE Global All Cp Idx £ Acc - 0P00018XAR.L (VAFTGAG),2022-06-22,159.00650024414062
Vanguard,0P00018XAR.L,Vanguard FTSE Global All Cp Idx £ Acc - 0P00018XAR.L (VAFTGAG),2022-06-23,160.160400390625
Vanguard,0P00018XAR.L,Vanguard FTSE Global All Cp Idx £ Acc - 0P00018XAR.L (VAFTGAG),2022-06-24,164.11599731445312
Vanguard,0P00018XAR.L,Vanguard FTSE Global All Cp Idx £ Acc - 0P00018XAR.L (VAFTGAG),2022-06-25,164.11599731445312
Vanguard,0P00018XAR.L,Vanguard FTSE Global All Cp Idx £ Acc - 0P00018XAR.L (VAFTGAG),2022-06-26,164.11599731445312
Vanguard,0P00018XAR.L,Vanguard FTSE Global All Cp Idx £ Acc - 0P00018XAR.L (VAFTGAG),2022-06-27,164.5498046875
Vanguard,0P00018XAR.L,Vanguard FTSE Global All Cp Idx £ Acc - 0P00018XAR.L (VAFTGAG),2022-06-28,163.91259765625
Vanguard,0P00018XAR.L,Vanguard FTSE Global All Cp Idx £ Acc - 0P00018XAR.L (VAFTGAG),2022-06-29,164.0
Vanguard,0P00018XAR.L,Vanguard FTSE Global All Cp Idx £ Acc - 0P00018XAR.L (VAFTGAG),2022-06-30,161.9051971435547
Vanguard,0P00018XAR.L,Vanguard FTSE Global All Cp Idx £ Acc - 0P00018XAR.L (VAFTGAG),2022-07-01,164.3863067626953
Vanguard,0P00018XAR.L,Vanguard FTSE Global All Cp Idx £ Acc - 0P00018XAR.L (VAFTGAG),2022-07-02,164.3863067626953
Vanguard,0P00018XAR.L,Vanguard FTSE Global All Cp Idx £ Acc - 0P00018XAR.L (VAFTGAG),2022-07-03,164.3863067626953
Vanguard,0P00018XAR.L,Vanguard FTSE Global All Cp Idx £ Acc - 0P00018XAR.L (VAFTGAG),2022-07-04,163.3332977294922
Vanguard,0P00018XAR.L,Vanguard FTSE Global All Cp Idx £ Acc - 0P00018XAR.L (VAFTGAG),2022-07-05,165.29510498046875
Vanguard,0P00018XAR.L,Vanguard FTSE Global All Cp Idx £ Acc - 0P00018XAR.L (VAFTGAG),2022-07-06,165.46859741210938
Vanguard,0P00018XAR.L,Vanguard FTSE Global All Cp Idx £ Acc - 0P00018XAR.L (VAFTGAG),2022-07-07,166.90699768066406
Vanguard,0P00018XAR.L,Vanguard FTSE Global All Cp Idx £ Acc - 0P00018XAR.L (VAFTGAG),2022-07-08,166.72109985351562
Vanguard,0P00018XAR.L,Vanguard FTSE Global All Cp Idx £ Acc - 0P00018XAR.L (VAFTGAG),2022-07-09,166.72109985351562
Vanguard,0P00018XAR.L,Vanguard FTSE Global All Cp Idx £ Acc - 0P00018XAR.L (VAFTGAG),2022-07-10,166.72109985351562
Vanguard,0P00018XAR.L,Vanguard FTSE Global All Cp Idx £ Acc - 0P00018XAR.L (VAFTGAG),2022-07-11,166.5261993408203
Vanguard,0P00018XAR.L,Vanguard FTSE Global All Cp Idx £ Acc - 0P00018XAR.L (VAFTGAG),2022-07-12,165.20150756835938
Vanguard,0P00018XAR.L,Vanguard FTSE Global All Cp Idx £ Acc - 0P00018XAR.L (VAFTGAG),2022-07-13,163.95159912109375
Vanguard,0P00018XAR.L,Vanguard FTSE Global All Cp Idx £ Acc - 0P00018XAR.L (VAFTGAG),2022-07-14,164.69859313964844
Vanguard,0P00018XAR.L,Vanguard FTSE Global All Cp Idx £ Acc - 0P00018XAR.L (VAFTGAG),2022-07-15,166.4123992919922
Vanguard,0P00018XAR.L,Vanguard FTSE Global All Cp Idx £ Acc - 0P00018XAR.L (VAFTGAG),2022-07-16,166.4123992919922
Vanguard,0P00018XAR.L,Vanguard FTSE Global All Cp Idx £ Acc - 0P00018XAR.L (VAFTGAG),2022-07-17,166.4123992919922
Vanguard,0P00018XAR.L,Vanguard FTSE Global All Cp Idx £ Acc - 0P00018XAR.L (VAFTGAG),2022-07-18,164.4228057861328
Vanguard,0P00018XAR.L,Vanguard FTSE Global All Cp Idx £ Acc - 0P00018XAR.L (VAFTGAG),2022-07-19,167.76409912109375
Vanguard,0P00018XAR.L,Vanguard FTSE Global All Cp Idx £ Acc - 0P00018XAR.L (VAFTGAG),2022-07-20,169.38009643554688
Vanguard,0P00018XAR.L,Vanguard FTSE Global All Cp Idx £ Acc - 0P00018XAR.L (VAFTGAG),2022-07-21,171.24270629882812
Vanguard,0P00018XAR.L,Vanguard FTSE Global All Cp Idx £ Acc - 0P00018XAR.L (VAFTGAG),2022-07-22,169.24440002441406
Vanguard,0P00018XAR.L,Vanguard FTSE Global All Cp Idx £ Acc - 0P00018XAR.L (VAFTGAG),2022-07-23,169.24440002441406
Vanguard,0P00018XAR.L,Vanguard FTSE Global All Cp Idx £ Acc - 0P00018XAR.L (VAFTGAG),2022-07-24,169.24440002441406
Vanguard,0P00018XAR.L,Vanguard FTSE Global All Cp Idx £ Acc - 0P00018XAR.L (VAFTGAG),2022-07-25,169.17630004882812
Vanguard,0P00018XAR.L,Vanguard FTSE Global All Cp Idx £ Acc - 0P00018XAR.L (VAFTGAG),2022-07-26,167.72459411621094
Vanguard,0P00018XAR.L,Vanguard FTSE Global All Cp Idx £ Acc - 0P00018XAR.L (VAFTGAG),2022-07-27,170.73609924316406
Vanguard,0P00018XAR.L,Vanguard FTSE Global All Cp Idx £ Acc - 0P00018XAR.L (VAFTGAG),2022-07-28,171.52139282226562
Vanguard,0P00018XAR.L,Vanguard FTSE Global All Cp Idx £ Acc - 0P00018XAR.L (VAFTGAG),2022-07-29,172.92849731445312
Vanguard,0P00018XAR.L,Vanguard FTSE Global All Cp Idx £ Acc - 0P00018XAR.L (VAFTGAG),2022-07-30,172.92849731445312
Vanguard,0P00018XAR.L,Vanguard FTSE Global All Cp Idx £ Acc - 0P00018XAR.L (VAFTGAG),2022-07-31,172.92849731445312
Vanguard,0P00018XAR.L,Vanguard FTSE Global All Cp Idx £ Acc - 0P00018XAR.L (VAFTGAG),2022-08-01,171.58949279785156
Vanguard,0P00018XAR.L,Vanguard FTSE Global All Cp Idx £ Acc - 0P00018XAR.L (VAFTGAG),2022-08-02,171.0531005859375
Vanguard,0P00018XAR.L,Vanguard FTSE Global All Cp Idx £ Acc - 0P00018XAR.L (VAFTGAG),2022-08-03,173.96710205078125
Vanguard,0P00018XAR.L,Vanguard FTSE Global All Cp Idx £ Acc - 0P00018XAR.L (VAFTGAG),2022-08-04,174.57530212402344
Vanguard,0P00018XAR.L,Vanguard FTSE Global All Cp Idx £ Acc - 0P00018XAR.L (VAFTGAG),2022-08-05,175.02830505371094
Vanguard,0P00018XAR.L,Vanguard FTSE Global All Cp Idx £ Acc - 0P00018XAR.L (VAFTGAG),2022-08-06,175.02830505371094
Vanguard,0P00018XAR.L,Vanguard FTSE Global All Cp Idx £ Acc - 0P00018XAR.L (VAFTGAG),2022-08-07,175.02830505371094
Vanguard,0P00018XAR.L,Vanguard FTSE Global All Cp Idx £ Acc - 0P00018XAR.L (VAFTGAG),2022-08-08,174.68600463867188
Vanguard,0P00018XAR.L,Vanguard FTSE Global All Cp Idx £ Acc - 0P00018XAR.L (VAFTGAG),2022-08-09,174.19349670410156
Vanguard,0P00018XAR.L,Vanguard FTSE Global All Cp Idx £ Acc - 0P00018XAR.L (VAFTGAG),2022-08-10,175.0424041748047
Vanguard,0P00018XAR.L,Vanguard FTSE Global All Cp Idx £ Acc - 0P00018XAR.L (VAFTGAG),2022-08-11,175.8813018798828
Vanguard,0P00018XAR.L,Vanguard FTSE Global All Cp Idx £ Acc - 0P00018XAR.L (VAFTGAG),2022-08-12,179.32919311523438
Vanguard,0P00018XAR.L,Vanguard FTSE Global All Cp Idx £ Acc - 0P00018XAR.L (VAFTGAG),2022-08-13,179.32919311523438
Vanguard,0P00018XAR.L,Vanguard FTSE Global All Cp Idx £ Acc - 0P00018XAR.L (VAFTGAG),2022-08-14,179.32919311523438
Vanguard,0P00018XAR.L,Vanguard FTSE Global All Cp Idx £ Acc - 0P00018XAR.L (VAFTGAG),2022-08-15,180.31719970703125
Vanguard,0P00018XAR.L,Vanguard FTSE Global All Cp Idx £ Acc - 0P00018XAR.L (VAFTGAG),2022-08-16,180.21090698242188
Vanguard,0P00018XAR.L,Vanguard FTSE Global All Cp Idx £ Acc - 0P00018XAR.L (VAFTGAG),2022-08-17,179.6804962158203
Vanguard,0P00018XAR.L,Vanguard FTSE Global All Cp Idx £ Acc - 0P00018XAR.L (VAFTGAG),2022-08-18,180.4456024169922
Vanguard,0P00018XAR.L,Vanguard FTSE Global All Cp Idx £ Acc - 0P00018XAR.L (VAFTGAG),2022-08-19,181.01809692382812
Vanguard,0P00018XAR.L,Vanguard FTSE Global All Cp Idx £ Acc - 0P00018XAR.L (VAFTGAG),2022-08-20,181.01809692382812
Vanguard,0P00018XAR.L,Vanguard FTSE Global All Cp Idx £ Acc - 0P00018XAR.L (VAFTGAG),2022-08-21,181.01809692382812
Vanguard,0P00018XAR.L,Vanguard FTSE Global All Cp Idx £ Acc - 0P00018XAR.L (VAFTGAG),2022-08-22,178.14450073242188
Vanguard,0P00018XAR.L,Vanguard FTSE Global All Cp Idx £ Acc - 0P00018XAR.L (VAFTGAG),2022-08-23,176.84030151367188
Vanguard,0P00018XAR.L,Vanguard FTSE Global All Cp Idx £ Acc - 0P00018XAR.L (VAFTGAG),2022-08-24,177.6029052734375
Vanguard,0P00018XAR.L,Vanguard FTSE Global All Cp Idx £ Acc - 0P00018XAR.L (VAFTGAG),2022-08-25,179.75970458984375
Vanguard,0P00018XAR.L,Vanguard FTSE Global All Cp Idx £ Acc - 0P00018XAR.L (VAFTGAG),2022-08-26,176.14549255371094
Vanguard,0P00018XAR.L,Vanguard FTSE Global All Cp Idx £ Acc - 0P00018XAR.L (VAFTGAG),2022-08-27,176.14549255371094
Vanguard,0P00018XAR.L,Vanguard FTSE Global All Cp Idx £ Acc - 0P00018XAR.L (VAFTGAG),2022-08-28,176.14549255371094
Vanguard,0P00018XAR.L,Vanguard FTSE Global All Cp Idx £ Acc - 0P00018XAR.L (VAFTGAG),2022-08-29,176.14549255371094
Vanguard,0P00018XAR.L,Vanguard FTSE Global All Cp Idx £ Acc - 0P00018XAR.L (VAFTGAG),2022-08-30,175.42820739746094
Vanguard,0P00018XAR.L,Vanguard FTSE Global All Cp Idx £ Acc - 0P00018XAR.L (VAFTGAG),2022-08-31,174.36639404296875
Vanguard,0P00018XAR.L,Vanguard FTSE Global All Cp Idx £ Acc - 0P00018XAR.L (VAFTGAG),2022-09-01,174.54469299316406
Vanguard,0P00018XAR.L,Vanguard FTSE Global All Cp Idx £ Acc - 0P00018XAR.L (VAFTGAG),2022-09-02,173.36529541015625
Vanguard,0P00018XAR.L,Vanguard FTSE Global All Cp Idx £ Acc - 0P00018XAR.L (VAFTGAG),2022-09-03,173.36529541015625
Vanguard,0P00018XAR.L,Vanguard FTSE Global All Cp Idx £ Acc - 0P00018XAR.L (VAFTGAG),2022-09-04,173.36529541015625
Vanguard,0P00018XAR.L,Vanguard FTSE Global All Cp Idx £ Acc - 0P00018XAR.L (VAFTGAG),2022-09-05,173.90660095214844
Vanguard,0P00018XAR.L,Vanguard FTSE Global All Cp Idx £ Acc - 0P00018XAR.L (VAFTGAG),2022-09-06,172.79649353027344
Vanguard,0P00018XAR.L,Vanguard FTSE Global All Cp Idx £ Acc - 0P00018XAR.L (VAFTGAG),2022-09-07,175.31190490722656
Vanguard,0P00018XAR.L,Vanguard FTSE Global All Cp Idx £ Acc - 0P00018XAR.L (VAFTGAG),2022-09-08,176.36520385742188
Vanguard,0P00018XAR.L,Vanguard FTSE Global All Cp Idx £ Acc - 0P00018XAR.L (VAFTGAG),2022-09-09,178.0093994140625
Vanguard,0P00018XAR.L,Vanguard FTSE Global All Cp Idx £ Acc - 0P00018XAR.L (VAFTGAG),2022-09-10,178.0093994140625
Vanguard,0P00018XAR.L,Vanguard FTSE Global All Cp Idx £ Acc - 0P00018XAR.L (VAFTGAG),2022-09-11,178.0093994140625
Vanguard,0P00018XAR.L,Vanguard FTSE Global All Cp Idx £ Acc - 0P00018XAR.L (VAFTGAG),2022-09-12,178.4167938232422
Vanguard,0P00018XAR.L,Vanguard FTSE Global All Cp Idx £ Acc - 0P00018XAR.L (VAFTGAG),2022-09-13,175.1237030029297
Vanguard,0P00018XAR.L,Vanguard FTSE Global All Cp Idx £ Acc - 0P00018XAR.L (VAFTGAG),2022-09-14,174.13209533691406
Vanguard,0P00018XAR.L,Vanguard FTSE Global All Cp Idx £ Acc - 0P00018XAR.L (VAFTGAG),2022-09-15,173.94540405273438
Vanguard,0P00018XAR.L,Vanguard FTSE Global All Cp Idx £ Acc - 0P00018XAR.L (VAFTGAG),2022-09-16,173.11239624023438
Vanguard,0P00018XAR.L,Vanguard FTSE Global All Cp Idx £ Acc - 0P00018XAR.L (VAFTGAG),2022-09-17,173.11239624023438
Vanguard,0P00018XAR.L,Vanguard FTSE Global All Cp Idx £ Acc - 0P00018XAR.L (VAFTGAG),2022-09-18,173.11239624023438
Vanguard,0P00018XAR.L,Vanguard FTSE Global All Cp Idx £ Acc - 0P00018XAR.L (VAFTGAG),2022-09-19,173.11239624023438
Vanguard,0P00018XAR.L,Vanguard FTSE Global All Cp Idx £ Acc - 0P00018XAR.L (VAFTGAG),2022-09-20,172.4927978515625
Vanguard,0P00018XAR.L,Vanguard FTSE Global All Cp Idx £ Acc - 0P00018XAR.L (VAFTGAG),2022-09-21,171.2686004638672
Vanguard,0P00018XAR.L,Vanguard FTSE Global All Cp Idx £ Acc - 0P00018XAR.L (VAFTGAG),2022-09-22,170.36630249023438
Vanguard,0P00018XAR.L,Vanguard FTSE Global All Cp Idx £ Acc - 0P00018XAR.L (VAFTGAG),2022-09-23,172.35989379882812
Vanguard,0P00018XAR.L,Vanguard FTSE Global All Cp Idx £ Acc - 0P00018XAR.L (VAFTGAG),2022-09-24,172.35989379882812
Vanguard,0P00018XAR.L,Vanguard FTSE Global All Cp Idx £ Acc - 0P00018XAR.L (VAFTGAG),2022-09-25,172.35989379882812
Vanguard,0P00018XAR.L,Vanguard FTSE Global All Cp Idx £ Acc - 0P00018XAR.L (VAFTGAG),2022-09-26,171.6490936279297
Vanguard,0P00018XAR.L,Vanguard FTSE Global All Cp Idx £ Acc - 0P00018XAR.L (VAFTGAG),2022-09-27,171.80380249023438
Vanguard,0P00018XAR.L,Vanguard FTSE Global All Cp Idx £ Acc - 0P00018XAR.L (VAFTGAG),2022-09-28,174.16439819335938
Vanguard,0P00018XAR.L,Vanguard FTSE Global All Cp Idx £ Acc - 0P00018XAR.L (VAFTGAG),2022-09-29,167.4123992919922
Vanguard,0P00018XAR.L,Vanguard FTSE Global All Cp Idx £ Acc - 0P00018XAR.L (VAFTGAG),2022-09-30,164.318603515625
Vanguard,0P00018XAR.L,Vanguard FTSE Global All Cp Idx £ Acc - 0P00018XAR.L (VAFTGAG),2022-10-01,164.318603515625
Vanguard,0P00018XAR.L,Vanguard FTSE Global All Cp Idx £ Acc - 0P00018XAR.L (VAFTGAG),2022-10-02,164.318603515625
Vanguard,0P00018XAR.L,Vanguard FTSE Global All Cp Idx £ Acc - 0P00018XAR.L (VAFTGAG),2022-10-03,165.70730590820312
Vanguard,0P00018XAR.L,Vanguard FTSE Global All Cp Idx £ Acc - 0P00018XAR.L (VAFTGAG),2022-10-04,169.29229736328125
Vanguard,0P00018XAR.L,Vanguard FTSE Global All Cp Idx £ Acc - 0P00018XAR.L (VAFTGAG),2022-10-05,171.22610473632812
Vanguard,0P00018XAR.L,Vanguard FTSE Global All Cp Idx £ Acc - 0P00018XAR.L (VAFTGAG),2022-10-06,170.80580139160156
Vanguard,0P00018XAR.L,Vanguard FTSE Global All Cp Idx £ Acc - 0P00018XAR.L (VAFTGAG),2022-10-07,167.78610229492188
Vanguard,0P00018XAR.L,Vanguard FTSE Global All Cp Idx £ Acc - 0P00018XAR.L (VAFTGAG),2022-10-08,167.78610229492188
Vanguard,0P00018XAR.L,Vanguard FTSE Global All Cp Idx £ Acc - 0P00018XAR.L (VAFTGAG),2022-10-09,167.78610229492188
Vanguard,0P00018XAR.L,Vanguard FTSE Global All Cp Idx £ Acc - 0P00018XAR.L (VAFTGAG),2022-10-10,167.43820190429688
Vanguard,0P00018XAR.L,Vanguard FTSE Global All Cp Idx £ Acc - 0P00018XAR.L (VAFTGAG),2022-10-11,165.29409790039062
Vanguard,0P00018XAR.L,Vanguard FTSE Global All Cp Idx £ Acc - 0P00018XAR.L (VAFTGAG),2022-10-12,164.96449279785156
Vanguard,0P00018XAR.L,Vanguard FTSE Global All Cp Idx £ Acc - 0P00018XAR.L (VAFTGAG),2022-10-13,164.94830322265625
Vanguard,0P00018XAR.L,Vanguard FTSE Global All Cp Idx £ Acc - 0P00018XAR.L (VAFTGAG),2022-10-14,162.78700256347656
Vanguard,0P00018XAR.L,Vanguard FTSE Global All Cp Idx £ Acc - 0P00018XAR.L (VAFTGAG),2022-10-15,162.78700256347656
Vanguard,0P00018XAR.L,Vanguard FTSE Global All Cp Idx £ Acc - 0P00018XAR.L (VAFTGAG),2022-10-16,162.78700256347656
Vanguard,0P00018XAR.L,Vanguard FTSE Global All Cp Idx £ Acc - 0P00018XAR.L (VAFTGAG),2022-10-17,163.5343017578125
Vanguard,0P00018XAR.L,Vanguard FTSE Global All Cp Idx £ Acc - 0P00018XAR.L (VAFTGAG),2022-10-18,167.09019470214844
Vanguard,0P00018XAR.L,Vanguard FTSE Global All Cp Idx £ Acc - 0P00018XAR.L (VAFTGAG),2022-10-19,166.4302978515625
Vanguard,0P00018XAR.L,Vanguard FTSE Global All Cp Idx £ Acc - 0P00018XAR.L (VAFTGAG),2022-10-20,164.84109497070312
Vanguard,0P00018XAR.L,Vanguard FTSE Global All Cp Idx £ Acc - 0P00018XAR.L (VAFTGAG),2022-10-21,169.06959533691406
Vanguard,0P00018XAR.L,Vanguard FTSE Global All Cp Idx £ Acc - 0P00018XAR.L (VAFTGAG),2022-10-22,169.06959533691406
Vanguard,0P00018XAR.L,Vanguard FTSE Global All Cp Idx £ Acc - 0P00018XAR.L (VAFTGAG),2022-10-23,169.06959533691406
Vanguard,0P00018XAR.L,Vanguard FTSE Global All Cp Idx £ Acc - 0P00018XAR.L (VAFTGAG),2022-10-24,168.20790100097656
Vanguard,0P00018XAR.L,Vanguard FTSE Global All Cp Idx £ Acc - 0P00018XAR.L (VAFTGAG),2022-10-25,168.8415069580078
Vanguard,0P00018XAR.L,Vanguard FTSE Global All Cp Idx £ Acc - 0P00018XAR.L (VAFTGAG),2022-10-26,166.9246063232422
Vanguard,0P00018XAR.L,Vanguard FTSE Global All Cp Idx £ Acc - 0P00018XAR.L (VAFTGAG),2022-10-27,166.8070068359375
Vanguard,0P00018XAR.L,Vanguard FTSE Global All Cp Idx £ Acc - 0P00018XAR.L (VAFTGAG),2022-10-28,168.42970275878906
Vanguard,0P00018XAR.L,Vanguard FTSE Global All Cp Idx £ Acc - 0P00018XAR.L (VAFTGAG),2022-10-29,168.42970275878906
Vanguard,0P00018XAR.L,Vanguard FTSE Global All Cp Idx £ Acc - 0P00018XAR.L (VAFTGAG),2022-10-30,168.42970275878906
Vanguard,0P00018XAR.L,Vanguard FTSE Global All Cp Idx £ Acc - 0P00018XAR.L (VAFTGAG),2022-10-31,168.93780517578125
Vanguard,0P00018XAR.L,Vanguard FTSE Global All Cp Idx £ Acc - 0P00018XAR.L (VAFTGAG),2022-11-01,170.14109802246094
Vanguard,0P00018XAR.L,Vanguard FTSE Global All Cp Idx £ Acc - 0P00018XAR.L (VAFTGAG),2022-11-02,167.42489624023438
Vanguard,0P00018XAR.L,Vanguard FTSE Global All Cp Idx £ Acc - 0P00018XAR.L (VAFTGAG),2022-11-03,169.54710388183594
Vanguard,0P00018XAR.L,Vanguard FTSE Global All Cp Idx £ Acc - 0P00018XAR.L (VAFTGAG),2022-11-04,170.88589477539062
Vanguard,0P00018XAR.L,Vanguard FTSE Global All Cp Idx £ Acc - 0P00018XAR.L (VAFTGAG),2022-11-05,170.88589477539062
Vanguard,0P00018XAR.L,Vanguard FTSE Global All Cp Idx £ Acc - 0P00018XAR.L (VAFTGAG),2022-11-06,170.88589477539062
Vanguard,0P00018XAR.L,Vanguard FTSE Global All Cp Idx £ Acc - 0P00018XAR.L (VAFTGAG),2022-11-07,169.9801025390625
Vanguard,0P00018XAR.L,Vanguard FTSE Global All Cp Idx £ Acc - 0P00018XAR.L (VAFTGAG),2022-11-08,169.7967987060547
Vanguard,0P00018XAR.L,Vanguard FTSE Global All Cp Idx £ Acc - 0P00018XAR.L (VAFTGAG),2022-11-09,169.8441925048828
Vanguard,0P00018XAR.L,Vanguard FTSE Global All Cp Idx £ Acc - 0P00018XAR.L (VAFTGAG),2022-11-10,172.7626953125
Vanguard,0P00018XAR.L,Vanguard FTSE Global All Cp Idx £ Acc - 0P00018XAR.L (VAFTGAG),2022-11-11,174.4752960205078
Vanguard,0P00018XAR.L,Vanguard FTSE Global All Cp Idx £ Acc - 0P00018XAR.L (VAFTGAG),2022-11-12,174.4752960205078
Vanguard,0P00018XAR.L,Vanguard FTSE Global All Cp Idx £ Acc - 0P00018XAR.L (VAFTGAG),2022-11-13,174.4752960205078
Vanguard,0P00018XAR.L,Vanguard FTSE Global All Cp Idx £ Acc - 0P00018XAR.L (VAFTGAG),2022-11-14,173.99969482421875
Vanguard,0P00018XAR.L,Vanguard FTSE Global All Cp Idx £ Acc - 0P00018XAR.L (VAFTGAG),2022-11-15,173.4398956298828
Vanguard,0P00018XAR.L,Vanguard FTSE Global All Cp Idx £ Acc - 0P00018XAR.L (VAFTGAG),2022-11-16,172.06399536132812
Vanguard,0P00018XAR.L,Vanguard FTSE Global All Cp Idx £ Acc - 0P00018XAR.L (VAFTGAG),2022-11-17,172.5771942138672
Vanguard,0P00018XAR.L,Vanguard FTSE Global All Cp Idx £ Acc - 0P00018XAR.L (VAFTGAG),2022-11-18,171.41310119628906
Vanguard,0P00018XAR.L,Vanguard FTSE Global All Cp Idx £ Acc - 0P00018XAR.L (VAFTGAG),2022-11-19,171.41310119628906
Vanguard,0P00018XAR.L,Vanguard FTSE Global All Cp Idx £ Acc - 0P00018XAR.L (VAFTGAG),2022-11-20,171.41310119628906
Vanguard,0P00018XAR.L,Vanguard FTSE Global All Cp Idx £ Acc - 0P00018XAR.L (VAFTGAG),2022-11-21,172.13980102539062
Vanguard,0P00018XAR.L,Vanguard FTSE Global All Cp Idx £ Acc - 0P00018XAR.L (VAFTGAG),2022-11-22,172.79879760742188
Vanguard,0P00018XAR.L,Vanguard FTSE Global All Cp Idx £ Acc - 0P00018XAR.L (VAFTGAG),2022-11-23,171.4665069580078
Vanguard,0P00018XAR.L,Vanguard FTSE Global All Cp Idx £ Acc - 0P00018XAR.L (VAFTGAG),2022-11-24,171.2158966064453
Vanguard,0P00018XAR.L,Vanguard FTSE Global All Cp Idx £ Acc - 0P00018XAR.L (VAFTGAG),2022-11-25,171.68649291992188
Vanguard,0P00018XAR.L,Vanguard FTSE Global All Cp Idx £ Acc - 0P00018XAR.L (VAFTGAG),2022-11-26,171.68649291992188
Vanguard,0P00018XAR.L,Vanguard FTSE Global All Cp Idx £ Acc - 0P00018XAR.L (VAFTGAG),2022-11-27,171.68649291992188
Vanguard,0P00018XAR.L,Vanguard FTSE Global All Cp Idx £ Acc - 0P00018XAR.L (VAFTGAG),2022-11-28,170.22659301757812
Vanguard,0P00018XAR.L,Vanguard FTSE Global All Cp Idx £ Acc - 0P00018XAR.L (VAFTGAG),2022-11-29,170.9626007080078
Vanguard,0P00018XAR.L,Vanguard FTSE Global All Cp Idx £ Acc - 0P00018XAR.L (VAFTGAG),2022-11-30,175.83970642089844
Vanguard,0P00018XAR.L,Vanguard FTSE Global All Cp Idx £ Acc - 0P00018XAR.L (VAFTGAG),2022-12-01,172.04840087890625
Vanguard,0P00018XAR.L,Vanguard FTSE Global All Cp Idx £ Acc - 0P00018XAR.L (VAFTGAG),2022-12-02,172.31149291992188
Vanguard,0P00018XAR.L,Vanguard FTSE Global All Cp Idx £ Acc - 0P00018XAR.L (VAFTGAG),2022-12-03,172.31149291992188
Vanguard,0P00018XAR.L,Vanguard FTSE Global All Cp Idx £ Acc - 0P00018XAR.L (VAFTGAG),2022-12-04,172.31149291992188
Vanguard,0P00018XAR.L,Vanguard FTSE Global All Cp Idx £ Acc - 0P00018XAR.L (VAFTGAG),2022-12-05,170.32789611816406
Vanguard,0P00018XAR.L,Vanguard FTSE Global All Cp Idx £ Acc - 0P00018XAR.L (VAFTGAG),2022-12-06,168.1439971923828
Vanguard,0P00018XAR.L,Vanguard FTSE Global All Cp Idx £ Acc - 0P00018XAR.L (VAFTGAG),2022-12-07,167.83779907226562
Vanguard,0P00018XAR.L,Vanguard FTSE Global All Cp Idx £ Acc - 0P00018XAR.L (VAFTGAG),2022-12-08,168.59579467773438
Vanguard,0P00018XAR.L,Vanguard FTSE Global All Cp Idx £ Acc - 0P00018XAR.L (VAFTGAG),2022-12-09,167.33079528808594
Vanguard,0P00018XAR.L,Vanguard FTSE Global All Cp Idx £ Acc - 0P00018XAR.L (VAFTGAG),2022-12-10,167.33079528808594
Vanguard,0P00018XAR.L,Vanguard FTSE Global All Cp Idx £ Acc - 0P00018XAR.L (VAFTGAG),2022-12-11,167.33079528808594
Vanguard,0P00018XAR.L,Vanguard FTSE Global All Cp Idx £ Acc - 0P00018XAR.L (VAFTGAG),2022-12-12,168.70489501953125
Vanguard,0P00018XAR.L,Vanguard FTSE Global All Cp Idx £ Acc - 0P00018XAR.L (VAFTGAG),2022-12-13,168.5843963623047
Vanguard,0P00018XAR.L,Vanguard FTSE Global All Cp Idx £ Acc - 0P00018XAR.L (VAFTGAG),2022-12-14,168.10609436035156
Vanguard,0P00018XAR.L,Vanguard FTSE Global All Cp Idx £ Acc - 0P00018XAR.L (VAFTGAG),2022-12-15,166.65249633789062
Vanguard,0P00018XAR.L,Vanguard FTSE Global All Cp Idx £ Acc - 0P00018XAR.L (VAFTGAG),2022-12-16,165.8303985595703
Vanguard,0P00018XAR.L,Vanguard FTSE Global All Cp Idx £ Acc - 0P00018XAR.L (VAFTGAG),2022-12-17,165.8303985595703
Vanguard,0P00018XAR.L,Vanguard FTSE Global All Cp Idx £ Acc - 0P00018XAR.L (VAFTGAG),2022-12-18,165.8303985595703
Vanguard,0P00018XAR.L,Vanguard FTSE Global All Cp Idx £ Acc - 0P00018XAR.L (VAFTGAG),2022-12-19,164.94630432128906
Vanguard,0P00018XAR.L,Vanguard FTSE Global All Cp Idx £ Acc - 0P00018XAR.L (VAFTGAG),2022-12-20,165.13389587402344
Vanguard,0P00018XAR.L,Vanguard FTSE Global All Cp Idx £ Acc - 0P00018XAR.L (VAFTGAG),2022-12-21,167.48129272460938
Vanguard,0P00018XAR.L,Vanguard FTSE Global All Cp Idx £ Acc - 0P00018XAR.L (VAFTGAG),2022-12-22,167.05999755859375
Vanguard,0P00018XAR.L,Vanguard FTSE Global All Cp Idx £ Acc - 0P00018XAR.L (VAFTGAG),2022-12-23,166.99620056152344
Vanguard,0P00018XAR.L,Vanguard FTSE Global All Cp Idx £ Acc - 0P00018XAR.L (VAFTGAG),2022-12-24,166.99620056152344
Vanguard,0P00018XAR.L,Vanguard FTSE Global All Cp Idx £ Acc - 0P00018XAR.L (VAFTGAG),2022-12-25,166.99620056152344
Vanguard,0P00018XAR.L,Vanguard FTSE Global All Cp Idx £ Acc - 0P00018XAR.L (VAFTGAG),2022-12-26,166.99620056152344
Vanguard,0P00018XAR.L,Vanguard FTSE Global All Cp Idx £ Acc - 0P00018XAR.L (VAFTGAG),2022-12-27,166.99620056152344
Vanguard,0P00018XAR.L,Vanguard FTSE Global All Cp Idx £ Acc - 0P00018XAR.L (VAFTGAG),2022-12-28,165.789794921875
Vanguard,0P00018XAR.L,Vanguard FTSE Global All Cp Idx £ Acc - 0P00018XAR.L (VAFTGAG),2022-12-29,167.64649963378906
Vanguard,0P00018XAR.L,Vanguard FTSE Global All Cp Idx £ Acc - 0P00018XAR.L (VAFTGAG),2022-12-30,167.46890258789062
Vanguard,0P00018XAR.L,Vanguard FTSE Global All Cp Idx £ Acc - 0P00018XAR.L (VAFTGAG),2022-12-31,167.46890258789062
Vanguard,0P00018XAR.L,Vanguard FTSE Global All Cp Idx £ Acc - 0P00018XAR.L (VAFTGAG),2023-01-01,167.46890258789062
Vanguard,0P00018XAR.L,Vanguard FTSE Global All Cp Idx £ Acc - 0P00018XAR.L (VAFTGAG),2023-01-02,167.46890258789062
Vanguard,0P00018XAR.L,Vanguard FTSE Global All Cp Idx £ Acc - 0P00018XAR.L (VAFTGAG),2023-01-03,167.91639709472656
Vanguard,0P00018XAR.L,Vanguard FTSE Global All Cp Idx £ Acc - 0P00018XAR.L (VAFTGAG),2023-01-04,168.85169982910156
Vanguard,0P00018XAR.L,Vanguard FTSE Global All Cp Idx £ Acc - 0P00018XAR.L (VAFTGAG),2023-01-05,169.63369750976562
Vanguard,0P00018XAR.L,Vanguard FTSE Global All Cp Idx £ Acc - 0P00018XAR.L (VAFTGAG),2023-01-06,170.5135955810547
Vanguard,0P00018XAR.L,Vanguard FTSE Global All Cp Idx £ Acc - 0P00018XAR.L (VAFTGAG),2023-01-07,170.5135955810547
Vanguard,0P00018XAR.L,Vanguard FTSE Global All Cp Idx £ Acc - 0P00018XAR.L (VAFTGAG),2023-01-08,170.5135955810547
Vanguard,0P00018XAR.L,Vanguard FTSE Global All Cp Idx £ Acc - 0P00018XAR.L (VAFTGAG),2023-01-09,169.8115997314453
Vanguard,0P00018XAR.L,Vanguard FTSE Global All Cp Idx £ Acc - 0P00018XAR.L (VAFTGAG),2023-01-10,170.9246063232422
Vanguard,0P00018XAR.L,Vanguard FTSE Global All Cp Idx £ Acc - 0P00018XAR.L (VAFTGAG),2023-01-11,172.93829345703125
Vanguard,0P00018XAR.L,Vanguard FTSE Global All Cp Idx £ Acc - 0P00018XAR.L (VAFTGAG),2023-01-12,173.75869750976562
Vanguard,0P00018XAR.L,Vanguard FTSE Global All Cp Idx £ Acc - 0P00018XAR.L (VAFTGAG),2023-01-13,174.02459716796875
Vanguard,0P00018XAR.L,Vanguard FTSE Global All Cp Idx £ Acc - 0P00018XAR.L (VAFTGAG),2023-01-14,174.02459716796875
Vanguard,0P00018XAR.L,Vanguard FTSE Global All Cp Idx £ Acc - 0P00018XAR.L (VAFTGAG),2023-01-15,174.02459716796875
Vanguard,0P00018XAR.L,Vanguard FTSE Global All Cp Idx £ Acc - 0P00018XAR.L (VAFTGAG),2023-01-16,174.19129943847656
Vanguard,0P00018XAR.L,Vanguard FTSE Global All Cp Idx £ Acc - 0P00018XAR.L (VAFTGAG),2023-01-17,173.1190948486328
Vanguard,0P00018XAR.L,Vanguard FTSE Global All Cp Idx £ Acc - 0P00018XAR.L (VAFTGAG),2023-01-18,170.39939880371094
Vanguard,0P00018XAR.L,Vanguard FTSE Global All Cp Idx £ Acc - 0P00018XAR.L (VAFTGAG),2023-01-19,169.2097930908203
Vanguard,0P00018XAR.L,Vanguard FTSE Global All Cp Idx £ Acc - 0P00018XAR.L (VAFTGAG),2023-01-20,171.42799377441406
Vanguard,0P00018XAR.L,Vanguard FTSE Global All Cp Idx £ Acc - 0P00018XAR.L (VAFTGAG),2023-01-21,171.42799377441406
Vanguard,0P00018XAR.L,Vanguard FTSE Global All Cp Idx £ Acc - 0P00018XAR.L (VAFTGAG),2023-01-22,171.42799377441406
Vanguard,0P00018XAR.L,Vanguard FTSE Global All Cp Idx £ Acc - 0P00018XAR.L (VAFTGAG),2023-01-23,173.07949829101562
Vanguard,0P00018XAR.L,Vanguard FTSE Global All Cp Idx £ Acc - 0P00018XAR.L (VAFTGAG),2023-01-24,173.92469787597656
Vanguard,0P00018XAR.L,Vanguard FTSE Global All Cp Idx £ Acc - 0P00018XAR.L (VAFTGAG),2023-01-25,173.38380432128906
Vanguard,0P00018XAR.L,Vanguard FTSE Global All Cp Idx £ Acc - 0P00018XAR.L (VAFTGAG),2023-01-26,174.7469940185547
Vanguard,0P00018XAR.L,Vanguard FTSE Global All Cp Idx £ Acc - 0P00018XAR.L (VAFTGAG),2023-01-27,175.18539428710938
Vanguard,0P00018XAR.L,Vanguard FTSE Global All Cp Idx £ Acc - 0P00018XAR.L (VAFTGAG),2023-01-28,175.18539428710938
Vanguard,0P00018XAR.L,Vanguard FTSE Global All Cp Idx £ Acc - 0P00018XAR.L (VAFTGAG),2023-01-29,175.18539428710938
Vanguard,0P00018XAR.L,Vanguard FTSE Global All Cp Idx £ Acc - 0P00018XAR.L (VAFTGAG),2023-01-30,173.27330017089844
Vanguard,0P00018XAR.L,Vanguard FTSE Global All Cp Idx £ Acc - 0P00018XAR.L (VAFTGAG),2023-01-31,175.5688018798828
Vanguard,0P00018XAR.L,Vanguard FTSE Global All Cp Idx £ Acc - 0P00018XAR.L (VAFTGAG),2023-02-01,177.03460693359375
Vanguard,0P00018XAR.L,Vanguard FTSE Global All Cp Idx £ Acc - 0P00018XAR.L (VAFTGAG),2023-02-02,179.72999572753906
Vanguard,0P00018XAR.L,Vanguard FTSE Global All Cp Idx £ Acc - 0P00018XAR.L (VAFTGAG),2023-02-03,180.7794952392578
Vanguard,0P00018XAR.L,Vanguard FTSE Global All Cp Idx £ Acc - 0P00018XAR.L (VAFTGAG),2023-02-04,180.7794952392578
Vanguard,0P00018XAR.L,Vanguard FTSE Global All Cp Idx £ Acc - 0P00018XAR.L (VAFTGAG),2023-02-05,180.7794952392578
Vanguard,0P00018XAR.L,Vanguard FTSE Global All Cp Idx £ Acc - 0P00018XAR.L (VAFTGAG),2023-02-06,180.1063995361328
Vanguard,0P00018XAR.L,Vanguard FTSE Global All Cp Idx £ Acc - 0P00018XAR.L (VAFTGAG),2023-02-07,181.6302947998047
Vanguard,0P00018XAR.L,Vanguard FTSE Global All Cp Idx £ Acc - 0P00018XAR.L (VAFTGAG),2023-02-08,179.6793975830078
Vanguard,0P00018XAR.L,Vanguard FTSE Global All Cp Idx £ Acc - 0P00018XAR.L (VAFTGAG),2023-02-09,177.70069885253906
Vanguard,0P00018XAR.L,Vanguard FTSE Global All Cp Idx £ Acc - 0P00018XAR.L (VAFTGAG),2023-02-10,178.46180725097656
Vanguard,0P00018XAR.L,Vanguard FTSE Global All Cp Idx £ Acc - 0P00018XAR.L (VAFTGAG),2023-02-11,178.46180725097656
Vanguard,0P00018XAR.L,Vanguard FTSE Global All Cp Idx £ Acc - 0P00018XAR.L (VAFTGAG),2023-02-12,178.46180725097656
Vanguard,0P00018XAR.L,Vanguard FTSE Global All Cp Idx £ Acc - 0P00018XAR.L (VAFTGAG),2023-02-13,179.03759765625
Vanguard,0P00018XAR.L,Vanguard FTSE Global All Cp Idx £ Acc - 0P00018XAR.L (VAFTGAG),2023-02-14,178.9259033203125
Vanguard,0P00018XAR.L,Vanguard FTSE Global All Cp Idx £ Acc - 0P00018XAR.L (VAFTGAG),2023-02-15,181.26919555664062
Vanguard,0P00018XAR.L,Vanguard FTSE Global All Cp Idx £ Acc - 0P00018XAR.L (VAFTGAG),2023-02-16,179.92950439453125
Vanguard,0P00018XAR.L,Vanguard FTSE Global All Cp Idx £ Acc - 0P00018XAR.L (VAFTGAG),2023-02-17,179.33079528808594
Vanguard,0P00018XAR.L,Vanguard FTSE Global All Cp Idx £ Acc - 0P00018XAR.L (VAFTGAG),2023-02-18,179.33079528808594
Vanguard,0P00018XAR.L,Vanguard FTSE Global All Cp Idx £ Acc - 0P00018XAR.L (VAFTGAG),2023-02-19,179.33079528808594
Vanguard,0P00018XAR.L,Vanguard FTSE Global All Cp Idx £ Acc - 0P00018XAR.L (VAFTGAG),2023-02-20,179.19949340820312
Vanguard,0P00018XAR.L,Vanguard FTSE Global All Cp Idx £ Acc - 0P00018XAR.L (VAFTGAG),2023-02-21,174.91859436035156
Vanguard,0P00018XAR.L,Vanguard FTSE Global All Cp Idx £ Acc - 0P00018XAR.L (VAFTGAG),2023-02-22,175.1916046142578
Vanguard,0P00018XAR.L,Vanguard FTSE Global All Cp Idx £ Acc - 0P00018XAR.L (VAFTGAG),2023-02-23,176.3553009033203
Vanguard,0P00018XAR.L,Vanguard FTSE Global All Cp Idx £ Acc - 0P00018XAR.L (VAFTGAG),2023-02-24,175.59060668945312
Vanguard,0P00018XAR.L,Vanguard FTSE Global All Cp Idx £ Acc - 0P00018XAR.L (VAFTGAG),2023-02-25,175.59060668945312
Vanguard,0P00018XAR.L,Vanguard FTSE Global All Cp Idx £ Acc - 0P00018XAR.L (VAFTGAG),2023-02-26,175.59060668945312
Vanguard,0P00018XAR.L,Vanguard FTSE Global All Cp Idx £ Acc - 0P00018XAR.L (VAFTGAG),2023-02-27,175.0843963623047
Vanguard,0P00018XAR.L,Vanguard FTSE Global All Cp Idx £ Acc - 0P00018XAR.L (VAFTGAG),2023-02-28,173.53579711914062
Vanguard,0P00018XAR.L,Vanguard FTSE Global All Cp Idx £ Acc - 0P00018XAR.L (VAFTGAG),2023-03-01,175.0
Vanguard,0P00018XAR.L,Vanguard FTSE Global All Cp Idx £ Acc - 0P00018XAR.L (VAFTGAG),2023-03-02,176.36920166015625
Vanguard,0P00018XAR.L,Vanguard FTSE Global All Cp Idx £ Acc - 0P00018XAR.L (VAFTGAG),2023-03-03,178.36180114746094
Vanguard,0P00018XAR.L,Vanguard FTSE Global All Cp Idx £ Acc - 0P00018XAR.L (VAFTGAG),2023-03-04,178.36180114746094
Vanguard,0P00018XAR.L,Vanguard FTSE Global All Cp Idx £ Acc - 0P00018XAR.L (VAFTGAG),2023-03-05,178.36180114746094
Vanguard,0P00018XAR.L,Vanguard FTSE Global All Cp Idx £ Acc - 0P00018XAR.L (VAFTGAG),2023-03-06,177.95640563964844
Vanguard,0P00018XAR.L,Vanguard FTSE Global All Cp Idx £ Acc - 0P00018XAR.L (VAFTGAG),2023-03-07,177.923095703125
Vanguard,0P00018XAR.L,Vanguard FTSE Global All Cp Idx £ Acc - 0P00018XAR.L (VAFTGAG),2023-03-08,178.30369567871094
Vanguard,0P00018XAR.L,Vanguard FTSE Global All Cp Idx £ Acc - 0P00018XAR.L (VAFTGAG),2023-03-09,175.0749969482422
Vanguard,0P00018XAR.L,Vanguard FTSE Global All Cp Idx £ Acc - 0P00018XAR.L (VAFTGAG),2023-03-10,170.0133056640625
Vanguard,0P00018XAR.L,Vanguard FTSE Global All Cp Idx £ Acc - 0P00018XAR.L (VAFTGAG),2023-03-11,170.0133056640625
Vanguard,0P00018XAR.L,Vanguard FTSE Global All Cp Idx £ Acc - 0P00018XAR.L (VAFTGAG),2023-03-12,170.0133056640625
Vanguard,0P00018XAR.L,Vanguard FTSE Global All Cp Idx £ Acc - 0P00018XAR.L (VAFTGAG),2023-03-13,168.40379333496094
Vanguard,0P00018XAR.L,Vanguard FTSE Global All Cp Idx £ Acc - 0P00018XAR.L (VAFTGAG),2023-03-14,169.9228973388672
Vanguard,0P00018XAR.L,Vanguard FTSE Global All Cp Idx £ Acc - 0P00018XAR.L (VAFTGAG),2023-03-15,169.48829650878906
Vanguard,0P00018XAR.L,Vanguard FTSE Global All Cp Idx £ Acc - 0P00018XAR.L (VAFTGAG),2023-03-16,170.4420928955078
Vanguard,0P00018XAR.L,Vanguard FTSE Global All Cp Idx £ Acc - 0P00018XAR.L (VAFTGAG),2023-03-17,168.9423065185547
Vanguard,0P00018XAR.L,Vanguard FTSE Global All Cp Idx £ Acc - 0P00018XAR.L (VAFTGAG),2023-03-18,168.9423065185547
Vanguard,0P00018XAR.L,Vanguard FTSE Global All Cp Idx £ Acc - 0P00018XAR.L (VAFTGAG),2023-03-19,168.9423065185547
Vanguard,0P00018XAR.L,Vanguard FTSE Global All Cp Idx £ Acc - 0P00018XAR.L (VAFTGAG),2023-03-20,168.37559509277344
Vanguard,0P00018XAR.L,Vanguard FTSE Global All Cp Idx £ Acc - 0P00018XAR.L (VAFTGAG),2023-03-21,171.30020141601562
Vanguard,0P00018XAR.L,Vanguard FTSE Global All Cp Idx £ Acc - 0P00018XAR.L (VAFTGAG),2023-03-22,169.4761962890625
Vanguard,0P00018XAR.L,Vanguard FTSE Global All Cp Idx £ Acc - 0P00018XAR.L (VAFTGAG),2023-03-23,169.102294921875
Vanguard,0P00018XAR.L,Vanguard FTSE Global All Cp Idx £ Acc - 0P00018XAR.L (VAFTGAG),2023-03-24,170.06309509277344
Vanguard,0P00018XAR.L,Vanguard FTSE Global All Cp Idx £ Acc - 0P00018XAR.L (VAFTGAG),2023-03-25,170.06309509277344
Vanguard,0P00018XAR.L,Vanguard FTSE Global All Cp Idx £ Acc - 0P00018XAR.L (VAFTGAG),2023-03-26,170.06309509277344
Vanguard,0P00018XAR.L,Vanguard FTSE Global All Cp Idx £ Acc - 0P00018XAR.L (VAFTGAG),2023-03-27,169.88189697265625
Vanguard,0P00018XAR.L,Vanguard FTSE Global All Cp Idx £ Acc - 0P00018XAR.L (VAFTGAG),2023-03-28,169.42379760742188
Vanguard,0P00018XAR.L,Vanguard FTSE Global All Cp Idx £ Acc - 0P00018XAR.L (VAFTGAG),2023-03-29,171.74000549316406
Vanguard,0P00018XAR.L,Vanguard FTSE Global All Cp Idx £ Acc - 0P00018XAR.L (VAFTGAG),2023-03-30,172.0843963623047
Vanguard,0P00018XAR.L,Vanguard FTSE Global All Cp Idx £ Acc - 0P00018XAR.L (VAFTGAG),2023-03-31,174.17730712890625
Vanguard,0P00018XAR.L,Vanguard FTSE Global All Cp Idx £ Acc - 0P00018XAR.L (VAFTGAG),2023-04-01,174.17730712890625
Vanguard,0P00018XAR.L,Vanguard FTSE Global All Cp Idx £ Acc - 0P00018XAR.L (VAFTGAG),2023-04-02,174.17730712890625
Vanguard,0P00018XAR.L,Vanguard FTSE Global All Cp Idx £ Acc - 0P00018XAR.L (VAFTGAG),2023-04-03,174.36880493164062
Vanguard,0P00018XAR.L,Vanguard FTSE Global All Cp Idx £ Acc - 0P00018XAR.L (VAFTGAG),2023-04-04,172.2696990966797
Vanguard,0P00018XAR.L,Vanguard FTSE Global All Cp Idx £ Acc - 0P00018XAR.L (VAFTGAG),2023-04-05,172.37449645996094
Vanguard,0P00018XAR.L,Vanguard FTSE Global All Cp Idx £ Acc - 0P00018XAR.L (VAFTGAG),2023-04-06,172.9376983642578
Vanguard,0P00018XAR.L,Vanguard FTSE Global All Cp Idx £ Acc - 0P00018XAR.L (VAFTGAG),2023-04-07,172.9376983642578
Vanguard,0P00018XAR.L,Vanguard FTSE Global All Cp Idx £ Acc - 0P00018XAR.L (VAFTGAG),2023-04-08,172.9376983642578
Vanguard,0P00018XAR.L,Vanguard FTSE Global All Cp Idx £ Acc - 0P00018XAR.L (VAFTGAG),2023-04-09,172.9376983642578
Vanguard,0P00018XAR.L,Vanguard FTSE Global All Cp Idx £ Acc - 0P00018XAR.L (VAFTGAG),2023-04-10,172.9376983642578
Vanguard,0P00018XAR.L,Vanguard FTSE Global All Cp Idx £ Acc - 0P00018XAR.L (VAFTGAG),2023-04-11,173.79510498046875
Vanguard,0P00018XAR.L,Vanguard FTSE Global All Cp Idx £ Acc - 0P00018XAR.L (VAFTGAG),2023-04-12,173.11239624023438
Vanguard,0P00018XAR.L,Vanguard FTSE Global All Cp Idx £ Acc - 0P00018XAR.L (VAFTGAG),2023-04-13,174.39329528808594
Vanguard,0P00018XAR.L,Vanguard FTSE Global All Cp Idx £ Acc - 0P00018XAR.L (VAFTGAG),2023-04-14,175.17300415039062
Vanguard,0P00018XAR.L,Vanguard FTSE Global All Cp Idx £ Acc - 0P00018XAR.L (VAFTGAG),2023-04-15,175.17300415039062
Vanguard,0P00018XAR.L,Vanguard FTSE Global All Cp Idx £ Acc - 0P00018XAR.L (VAFTGAG),2023-04-16,175.17300415039062
Vanguard,0P00018XAR.L,Vanguard FTSE Global All Cp Idx £ Acc - 0P00018XAR.L (VAFTGAG),2023-04-17,176.5113067626953
Vanguard,0P00018XAR.L,Vanguard FTSE Global All Cp Idx £ Acc - 0P00018XAR.L (VAFTGAG),2023-04-18,175.9958038330078
Vanguard,0P00018XAR.L,Vanguard FTSE Global All Cp Idx £ Acc - 0P00018XAR.L (VAFTGAG),2023-04-19,175.3354949951172
Vanguard,0P00018XAR.L,Vanguard FTSE Global All Cp Idx £ Acc - 0P00018XAR.L (VAFTGAG),2023-04-20,174.6739044189453
Vanguard,0P00018XAR.L,Vanguard FTSE Global All Cp Idx £ Acc - 0P00018XAR.L (VAFTGAG),2023-04-21,175.30250549316406
Vanguard,0P00018XAR.L,Vanguard FTSE Global All Cp Idx £ Acc - 0P00018XAR.L (VAFTGAG),2023-04-22,175.30250549316406
Vanguard,0P00018XAR.L,Vanguard FTSE Global All Cp Idx £ Acc - 0P00018XAR.L (VAFTGAG),2023-04-23,175.30250549316406
Vanguard,0P00018XAR.L,Vanguard FTSE Global All Cp Idx £ Acc - 0P00018XAR.L (VAFTGAG),2023-04-24,174.57260131835938
Vanguard,0P00018XAR.L,Vanguard FTSE Global All Cp Idx £ Acc - 0P00018XAR.L (VAFTGAG),2023-04-25,173.1278076171875
Vanguard,0P00018XAR.L,Vanguard FTSE Global All Cp Idx £ Acc - 0P00018XAR.L (VAFTGAG),2023-04-26,171.70309448242188
Vanguard,0P00018XAR.L,Vanguard FTSE Global All Cp Idx £ Acc - 0P00018XAR.L (VAFTGAG),2023-04-27,173.72349548339844
Vanguard,0P00018XAR.L,Vanguard FTSE Global All Cp Idx £ Acc - 0P00018XAR.L (VAFTGAG),2023-04-28,173.6157989501953
Vanguard,0P00018XAR.L,Vanguard FTSE Global All Cp Idx £ Acc - 0P00018XAR.L (VAFTGAG),2023-04-29,173.6157989501953
Vanguard,0P00018XAR.L,Vanguard FTSE Global All Cp Idx £ Acc - 0P00018XAR.L (VAFTGAG),2023-04-30,173.6157989501953
Vanguard,0P00018XAR.L,Vanguard FTSE Global All Cp Idx £ Acc - 0P00018XAR.L (VAFTGAG),2023-05-01,173.6157989501953
Vanguard,0P00018XAR.L,Vanguard FTSE Global All Cp Idx £ Acc - 0P00018XAR.L (VAFTGAG),2023-05-02,173.26849365234375
Vanguard,0P00018XAR.L,Vanguard FTSE Global All Cp Idx £ Acc - 0P00018XAR.L (VAFTGAG),2023-05-03,171.9210968017578
Vanguard,0P00018XAR.L,Vanguard FTSE Global All Cp Idx £ Acc - 0P00018XAR.L (VAFTGAG),2023-05-04,170.62359619140625
Vanguard,0P00018XAR.L,Vanguard FTSE Global All Cp Idx £ Acc - 0P00018XAR.L (VAFTGAG),2023-05-05,172.4409942626953
Vanguard,0P00018XAR.L,Vanguard FTSE Global All Cp Idx £ Acc - 0P00018XAR.L (VAFTGAG),2023-05-06,172.4409942626953
Vanguard,0P00018XAR.L,Vanguard FTSE Global All Cp Idx £ Acc - 0P00018XAR.L (VAFTGAG),2023-05-07,172.4409942626953
Vanguard,0P00018XAR.L,Vanguard FTSE Global All Cp Idx £ Acc - 0P00018XAR.L (VAFTGAG),2023-05-08,172.4409942626953
Vanguard,0P00018XAR.L,Vanguard FTSE Global All Cp Idx £ Acc - 0P00018XAR.L (VAFTGAG),2023-05-09,172.14950561523438
Vanguard,0P00018XAR.L,Vanguard FTSE Global All Cp Idx £ Acc - 0P00018XAR.L (VAFTGAG),2023-05-10,172.4763946533203
Vanguard,0P00018XAR.L,Vanguard FTSE Global All Cp Idx £ Acc - 0P00018XAR.L (VAFTGAG),2023-05-11,173.28050231933594
Vanguard,0P00018XAR.L,Vanguard FTSE Global All Cp Idx £ Acc - 0P00018XAR.L (VAFTGAG),2023-05-12,173.6378936767578
Vanguard,0P00018XAR.L,Vanguard FTSE Global All Cp Idx £ Acc - 0P00018XAR.L (VAFTGAG),2023-05-13,173.6378936767578
Vanguard,0P00018XAR.L,Vanguard FTSE Global All Cp Idx £ Acc - 0P00018XAR.L (VAFTGAG),2023-05-14,173.6378936767578
Vanguard,0P00018XAR.L,Vanguard FTSE Global All Cp Idx £ Acc - 0P00018XAR.L (VAFTGAG),2023-05-15,173.84320068359375
Vanguard,0P00018XAR.L,Vanguard FTSE Global All Cp Idx £ Acc - 0P00018XAR.L (VAFTGAG),2023-05-16,173.08990478515625
Vanguard,0P00018XAR.L,Vanguard FTSE Global All Cp Idx £ Acc - 0P00018XAR.L (VAFTGAG),2023-05-17,174.5059051513672
Vanguard,0P00018XAR.L,Vanguard FTSE Global All Cp Idx £ Acc - 0P00018XAR.L (VAFTGAG),2023-05-18,176.41299438476562
Vanguard,0P00018XAR.L,Vanguard FTSE Global All Cp Idx £ Acc - 0P00018XAR.L (VAFTGAG),2023-05-19,176.07940673828125
Vanguard,0P00018XAR.L,Vanguard FTSE Global All Cp Idx £ Acc - 0P00018XAR.L (VAFTGAG),2023-05-20,176.07940673828125
Vanguard,0P00018XAR.L,Vanguard FTSE Global All Cp Idx £ Acc - 0P00018XAR.L (VAFTGAG),2023-05-21,176.07940673828125
Vanguard,0P00018XAR.L,Vanguard FTSE Global All Cp Idx £ Acc - 0P00018XAR.L (VAFTGAG),2023-05-22,176.7220001220703
Vanguard,0P00018XAR.L,Vanguard FTSE Global All Cp Idx £ Acc - 0P00018XAR.L (VAFTGAG),2023-05-23,175.07470703125
Vanguard,0P00018XAR.L,Vanguard FTSE Global All Cp Idx £ Acc - 0P00018XAR.L (VAFTGAG),2023-05-24,174.11619567871094
Vanguard,0P00018XAR.L,Vanguard FTSE Global All Cp Idx £ Acc - 0P00018XAR.L (VAFTGAG),2023-05-25,174.72650146484375
Vanguard,0P00018XAR.L,Vanguard FTSE Global All Cp Idx £ Acc - 0P00018XAR.L (VAFTGAG),2023-05-26,176.5482940673828
Vanguard,0P00018XAR.L,Vanguard FTSE Global All Cp Idx £ Acc - 0P00018XAR.L (VAFTGAG),2023-05-27,176.5482940673828
Vanguard,0P00018XAR.L,Vanguard FTSE Global All Cp Idx £ Acc - 0P00018XAR.L (VAFTGAG),2023-05-28,176.5482940673828
Vanguard,0P00018XAR.L,Vanguard FTSE Global All Cp Idx £ Acc - 0P00018XAR.L (VAFTGAG),2023-05-29,176.5482940673828
Vanguard,0P00018XAR.L,Vanguard FTSE Global All Cp Idx £ Acc - 0P00018XAR.L (VAFTGAG),2023-05-30,175.34359741210938
Vanguard,0P00018XAR.L,Vanguard FTSE Global All Cp Idx £ Acc - 0P00018XAR.L (VAFTGAG),2023-05-31,173.9696044921875
Vanguard,0P00018XAR.L,Vanguard FTSE Global All Cp Idx £ Acc - 0P00018XAR.L (VAFTGAG),2023-06-01,174.0325927734375
Vanguard,0P00018XAR.L,Vanguard FTSE Global All Cp Idx £ Acc - 0P00018XAR.L (VAFTGAG),2023-06-02,177.4423065185547
Vanguard,0P00018XAR.L,Vanguard FTSE Global All Cp Idx £ Acc - 0P00018XAR.L (VAFTGAG),2023-06-03,177.4423065185547
Vanguard,0P00018XAR.L,Vanguard FTSE Global All Cp Idx £ Acc - 0P00018XAR.L (VAFTGAG),2023-06-04,177.4423065185547
Vanguard,0P00018XAR.L,Vanguard FTSE Global All Cp Idx £ Acc - 0P00018XAR.L (VAFTGAG),2023-06-05,178.29229736328125
Vanguard,0P00018XAR.L,Vanguard FTSE Global All Cp Idx £ Acc - 0P00018XAR.L (VAFTGAG),2023-06-06,178.97650146484375
Vanguard,0P00018XAR.L,Vanguard FTSE Global All Cp Idx £ Acc - 0P00018XAR.L (VAFTGAG),2023-06-07,177.93150329589844
Vanguard,0P00018XAR.L,Vanguard FTSE Global All Cp Idx £ Acc - 0P00018XAR.L (VAFTGAG),2023-06-08,177.5989990234375
Vanguard,0P00018XAR.L,Vanguard FTSE Global All Cp Idx £ Acc - 0P00018XAR.L (VAFTGAG),2023-06-09,177.26319885253906
Vanguard,0P00018XAR.L,Vanguard FTSE Global All Cp Idx £ Acc - 0P00018XAR.L (VAFTGAG),2023-06-10,177.26319885253906
Vanguard,0P00018XAR.L,Vanguard FTSE Global All Cp Idx £ Acc - 0P00018XAR.L (VAFTGAG),2023-06-11,177.26319885253906
Vanguard,0P00018XAR.L,Vanguard FTSE Global All Cp Idx £ Acc - 0P00018XAR.L (VAFTGAG),2023-06-12,179.3260955810547
Vanguard,0P00018XAR.L,Vanguard FTSE Global All Cp Idx £ Acc - 0P00018XAR.L (VAFTGAG),2023-06-13,179.514404296875
Vanguard,0P00018XAR.L,Vanguard FTSE Global All Cp Idx £ Acc - 0P00018XAR.L (VAFTGAG),2023-06-14,178.7407989501953
Vanguard,0P00018XAR.L,Vanguard FTSE Global All Cp Idx £ Acc - 0P00018XAR.L (VAFTGAG),2023-06-15,179.6063995361328
Vanguard,0P00018XAR.L,Vanguard FTSE Global All Cp Idx £ Acc - 0P00018XAR.L (VAFTGAG),2023-06-16,178.57589721679688
Vanguard,0P00018XAR.L,Vanguard FTSE Global All Cp Idx £ Acc - 0P00018XAR.L (VAFTGAG),2023-06-17,178.57589721679688
Vanguard,0P00018XAR.L,Vanguard FTSE Global All Cp Idx £ Acc - 0P00018XAR.L (VAFTGAG),2023-06-18,178.57589721679688
Vanguard,0P00018XAR.L,Vanguard FTSE Global All Cp Idx £ Acc - 0P00018XAR.L (VAFTGAG),2023-06-19,178.2357940673828
Vanguard,0P00018XAR.L,Vanguard FTSE Global All Cp Idx £ Acc - 0P00018XAR.L (VAFTGAG),2023-06-20,178.06500244140625
Vanguard,0P00018XAR.L,Vanguard FTSE Global All Cp Idx £ Acc - 0P00018XAR.L (VAFTGAG),2023-06-21,177.3654022216797
Vanguard,0P00018XAR.L,Vanguard FTSE Global All Cp Idx £ Acc - 0P00018XAR.L (VAFTGAG),2023-06-22,177.1450958251953
Vanguard,0P00018XAR.L,Vanguard FTSE Global All Cp Idx £ Acc - 0P00018XAR.L (VAFTGAG),2023-06-23,175.843505859375
Vanguard,0P00018XAR.L,Vanguard FTSE Global All Cp Idx £ Acc - 0P00018XAR.L (VAFTGAG),2023-06-24,175.843505859375
Vanguard,0P00018XAR.L,Vanguard FTSE Global All Cp Idx £ Acc - 0P00018XAR.L (VAFTGAG),2023-06-25,175.843505859375
Vanguard,0P00018XAR.L,Vanguard FTSE Global All Cp Idx £ Acc - 0P00018XAR.L (VAFTGAG),2023-06-26,175.47900390625
Vanguard,0P00018XAR.L,Vanguard FTSE Global All Cp Idx £ Acc - 0P00018XAR.L (VAFTGAG),2023-06-27,176.5218963623047
Vanguard,0P00018XAR.L,Vanguard FTSE Global All Cp Idx £ Acc - 0P00018XAR.L (VAFTGAG),2023-06-28,178.60240173339844
Vanguard,0P00018XAR.L,Vanguard FTSE Global All Cp Idx £ Acc - 0P00018XAR.L (VAFTGAG),2023-06-29,179.00360107421875
Vanguard,0P00018XAR.L,Vanguard FTSE Global All Cp Idx £ Acc - 0P00018XAR.L (VAFTGAG),2023-06-30,179.40989685058594
Vanguard,0P00018XAR.L,Vanguard FTSE Global All Cp Idx £ Acc - 0P00018XAR.L (VAFTGAG),2023-07-01,179.40989685058594
Vanguard,0P00018XAR.L,Vanguard FTSE Global All Cp Idx £ Acc - 0P00018XAR.L (VAFTGAG),2023-07-02,179.40989685058594
Vanguard,0P00018XAR.L,Vanguard FTSE Global All Cp Idx £ Acc - 0P00018XAR.L (VAFTGAG),2023-07-03,180.4145050048828
Vanguard,0P00018XAR.L,Vanguard FTSE Global All Cp Idx £ Acc - 0P00018XAR.L (VAFTGAG),2023-07-04,179.96640014648438
Vanguard,0P00018XAR.L,Vanguard FTSE Global All Cp Idx £ Acc - 0P00018XAR.L (VAFTGAG),2023-07-05,179.29930114746094
Vanguard,0P00018XAR.L,Vanguard FTSE Global All Cp Idx £ Acc - 0P00018XAR.L (VAFTGAG),2023-07-06,177.3341064453125
Vanguard,0P00018XAR.L,Vanguard FTSE Global All Cp Idx £ Acc - 0P00018XAR.L (VAFTGAG),2023-07-07,175.67010498046875
Vanguard,0P00018XAR.L,Vanguard FTSE Global All Cp Idx £ Acc - 0P00018XAR.L (VAFTGAG),2023-07-08,175.67010498046875
Vanguard,0P00018XAR.L,Vanguard FTSE Global All Cp Idx £ Acc - 0P00018XAR.L (VAFTGAG),2023-07-09,175.67010498046875
Vanguard,0P00018XAR.L,Vanguard FTSE Global All Cp Idx £ Acc - 0P00018XAR.L (VAFTGAG),2023-07-10,176.26759338378906
Vanguard,0P00018XAR.L,Vanguard FTSE Global All Cp Idx £ Acc - 0P00018XAR.L (VAFTGAG),2023-07-11,176.6531982421875
Vanguard,0P00018XAR.L,Vanguard FTSE Global All Cp Idx £ Acc - 0P00018XAR.L (VAFTGAG),2023-07-12,177.33839416503906
Vanguard,0P00018XAR.L,Vanguard FTSE Global All Cp Idx £ Acc - 0P00018XAR.L (VAFTGAG),2023-07-13,177.74290466308594
Vanguard,0P00018XAR.L,Vanguard FTSE Global All Cp Idx £ Acc - 0P00018XAR.L (VAFTGAG),2023-07-14,177.60079956054688
Vanguard,0P00018XAR.L,Vanguard FTSE Global All Cp Idx £ Acc - 0P00018XAR.L (VAFTGAG),2023-07-15,177.60079956054688
Vanguard,0P00018XAR.L,Vanguard FTSE Global All Cp Idx £ Acc - 0P00018XAR.L (VAFTGAG),2023-07-16,177.60079956054688
Vanguard,0P00018XAR.L,Vanguard FTSE Global All Cp Idx £ Acc - 0P00018XAR.L (VAFTGAG),2023-07-17,178.30079650878906
Vanguard,0P00018XAR.L,Vanguard FTSE Global All Cp Idx £ Acc - 0P00018XAR.L (VAFTGAG),2023-07-18,179.3311004638672
Vanguard,0P00018XAR.L,Vanguard FTSE Global All Cp Idx £ Acc - 0P00018XAR.L (VAFTGAG),2023-07-19,182.34060668945312
Vanguard,0P00018XAR.L,Vanguard FTSE Global All Cp Idx £ Acc - 0P00018XAR.L (VAFTGAG),2023-07-20,181.76539611816406
Vanguard,0P00018XAR.L,Vanguard FTSE Global All Cp Idx £ Acc - 0P00018XAR.L (VAFTGAG),2023-07-21,181.74949645996094
Vanguard,0P00018XAR.L,Vanguard FTSE Global All Cp Idx £ Acc - 0P00018XAR.L (VAFTGAG),2023-07-22,181.74949645996094
Vanguard,0P00018XAR.L,Vanguard FTSE Global All Cp Idx £ Acc - 0P00018XAR.L (VAFTGAG),2023-07-23,181.74949645996094
Vanguard,0P00018XAR.L,Vanguard FTSE Global All Cp Idx £ Acc - 0P00018XAR.L (VAFTGAG),2023-07-24,182.5778045654297
Vanguard,0P00018XAR.L,Vanguard FTSE Global All Cp Idx £ Acc - 0P00018XAR.L (VAFTGAG),2023-07-25,182.8050994873047
Vanguard,0P00018XAR.L,Vanguard FTSE Global All Cp Idx £ Acc - 0P00018XAR.L (VAFTGAG),2023-07-26,181.89089965820312
Vanguard,0P00018XAR.L,Vanguard FTSE Global All Cp Idx £ Acc - 0P00018XAR.L (VAFTGAG),2023-07-27,182.39390563964844
Vanguard,0P00018XAR.L,Vanguard FTSE Global All Cp Idx £ Acc - 0P00018XAR.L (VAFTGAG),2023-07-28,183.5789031982422
Vanguard,0P00018XAR.L,Vanguard FTSE Global All Cp Idx £ Acc - 0P00018XAR.L (VAFTGAG),2023-07-29,183.5789031982422
Vanguard,0P00018XAR.L,Vanguard FTSE Global All Cp Idx £ Acc - 0P00018XAR.L (VAFTGAG),2023-07-30,183.5789031982422
Vanguard,0P00018XAR.L,Vanguard FTSE Global All Cp Idx £ Acc - 0P00018XAR.L (VAFTGAG),2023-07-31,184.04139709472656
Vanguard,0P00018XAR.L,Vanguard FTSE Global All Cp Idx £ Acc - 0P00018XAR.L (VAFTGAG),2023-08-01,184.64590454101562
Vanguard,0P00018XAR.L,Vanguard FTSE Global All Cp Idx £ Acc - 0P00018XAR.L (VAFTGAG),2023-08-02,182.71009826660156
Vanguard,0P00018XAR.L,Vanguard FTSE Global All Cp Idx £ Acc - 0P00018XAR.L (VAFTGAG),2023-08-03,181.95849609375
Vanguard,0P00018XAR.L,Vanguard FTSE Global All Cp Idx £ Acc - 0P00018XAR.L (VAFTGAG),2023-08-04,181.03640747070312
Vanguard,0P00018XAR.L,Vanguard FTSE Global All Cp Idx £ Acc - 0P00018XAR.L (VAFTGAG),2023-08-05,181.03640747070312
Vanguard,0P00018XAR.L,Vanguard FTSE Global All Cp Idx £ Acc - 0P00018XAR.L (VAFTGAG),2023-08-06,181.03640747070312
Vanguard,0P00018XAR.L,Vanguard FTSE Global All Cp Idx £ Acc - 0P00018XAR.L (VAFTGAG),2023-08-07,181.67230224609375
Vanguard,0P00018XAR.L,Vanguard FTSE Global All Cp Idx £ Acc - 0P00018XAR.L (VAFTGAG),2023-08-08,181.26559448242188
Vanguard,0P00018XAR.L,Vanguard FTSE Global All Cp Idx £ Acc - 0P00018XAR.L (VAFTGAG),2023-08-09,180.61289978027344
Vanguard,0P00018XAR.L,Vanguard FTSE Global All Cp Idx £ Acc - 0P00018XAR.L (VAFTGAG),2023-08-10,181.039794921875
Vanguard,0P00018XAR.L,Vanguard FTSE Global All Cp Idx £ Acc - 0P00018XAR.L (VAFTGAG),2023-08-11,180.52020263671875
Vanguard,0P00018XAR.L,Vanguard FTSE Global All Cp Idx £ Acc - 0P00018XAR.L (VAFTGAG),2023-08-12,180.52020263671875
Vanguard,0P00018XAR.L,Vanguard FTSE Global All Cp Idx £ Acc - 0P00018XAR.L (VAFTGAG),2023-08-13,180.52020263671875
Vanguard,0P00018XAR.L,Vanguard FTSE Global All Cp Idx £ Acc - 0P00018XAR.L (VAFTGAG),2023-08-14,181.17379760742188
Vanguard,0P00018XAR.L,Vanguard FTSE Global All Cp Idx £ Acc - 0P00018XAR.L (VAFTGAG),2023-08-15,178.4196014404297
Vanguard,0P00018XAR.L,Vanguard FTSE Global All Cp Idx £ Acc - 0P00018XAR.L (VAFTGAG),2023-08-16,176.97900390625
Vanguard,0P00018XAR.L,Vanguard FTSE Global All Cp Idx £ Acc - 0P00018XAR.L (VAFTGAG),2023-08-17,175.58090209960938
Vanguard,0P00018XAR.L,Vanguard FTSE Global All Cp Idx £ Acc - 0P00018XAR.L (VAFTGAG),2023-08-18,175.58590698242188
Vanguard,0P00018XAR.L,Vanguard FTSE Global All Cp Idx £ Acc - 0P00018XAR.L (VAFTGAG),2023-08-19,175.58590698242188
Vanguard,0P00018XAR.L,Vanguard FTSE Global All Cp Idx £ Acc - 0P00018XAR.L (VAFTGAG),2023-08-20,175.58590698242188
Vanguard,0P00018XAR.L,Vanguard FTSE Global All Cp Idx £ Acc - 0P00018XAR.L (VAFTGAG),2023-08-21,176.089599609375
Vanguard,0P00018XAR.L,Vanguard FTSE Global All Cp Idx £ Acc - 0P00018XAR.L (VAFTGAG),2023-08-22,176.15269470214844
Vanguard,0P00018XAR.L,Vanguard FTSE Global All Cp Idx £ Acc - 0P00018XAR.L (VAFTGAG),2023-08-23,178.4510040283203
Vanguard,0P00018XAR.L,Vanguard FTSE Global All Cp Idx £ Acc - 0P00018XAR.L (VAFTGAG),2023-08-24,177.52699279785156
Vanguard,0P00018XAR.L,Vanguard FTSE Global All Cp Idx £ Acc - 0P00018XAR.L (VAFTGAG),2023-08-25,178.9597930908203
Vanguard,0P00018XAR.L,Vanguard FTSE Global All Cp Idx £ Acc - 0P00018XAR.L (VAFTGAG),2023-08-26,178.9597930908203
Vanguard,0P00018XAR.L,Vanguard FTSE Global All Cp Idx £ Acc - 0P00018XAR.L (VAFTGAG),2023-08-27,178.9597930908203
Vanguard,0P00018XAR.L,Vanguard FTSE Global All Cp Idx £ Acc - 0P00018XAR.L (VAFTGAG),2023-08-28,178.9597930908203
Vanguard,0P00018XAR.L,Vanguard FTSE Global All Cp Idx £ Acc - 0P00018XAR.L (VAFTGAG),2023-08-29,182.20469665527344
Vanguard,0P00018XAR.L,Vanguard FTSE Global All Cp Idx £ Acc - 0P00018XAR.L (VAFTGAG),2023-08-30,181.1383056640625
Vanguard,0P00018XAR.L,Vanguard FTSE Global All Cp Idx £ Acc - 0P00018XAR.L (VAFTGAG),2023-08-31,181.5518035888672
Vanguard,0P00018XAR.L,Vanguard FTSE Global All Cp Idx £ Acc - 0P00018XAR.L (VAFTGAG),2023-09-01,182.67820739746094
Vanguard,0P00018XAR.L,Vanguard FTSE Global All Cp Idx £ Acc - 0P00018XAR.L (VAFTGAG),2023-09-02,182.67820739746094
Vanguard,0P00018XAR.L,Vanguard FTSE Global All Cp Idx £ Acc - 0P00018XAR.L (VAFTGAG),2023-09-03,182.67820739746094
Vanguard,0P00018XAR.L,Vanguard FTSE Global All Cp Idx £ Acc - 0P00018XAR.L (VAFTGAG),2023-09-04,182.9532928466797
Vanguard,0P00018XAR.L,Vanguard FTSE Global All Cp Idx £ Acc - 0P00018XAR.L (VAFTGAG),2023-09-05,182.60629272460938
Vanguard,0P00018XAR.L,Vanguard FTSE Global All Cp Idx £ Acc - 0P00018XAR.L (VAFTGAG),2023-09-06,182.57119750976562
Vanguard,0P00018XAR.L,Vanguard FTSE Global All Cp Idx £ Acc - 0P00018XAR.L (VAFTGAG),2023-09-07,182.1049041748047
Vanguard,0P00018XAR.L,Vanguard FTSE Global All Cp Idx £ Acc - 0P00018XAR.L (VAFTGAG),2023-09-08,182.0467071533203
Vanguard,0P00018XAR.L,Vanguard FTSE Global All Cp Idx £ Acc - 0P00018XAR.L (VAFTGAG),2023-09-09,182.0467071533203
Vanguard,0P00018XAR.L,Vanguard FTSE Global All Cp Idx £ Acc - 0P00018XAR.L (VAFTGAG),2023-09-10,182.0467071533203
Vanguard,0P00018XAR.L,Vanguard FTSE Global All Cp Idx £ Acc - 0P00018XAR.L (VAFTGAG),2023-09-11,182.5894012451172
Vanguard,0P00018XAR.L,Vanguard FTSE Global All Cp Idx £ Acc - 0P00018XAR.L (VAFTGAG),2023-09-12,182.77789306640625
Vanguard,0P00018XAR.L,Vanguard FTSE Global All Cp Idx £ Acc - 0P00018XAR.L (VAFTGAG),2023-09-13,182.35789489746094
Vanguard,0P00018XAR.L,Vanguard FTSE Global All Cp Idx £ Acc - 0P00018XAR.L (VAFTGAG),2023-09-14,185.1165008544922
Vanguard,0P00018XAR.L,Vanguard FTSE Global All Cp Idx £ Acc - 0P00018XAR.L (VAFTGAG),2023-09-15,184.3199005126953
Vanguard,0P00018XAR.L,Vanguard FTSE Global All Cp Idx £ Acc - 0P00018XAR.L (VAFTGAG),2023-09-16,184.3199005126953
Vanguard,0P00018XAR.L,Vanguard FTSE Global All Cp Idx £ Acc - 0P00018XAR.L (VAFTGAG),2023-09-17,184.3199005126953
Vanguard,0P00018XAR.L,Vanguard FTSE Global All Cp Idx £ Acc - 0P00018XAR.L (VAFTGAG),2023-09-18,184.05360412597656
Vanguard,0P00018XAR.L,Vanguard FTSE Global All Cp Idx £ Acc - 0P00018XAR.L (VAFTGAG),2023-09-19,183.42469787597656
Vanguard,0P00018XAR.L,Vanguard FTSE Global All Cp Idx £ Acc - 0P00018XAR.L (VAFTGAG),2023-09-20,182.6175994873047
Vanguard,0P00018XAR.L,Vanguard FTSE Global All Cp Idx £ Acc - 0P00018XAR.L (VAFTGAG),2023-09-21,181.2071075439453
Vanguard,0P00018XAR.L,Vanguard FTSE Global All Cp Idx £ Acc - 0P00018XAR.L (VAFTGAG),2023-09-22,181.3271026611328
Vanguard,0P00018XAR.L,Vanguard FTSE Global All Cp Idx £ Acc - 0P00018XAR.L (VAFTGAG),2023-09-23,181.3271026611328
Vanguard,0P00018XAR.L,Vanguard FTSE Global All Cp Idx £ Acc - 0P00018XAR.L (VAFTGAG),2023-09-24,181.3271026611328
Vanguard,0P00018XAR.L,Vanguard FTSE Global All Cp Idx £ Acc - 0P00018XAR.L (VAFTGAG),2023-09-25,182.15480041503906
Vanguard,0P00018XAR.L,Vanguard FTSE Global All Cp Idx £ Acc - 0P00018XAR.L (VAFTGAG),2023-09-26,180.44619750976562
Vanguard,0P00018XAR.L,Vanguard FTSE Global All Cp Idx £ Acc - 0P00018XAR.L (VAFTGAG),2023-09-27,180.81809997558594
Vanguard,0P00018XAR.L,Vanguard FTSE Global All Cp Idx £ Acc - 0P00018XAR.L (VAFTGAG),2023-09-28,180.76080322265625
Vanguard,0P00018XAR.L,Vanguard FTSE Global All Cp Idx £ Acc - 0P00018XAR.L (VAFTGAG),2023-09-29,180.68519592285156
Vanguard,0P00018XAR.L,Vanguard FTSE Global All Cp Idx £ Acc - 0P00018XAR.L (VAFTGAG),2023-09-30,180.68519592285156
Vanguard,0P00018XAR.L,Vanguard FTSE Global All Cp Idx £ Acc - 0P00018XAR.L (VAFTGAG),2023-10-01,180.68519592285156
Vanguard,0P00018XAR.L,Vanguard FTSE Global All Cp Idx £ Acc - 0P00018XAR.L (VAFTGAG),2023-10-02,180.9324951171875
Vanguard,0P00018XAR.L,Vanguard FTSE Global All Cp Idx £ Acc - 0P00018XAR.L (VAFTGAG),2023-10-03,179.02609252929688
Vanguard,0P00018XAR.L,Vanguard FTSE Global All Cp Idx £ Acc - 0P00018XAR.L (VAFTGAG),2023-10-04,178.752197265625
Vanguard,0P00018XAR.L,Vanguard FTSE Global All Cp Idx £ Acc - 0P00018XAR.L (VAFTGAG),2023-10-05,178.52999877929688
Vanguard,0P00018XAR.L,Vanguard FTSE Global All Cp Idx £ Acc - 0P00018XAR.L (VAFTGAG),2023-10-06,179.81790161132812
Vanguard,0P00018XAR.L,Vanguard FTSE Global All Cp Idx £ Acc - 0P00018XAR.L (VAFTGAG),2023-10-07,179.81790161132812
Vanguard,0P00018XAR.L,Vanguard FTSE Global All Cp Idx £ Acc - 0P00018XAR.L (VAFTGAG),2023-10-08,179.81790161132812
Vanguard,0P00018XAR.L,Vanguard FTSE Global All Cp Idx £ Acc - 0P00018XAR.L (VAFTGAG),2023-10-09,180.14480590820312
Vanguard,0P00018XAR.L,Vanguard FTSE Global All Cp Idx £ Acc - 0P00018XAR.L (VAFTGAG),2023-10-10,181.36270141601562
Vanguard,0P00018XAR.L,Vanguard FTSE Global All Cp Idx £ Acc - 0P00018XAR.L (VAFTGAG),2023-10-11,181.41400146484375
Vanguard,0P00018XAR.L,Vanguard FTSE Global All Cp Idx £ Acc - 0P00018XAR.L (VAFTGAG),2023-10-12,181.98779296875
Vanguard,0P00018XAR.L,Vanguard FTSE Global All Cp Idx £ Acc - 0P00018XAR.L (VAFTGAG),2023-10-13,181.60980224609375
Vanguard,0P00018XAR.L,Vanguard FTSE Global All Cp Idx £ Acc - 0P00018XAR.L (VAFTGAG),2023-10-14,181.60980224609375
Vanguard,0P00018XAR.L,Vanguard FTSE Global All Cp Idx £ Acc - 0P00018XAR.L (VAFTGAG),2023-10-15,181.60980224609375
Vanguard,0P00018XAR.L,Vanguard FTSE Global All Cp Idx £ Acc - 0P00018XAR.L (VAFTGAG),2023-10-16,182.04139709472656
Vanguard,0P00018XAR.L,Vanguard FTSE Global All Cp Idx £ Acc - 0P00018XAR.L (VAFTGAG),2023-10-17,182.56900024414062
Vanguard,0P00018XAR.L,Vanguard FTSE Global All Cp Idx £ Acc - 0P00018XAR.L (VAFTGAG),2023-10-18,180.7845001220703
Vanguard,0P00018XAR.L,Vanguard FTSE Global All Cp Idx £ Acc - 0P00018XAR.L (VAFTGAG),2023-10-19,179.0063018798828
Vanguard,0P00018XAR.L,Vanguard FTSE Global All Cp Idx £ Acc - 0P00018XAR.L (VAFTGAG),2023-10-20,176.95799255371094
Vanguard,0P00018XAR.L,Vanguard FTSE Global All Cp Idx £ Acc - 0P00018XAR.L (VAFTGAG),2023-10-21,176.95799255371094
Vanguard,0P00018XAR.L,Vanguard FTSE Global All Cp Idx £ Acc - 0P00018XAR.L (VAFTGAG),2023-10-22,176.95799255371094
Vanguard,0P00018XAR.L,Vanguard FTSE Global All Cp Idx £ Acc - 0P00018XAR.L (VAFTGAG),2023-10-23,175.5832977294922
Vanguard,0P00018XAR.L,Vanguard FTSE Global All Cp Idx £ Acc - 0P00018XAR.L (VAFTGAG),2023-10-24,176.9503936767578
Vanguard,0P00018XAR.L,Vanguard FTSE Global All Cp Idx £ Acc - 0P00018XAR.L (VAFTGAG),2023-10-25,175.7799072265625
Vanguard,0P00018XAR.L,Vanguard FTSE Global All Cp Idx £ Acc - 0P00018XAR.L (VAFTGAG),2023-10-26,174.2178955078125
Vanguard,0P00018XAR.L,Vanguard FTSE Global All Cp Idx £ Acc - 0P00018XAR.L (VAFTGAG),2023-10-27,173.6728973388672
Vanguard,0P00018XAR.L,Vanguard FTSE Global All Cp Idx £ Acc - 0P00018XAR.L (VAFTGAG),2023-10-28,173.6728973388672
Vanguard,0P00018XAR.L,Vanguard FTSE Global All Cp Idx £ Acc - 0P00018XAR.L (VAFTGAG),2023-10-29,173.6728973388672
Vanguard,0P00018XAR.L,Vanguard FTSE Global All Cp Idx £ Acc - 0P00018XAR.L (VAFTGAG),2023-10-30,174.92489624023438
Vanguard,0P00018XAR.L,Vanguard FTSE Global All Cp Idx £ Acc - 0P00018XAR.L (VAFTGAG),2023-10-31,175.74339294433594
Vanguard,0P00018XAR.L,Vanguard FTSE Global All Cp Idx £ Acc - 0P00018XAR.L (VAFTGAG),2023-11-01,177.50729370117188
Vanguard,0P00018XAR.L,Vanguard FTSE Global All Cp Idx £ Acc - 0P00018XAR.L (VAFTGAG),2023-11-02,180.22459411621094
Vanguard,0P00018XAR.L,Vanguard FTSE Global All Cp Idx £ Acc - 0P00018XAR.L (VAFTGAG),2023-11-03,179.57479858398438
Vanguard,0P00018XAR.L,Vanguard FTSE Global All Cp Idx £ Acc - 0P00018XAR.L (VAFTGAG),2023-11-04,179.57479858398438
Vanguard,0P00018XAR.L,Vanguard FTSE Global All Cp Idx £ Acc - 0P00018XAR.L (VAFTGAG),2023-11-05,179.57479858398438
Vanguard,0P00018XAR.L,Vanguard FTSE Global All Cp Idx £ Acc - 0P00018XAR.L (VAFTGAG),2023-11-06,179.89549255371094
Vanguard,0P00018XAR.L,Vanguard FTSE Global All Cp Idx £ Acc - 0P00018XAR.L (VAFTGAG),2023-11-07,180.88999938964844
Vanguard,0P00018XAR.L,Vanguard FTSE Global All Cp Idx £ Acc - 0P00018XAR.L (VAFTGAG),2023-11-08,180.9552001953125
Vanguard,0P00018XAR.L,Vanguard FTSE Global All Cp Idx £ Acc - 0P00018XAR.L (VAFTGAG),2023-11-09,180.43409729003906
Vanguard,0P00018XAR.L,Vanguard FTSE Global All Cp Idx £ Acc - 0P00018XAR.L (VAFTGAG),2023-11-10,182.77850341796875
Vanguard,0P00018XAR.L,Vanguard FTSE Global All Cp Idx £ Acc - 0P00018XAR.L (VAFTGAG),2023-11-11,182.77850341796875
Vanguard,0P00018XAR.L,Vanguard FTSE Global All Cp Idx £ Acc - 0P00018XAR.L (VAFTGAG),2023-11-12,182.77850341796875
Vanguard,0P00018XAR.L,Vanguard FTSE Global All Cp Idx £ Acc - 0P00018XAR.L (VAFTGAG),2023-11-13,182.18670654296875
Vanguard,0P00018XAR.L,Vanguard FTSE Global All Cp Idx £ Acc - 0P00018XAR.L (VAFTGAG),2023-11-14,182.9228973388672
Vanguard,0P00018XAR.L,Vanguard FTSE Global All Cp Idx £ Acc - 0P00018XAR.L (VAFTGAG),2023-11-15,184.29730224609375
Vanguard,0P00018XAR.L,Vanguard FTSE Global All Cp Idx £ Acc - 0P00018XAR.L (VAFTGAG),2023-11-16,184.06959533691406
Vanguard,0P00018XAR.L,Vanguard FTSE Global All Cp Idx £ Acc - 0P00018XAR.L (VAFTGAG),2023-11-17,184.85409545898438
Vanguard,0P00018XAR.L,Vanguard FTSE Global All Cp Idx £ Acc - 0P00018XAR.L (VAFTGAG),2023-11-18,184.85409545898438
Vanguard,0P00018XAR.L,Vanguard FTSE Global All Cp Idx £ Acc - 0P00018XAR.L (VAFTGAG),2023-11-19,184.85409545898438
Vanguard,0P00018XAR.L,Vanguard FTSE Global All Cp Idx £ Acc - 0P00018XAR.L (VAFTGAG),2023-11-20,185.1988983154297
Vanguard,0P00018XAR.L,Vanguard FTSE Global All Cp Idx £ Acc - 0P00018XAR.L (VAFTGAG),2023-11-21,184.28550720214844
Vanguard,0P00018XAR.L,Vanguard FTSE Global All Cp Idx £ Acc - 0P00018XAR.L (VAFTGAG),2023-11-22,185.6533966064453
Vanguard,0P00018XAR.L,Vanguard FTSE Global All Cp Idx £ Acc - 0P00018XAR.L (VAFTGAG),2023-11-23,184.8144989013672
Vanguard,0P00018XAR.L,Vanguard FTSE Global All Cp Idx £ Acc - 0P00018XAR.L (VAFTGAG),2023-11-24,183.98019409179688
Vanguard,0P00018XAR.L,Vanguard FTSE Global All Cp Idx £ Acc - 0P00018XAR.L (VAFTGAG),2023-11-25,183.98019409179688
Vanguard,0P00018XAR.L,Vanguard FTSE Global All Cp Idx £ Acc - 0P00018XAR.L (VAFTGAG),2023-11-26,183.98019409179688
Vanguard,0P00018XAR.L,Vanguard FTSE Global All Cp Idx £ Acc - 0P00018XAR.L (VAFTGAG),2023-11-27,183.6450958251953
Vanguard,0P00018XAR.L,Vanguard FTSE Global All Cp Idx £ Acc - 0P00018XAR.L (VAFTGAG),2023-11-28,182.9561004638672
Vanguard,0P00018XAR.L,Vanguard FTSE Global All Cp Idx £ Acc - 0P00018XAR.L (VAFTGAG),2023-11-29,182.8553009033203
Vanguard,0P00018XAR.L,Vanguard FTSE Global All Cp Idx £ Acc - 0P00018XAR.L (VAFTGAG),2023-11-30,183.98460388183594
Vanguard,0P00018XAR.L,Vanguard FTSE Global All Cp Idx £ Acc - 0P00018XAR.L (VAFTGAG),2023-12-01,185.43170166015625
Vanguard,0P00018XAR.L,Vanguard FTSE Global All Cp Idx £ Acc - 0P00018XAR.L (VAFTGAG),2023-12-02,185.43170166015625
Vanguard,0P00018XAR.L,Vanguard FTSE Global All Cp Idx £ Acc - 0P00018XAR.L (VAFTGAG),2023-12-03,185.43170166015625
Vanguard,0P00018XAR.L,Vanguard FTSE Global All Cp Idx £ Acc - 0P00018XAR.L (VAFTGAG),2023-12-04,185.12030029296875
Vanguard,0P00018XAR.L,Vanguard FTSE Global All Cp Idx £ Acc - 0P00018XAR.L (VAFTGAG),2023-12-05,184.6096954345703
Vanguard,0P00018XAR.L,Vanguard FTSE Global All Cp Idx £ Acc - 0P00018XAR.L (VAFTGAG),2023-12-06,184.88839721679688
Vanguard,0P00018XAR.L,Vanguard FTSE Global All Cp Idx £ Acc - 0P00018XAR.L (VAFTGAG),2023-12-07,185.98129272460938
Vanguard,0P00018XAR.L,Vanguard FTSE Global All Cp Idx £ Acc - 0P00018XAR.L (VAFTGAG),2023-12-08,187.02810668945312
Vanguard,0P00018XAR.L,Vanguard FTSE Global All Cp Idx £ Acc - 0P00018XAR.L (VAFTGAG),2023-12-09,187.02810668945312
Vanguard,0P00018XAR.L,Vanguard FTSE Global All Cp Idx £ Acc - 0P00018XAR.L (VAFTGAG),2023-12-10,187.02810668945312
Vanguard,0P00018XAR.L,Vanguard FTSE Global All Cp Idx £ Acc - 0P00018XAR.L (VAFTGAG),2023-12-11,187.38229370117188
Vanguard,0P00018XAR.L,Vanguard FTSE Global All Cp Idx £ Acc - 0P00018XAR.L (VAFTGAG),2023-12-12,187.77699279785156
Vanguard,0P00018XAR.L,Vanguard FTSE Global All Cp Idx £ Acc - 0P00018XAR.L (VAFTGAG),2023-12-13,190.25860595703125
Vanguard,0P00018XAR.L,Vanguard FTSE Global All Cp Idx £ Acc - 0P00018XAR.L (VAFTGAG),2023-12-14,189.01370239257812
Vanguard,0P00018XAR.L,Vanguard FTSE Global All Cp Idx £ Acc - 0P00018XAR.L (VAFTGAG),2023-12-15,189.8249969482422
Vanguard,0P00018XAR.L,Vanguard FTSE Global All Cp Idx £ Acc - 0P00018XAR.L (VAFTGAG),2023-12-16,189.8249969482422
Vanguard,0P00018XAR.L,Vanguard FTSE Global All Cp Idx £ Acc - 0P00018XAR.L (VAFTGAG),2023-12-17,189.8249969482422
Vanguard,0P00018XAR.L,Vanguard FTSE Global All Cp Idx £ Acc - 0P00018XAR.L (VAFTGAG),2023-12-18,190.7908935546875
Vanguard,0P00018XAR.L,Vanguard FTSE Global All Cp Idx £ Acc - 0P00018XAR.L (VAFTGAG),2023-12-19,190.66119384765625
Vanguard,0P00018XAR.L,Vanguard FTSE Global All Cp Idx £ Acc - 0P00018XAR.L (VAFTGAG),2023-12-20,190.01190185546875
Vanguard,0P00018XAR.L,Vanguard FTSE Global All Cp Idx £ Acc - 0P00018XAR.L (VAFTGAG),2023-12-21,191.5471954345703
Vanguard,0P00018XAR.L,Vanguard FTSE Global All Cp Idx £ Acc - 0P00018XAR.L (VAFTGAG),2023-12-22,190.98500061035156
Vanguard,0P00018XAR.L,Vanguard FTSE Global All Cp Idx £ Acc - 0P00018XAR.L (VAFTGAG),2023-12-23,190.98500061035156
Vanguard,0P00018XAR.L,Vanguard FTSE Global All Cp Idx £ Acc - 0P00018XAR.L (VAFTGAG),2023-12-24,190.98500061035156
Vanguard,0P00018XAR.L,Vanguard FTSE Global All Cp Idx £ Acc - 0P00018XAR.L (VAFTGAG),2023-12-25,190.98500061035156
Vanguard,0P00018XAR.L,Vanguard FTSE Global All Cp Idx £ Acc - 0P00018XAR.L (VAFTGAG),2023-12-26,190.98500061035156
Vanguard,0P00018XAR.L,Vanguard FTSE Global All Cp Idx £ Acc - 0P00018XAR.L (VAFTGAG),2023-12-27,191.73460388183594
Vanguard,0P00018XAR.L,Vanguard FTSE Global All Cp Idx £ Acc - 0P00018XAR.L (VAFTGAG),2023-12-28,192.3144989013672
Vanguard,0P00018XAR.L,Vanguard FTSE Global All Cp Idx £ Acc - 0P00018XAR.L (VAFTGAG),2023-12-29,192.1114959716797
Vanguard,0P00018XAR.L,Vanguard FTSE Global All Cp Idx £ Acc - 0P00018XAR.L (VAFTGAG),2023-12-30,192.1114959716797
Vanguard,0P00018XAR.L,Vanguard FTSE Global All Cp Idx £ Acc - 0P00018XAR.L (VAFTGAG),2023-12-31,192.1114959716797
Vanguard,0P00018XAR.L,Vanguard FTSE Global All Cp Idx £ Acc - 0P00018XAR.L (VAFTGAG),2024-01-01,192.1114959716797
Vanguard,0P00018XAR.L,Vanguard FTSE Global All Cp Idx £ Acc - 0P00018XAR.L (VAFTGAG),2024-01-02,192.58740234375
Vanguard,0P00018XAR.L,Vanguard FTSE Global All Cp Idx £ Acc - 0P00018XAR.L (VAFTGAG),2024-01-03,190.42709350585938
Vanguard,0P00018XAR.L,Vanguard FTSE Global All Cp Idx £ Acc - 0P00018XAR.L (VAFTGAG),2024-01-04,189.3769989013672
Vanguard,0P00018XAR.L,Vanguard FTSE Global All Cp Idx £ Acc - 0P00018XAR.L (VAFTGAG),2024-01-05,188.88909912109375
Vanguard,0P00018XAR.L,Vanguard FTSE Global All Cp Idx £ Acc - 0P00018XAR.L (VAFTGAG),2024-01-06,188.88909912109375
Vanguard,0P00018XAR.L,Vanguard FTSE Global All Cp Idx £ Acc - 0P00018XAR.L (VAFTGAG),2024-01-07,188.88909912109375
Vanguard,0P00018XAR.L,Vanguard FTSE Global All Cp Idx £ Acc - 0P00018XAR.L (VAFTGAG),2024-01-08,190.57290649414062
Vanguard,0P00018XAR.L,Vanguard FTSE Global All Cp Idx £ Acc - 0P00018XAR.L (VAFTGAG),2024-01-09,190.81109619140625
Vanguard,0P00018XAR.L,Vanguard FTSE Global All Cp Idx £ Acc - 0P00018XAR.L (VAFTGAG),2024-01-10,190.9770965576172
Vanguard,0P00018XAR.L,Vanguard FTSE Global All Cp Idx £ Acc - 0P00018XAR.L (VAFTGAG),2024-01-11,191.18609619140625
Vanguard,0P00018XAR.L,Vanguard FTSE Global All Cp Idx £ Acc - 0P00018XAR.L (VAFTGAG),2024-01-12,191.05990600585938
Vanguard,0P00018XAR.L,Vanguard FTSE Global All Cp Idx £ Acc - 0P00018XAR.L (VAFTGAG),2024-01-13,191.05990600585938
Vanguard,0P00018XAR.L,Vanguard FTSE Global All Cp Idx £ Acc - 0P00018XAR.L (VAFTGAG),2024-01-14,191.05990600585938
Vanguard,0P00018XAR.L,Vanguard FTSE Global All Cp Idx £ Acc - 0P00018XAR.L (VAFTGAG),2024-01-15,191.2935028076172
Vanguard,0P00018XAR.L,Vanguard FTSE Global All Cp Idx £ Acc - 0P00018XAR.L (VAFTGAG),2024-01-16,191.01849365234375
Vanguard,0P00018XAR.L,Vanguard FTSE Global All Cp Idx £ Acc - 0P00018XAR.L (VAFTGAG),2024-01-17,189.07119750976562
Vanguard,0P00018XAR.L,Vanguard FTSE Global All Cp Idx £ Acc - 0P00018XAR.L (VAFTGAG),2024-01-18,190.1136016845703
Vanguard,0P00018XAR.L,Vanguard FTSE Global All Cp Idx £ Acc - 0P00018XAR.L (VAFTGAG),2024-01-19,191.84820556640625
Vanguard,0P00018XAR.L,Vanguard FTSE Global All Cp Idx £ Acc - 0P00018XAR.L (VAFTGAG),2024-01-20,191.84820556640625
Vanguard,0P00018XAR.L,Vanguard FTSE Global All Cp Idx £ Acc - 0P00018XAR.L (VAFTGAG),2024-01-21,191.84820556640625
Vanguard,0P00018XAR.L,Vanguard FTSE Global All Cp Idx £ Acc - 0P00018XAR.L (VAFTGAG),2024-01-22,192.04409790039062
Vanguard,0P00018XAR.L,Vanguard FTSE Global All Cp Idx £ Acc - 0P00018XAR.L (VAFTGAG),2024-01-23,192.9207000732422
Vanguard,0P00018XAR.L,Vanguard FTSE Global All Cp Idx £ Acc - 0P00018XAR.L (VAFTGAG),2024-01-24,192.4833984375
Vanguard,0P00018XAR.L,Vanguard FTSE Global All Cp Idx £ Acc - 0P00018XAR.L (VAFTGAG),2024-01-25,193.89779663085938
Vanguard,0P00018XAR.L,Vanguard FTSE Global All Cp Idx £ Acc - 0P00018XAR.L (VAFTGAG),2024-01-26,193.72549438476562
Vanguard,0P00018XAR.L,Vanguard FTSE Global All Cp Idx £ Acc - 0P00018XAR.L (VAFTGAG),2024-01-27,193.72549438476562
Vanguard,0P00018XAR.L,Vanguard FTSE Global All Cp Idx £ Acc - 0P00018XAR.L (VAFTGAG),2024-01-28,193.72549438476562
Vanguard,0P00018XAR.L,Vanguard FTSE Global All Cp Idx £ Acc - 0P00018XAR.L (VAFTGAG),2024-01-29,195.61419677734375
Vanguard,0P00018XAR.L,Vanguard FTSE Global All Cp Idx £ Acc - 0P00018XAR.L (VAFTGAG),2024-01-30,195.58140563964844
Vanguard,0P00018XAR.L,Vanguard FTSE Global All Cp Idx £ Acc - 0P00018XAR.L (VAFTGAG),2024-01-31,192.7913055419922
Vanguard,0P00018XAR.L,Vanguard FTSE Global All Cp Idx £ Acc - 0P00018XAR.L (VAFTGAG),2024-02-01,194.78729248046875
Vanguard,0P00018XAR.L,Vanguard FTSE Global All Cp Idx £ Acc - 0P00018XAR.L (VAFTGAG),2024-02-02,196.27439880371094
Vanguard,0P00018XAR.L,Vanguard FTSE Global All Cp Idx £ Acc - 0P00018XAR.L (VAFTGAG),2024-02-03,196.27439880371094
Vanguard,0P00018XAR.L,Vanguard FTSE Global All Cp Idx £ Acc - 0P00018XAR.L (VAFTGAG),2024-02-04,196.27439880371094
Vanguard,0P00018XAR.L,Vanguard FTSE Global All Cp Idx £ Acc - 0P00018XAR.L (VAFTGAG),2024-02-05,197.39239501953125
Vanguard,0P00018XAR.L,Vanguard FTSE Global All Cp Idx £ Acc - 0P00018XAR.L (VAFTGAG),2024-02-06,197.51870727539062
Vanguard,0P00018XAR.L,Vanguard FTSE Global All Cp Idx £ Acc - 0P00018XAR.L (VAFTGAG),2024-02-07,197.79949951171875
Vanguard,0P00018XAR.L,Vanguard FTSE Global All Cp Idx £ Acc - 0P00018XAR.L (VAFTGAG),2024-02-08,198.28660583496094
Vanguard,0P00018XAR.L,Vanguard FTSE Global All Cp Idx £ Acc - 0P00018XAR.L (VAFTGAG),2024-02-09,198.65699768066406
Vanguard,0P00018XAR.L,Vanguard FTSE Global All Cp Idx £ Acc - 0P00018XAR.L (VAFTGAG),2024-02-10,198.65699768066406
Vanguard,0P00018XAR.L,Vanguard FTSE Global All Cp Idx £ Acc - 0P00018XAR.L (VAFTGAG),2024-02-11,198.65699768066406
Vanguard,0P00018XAR.L,Vanguard FTSE Global All Cp Idx £ Acc - 0P00018XAR.L (VAFTGAG),2024-02-12,199.08349609375
Vanguard,0P00018XAR.L,Vanguard FTSE Global All Cp Idx £ Acc - 0P00018XAR.L (VAFTGAG),2024-02-13,196.93899536132812
Vanguard,0P00018XAR.L,Vanguard FTSE Global All Cp Idx £ Acc - 0P00018XAR.L (VAFTGAG),2024-02-14,199.26870727539062
Vanguard,0P00018XAR.L,Vanguard FTSE Global All Cp Idx £ Acc - 0P00018XAR.L (VAFTGAG),2024-02-15,200.3343048095703
Vanguard,0P00018XAR.L,Vanguard FTSE Global All Cp Idx £ Acc - 0P00018XAR.L (VAFTGAG),2024-02-16,200.28370666503906
Vanguard,0P00018XAR.L,Vanguard FTSE Global All Cp Idx £ Acc - 0P00018XAR.L (VAFTGAG),2024-02-17,200.28370666503906
Vanguard,0P00018XAR.L,Vanguard FTSE Global All Cp Idx £ Acc - 0P00018XAR.L (VAFTGAG),2024-02-18,200.28370666503906
Vanguard,0P00018XAR.L,Vanguard FTSE Global All Cp Idx £ Acc - 0P00018XAR.L (VAFTGAG),2024-02-19,200.37069702148438
Vanguard,0P00018XAR.L,Vanguard FTSE Global All Cp Idx £ Acc - 0P00018XAR.L (VAFTGAG),2024-02-20,198.54510498046875
Vanguard,0P00018XAR.L,Vanguard FTSE Global All Cp Idx £ Acc - 0P00018XAR.L (VAFTGAG),2024-02-21,199.19200134277344
Vanguard,0P00018XAR.L,Vanguard FTSE Global All Cp Idx £ Acc - 0P00018XAR.L (VAFTGAG),2024-02-22,202.2041015625
Vanguard,0P00018XAR.L,Vanguard FTSE Global All Cp Idx £ Acc - 0P00018XAR.L (VAFTGAG),2024-02-23,201.52059936523438
Vanguard,0P00018XAR.L,Vanguard FTSE Global All Cp Idx £ Acc - 0P00018XAR.L (VAFTGAG),2024-02-24,201.52059936523438
Vanguard,0P00018XAR.L,Vanguard FTSE Global All Cp Idx £ Acc - 0P00018XAR.L (VAFTGAG),2024-02-25,201.52059936523438
Vanguard,0P00018XAR.L,Vanguard FTSE Global All Cp Idx £ Acc - 0P00018XAR.L (VAFTGAG),2024-02-26,200.97479248046875
Vanguard,0P00018XAR.L,Vanguard FTSE Global All Cp Idx £ Acc - 0P00018XAR.L (VAFTGAG),2024-02-27,201.44509887695312
Vanguard,0P00018XAR.L,Vanguard FTSE Global All Cp Idx £ Acc - 0P00018XAR.L (VAFTGAG),2024-02-28,201.23809814453125
Vanguard,0P00018XAR.L,Vanguard FTSE Global All Cp Idx £ Acc - 0P00018XAR.L (VAFTGAG),2024-02-29,202.20570373535156
Vanguard,0P00018XAR.L,Vanguard FTSE Global All Cp Idx £ Acc - 0P00018XAR.L (VAFTGAG),2024-03-01,203.65550231933594
Vanguard,0P00018XAR.L,Vanguard FTSE Global All Cp Idx £ Acc - 0P00018XAR.L (VAFTGAG),2024-03-02,203.65550231933594
Vanguard,0P00018XAR.L,Vanguard FTSE Global All Cp Idx £ Acc - 0P00018XAR.L (VAFTGAG),2024-03-03,203.65550231933594
Vanguard,0P00018XAR.L,Vanguard FTSE Global All Cp Idx £ Acc - 0P00018XAR.L (VAFTGAG),2024-03-04,202.9188995361328
Vanguard,0P00018XAR.L,Vanguard FTSE Global All Cp Idx £ Acc - 0P00018XAR.L (VAFTGAG),2024-03-05,200.93699645996094
Vanguard,0P00018XAR.L,Vanguard FTSE Global All Cp Idx £ Acc - 0P00018XAR.L (VAFTGAG),2024-03-06,201.95179748535156
Vanguard,0P00018XAR.L,Vanguard FTSE Global All Cp Idx £ Acc - 0P00018XAR.L (VAFTGAG),2024-03-07,203.1461944580078
Vanguard,0P00018XAR.L,Vanguard FTSE Global All Cp Idx £ Acc - 0P00018XAR.L (VAFTGAG),2024-03-08,201.3345947265625
Vanguard,0P00018XAR.L,Vanguard FTSE Global All Cp Idx £ Acc - 0P00018XAR.L (VAFTGAG),2024-03-09,201.3345947265625
Vanguard,0P00018XAR.L,Vanguard FTSE Global All Cp Idx £ Acc - 0P00018XAR.L (VAFTGAG),2024-03-10,201.3345947265625
Vanguard,0P00018XAR.L,Vanguard FTSE Global All Cp Idx £ Acc - 0P00018XAR.L (VAFTGAG),2024-03-11,201.78480529785156
Vanguard,0P00018XAR.L,Vanguard FTSE Global All Cp Idx £ Acc - 0P00018XAR.L (VAFTGAG),2024-03-12,203.7834014892578
Vanguard,0P00018XAR.L,Vanguard FTSE Global All Cp Idx £ Acc - 0P00018XAR.L (VAFTGAG),2024-03-13,203.47959899902344
Vanguard,0P00018XAR.L,Vanguard FTSE Global All Cp Idx £ Acc - 0P00018XAR.L (VAFTGAG),2024-03-14,203.56689453125
Vanguard,0P00018XAR.L,Vanguard FTSE Global All Cp Idx £ Acc - 0P00018XAR.L (VAFTGAG),2024-03-15,202.51669311523438
Vanguard,0P00018XAR.L,Vanguard FTSE Global All Cp Idx £ Acc - 0P00018XAR.L (VAFTGAG),2024-03-16,202.51669311523438
Vanguard,0P00018XAR.L,Vanguard FTSE Global All Cp Idx £ Acc - 0P00018XAR.L (VAFTGAG),2024-03-17,202.51669311523438
Vanguard,0P00018XAR.L,Vanguard FTSE Global All Cp Idx £ Acc - 0P00018XAR.L (VAFTGAG),2024-03-18,203.5565948486328
Vanguard,0P00018XAR.L,Vanguard FTSE Global All Cp Idx £ Acc - 0P00018XAR.L (VAFTGAG),2024-03-19,204.36160278320312
Vanguard,0P00018XAR.L,Vanguard FTSE Global All Cp Idx £ Acc - 0P00018XAR.L (VAFTGAG),2024-03-20,205.69110107421875
Vanguard,0P00018XAR.L,Vanguard FTSE Global All Cp Idx £ Acc - 0P00018XAR.L (VAFTGAG),2024-03-21,207.9102020263672
Vanguard,0P00018XAR.L,Vanguard FTSE Global All Cp Idx £ Acc - 0P00018XAR.L (VAFTGAG),2024-03-22,208.36099243164062
Vanguard,0P00018XAR.L,Vanguard FTSE Global All Cp Idx £ Acc - 0P00018XAR.L (VAFTGAG),2024-03-23,208.36099243164062
Vanguard,0P00018XAR.L,Vanguard FTSE Global All Cp Idx £ Acc - 0P00018XAR.L (VAFTGAG),2024-03-24,208.36099243164062
Vanguard,0P00018XAR.L,Vanguard FTSE Global All Cp Idx £ Acc - 0P00018XAR.L (VAFTGAG),2024-03-25,207.21180725097656
Vanguard,0P00018XAR.L,Vanguard FTSE Global All Cp Idx £ Acc - 0P00018XAR.L (VAFTGAG),2024-03-26,207.2689971923828
Vanguard,0P00018XAR.L,Vanguard FTSE Global All Cp Idx £ Acc - 0P00018XAR.L (VAFTGAG),2024-03-27,208.5742950439453
Vanguard,0P00018XAR.L,Vanguard FTSE Global All Cp Idx £ Acc - 0P00018XAR.L (VAFTGAG),2024-03-28,208.72320556640625
Vanguard,0P00018XAR.L,Vanguard FTSE Global All Cp Idx £ Acc - 0P00018XAR.L (VAFTGAG),2024-03-29,208.72320556640625
Vanguard,0P00018XAR.L,Vanguard FTSE Global All Cp Idx £ Acc - 0P00018XAR.L (VAFTGAG),2024-03-30,208.72320556640625
Vanguard,0P00018XAR.L,Vanguard FTSE Global All Cp Idx £ Acc - 0P00018XAR.L (VAFTGAG),2024-03-31,208.72320556640625
Vanguard,0P00018XAR.L,Vanguard FTSE Global All Cp Idx £ Acc - 0P00018XAR.L (VAFTGAG),2024-04-01,208.72320556640625
Vanguard,0P00018XAR.L,Vanguard FTSE Global All Cp Idx £ Acc - 0P00018XAR.L (VAFTGAG),2024-04-02,208.1551055908203
Vanguard,0P00018XAR.L,Vanguard FTSE Global All Cp Idx £ Acc - 0P00018XAR.L (VAFTGAG),2024-04-03,207.460205078125
Vanguard,0P00018XAR.L,Vanguard FTSE Global All Cp Idx £ Acc - 0P00018XAR.L (VAFTGAG),2024-04-04,205.73789978027344
Vanguard,0P00018XAR.L,Vanguard FTSE Global All Cp Idx £ Acc - 0P00018XAR.L (VAFTGAG),2024-04-05,207.23770141601562
Vanguard,0P00018XAR.L,Vanguard FTSE Global All Cp Idx £ Acc - 0P00018XAR.L (VAFTGAG),2024-04-06,207.23770141601562
Vanguard,0P00018XAR.L,Vanguard FTSE Global All Cp Idx £ Acc - 0P00018XAR.L (VAFTGAG),2024-04-07,207.23770141601562
Vanguard,0P00018XAR.L,Vanguard FTSE Global All Cp Idx £ Acc - 0P00018XAR.L (VAFTGAG),2024-04-08,207.33160400390625
Vanguard,0P00018XAR.L,Vanguard FTSE Global All Cp Idx £ Acc - 0P00018XAR.L (VAFTGAG),2024-04-09,207.0915985107422
Vanguard,0P00018XAR.L,Vanguard FTSE Global All Cp Idx £ Acc - 0P00018XAR.L (VAFTGAG),2024-04-10,207.0272979736328
Vanguard,0P00018XAR.L,Vanguard FTSE Global All Cp Idx £ Acc - 0P00018XAR.L (VAFTGAG),2024-04-11,208.27960205078125
Vanguard,0P00018XAR.L,Vanguard FTSE Global All Cp Idx £ Acc - 0P00018XAR.L (VAFTGAG),2024-04-12,207.24290466308594
Vanguard,0P00018XAR.L,Vanguard FTSE Global All Cp Idx £ Acc - 0P00018XAR.L (VAFTGAG),2024-04-13,207.24290466308594
Vanguard,0P00018XAR.L,Vanguard FTSE Global All Cp Idx £ Acc - 0P00018XAR.L (VAFTGAG),2024-04-14,207.24290466308594
Vanguard,0P00018XAR.L,Vanguard FTSE Global All Cp Idx £ Acc - 0P00018XAR.L (VAFTGAG),2024-04-15,204.93609619140625
Vanguard,0P00018XAR.L,Vanguard FTSE Global All Cp Idx £ Acc - 0P00018XAR.L (VAFTGAG),2024-04-16,203.40679931640625
Vanguard,0P00018XAR.L,Vanguard FTSE Global All Cp Idx £ Acc - 0P00018XAR.L (VAFTGAG),2024-04-17,202.4593048095703
Vanguard,0P00018XAR.L,Vanguard FTSE Global All Cp Idx £ Acc - 0P00018XAR.L (VAFTGAG),2024-04-18,202.68319702148438
Vanguard,0P00018XAR.L,Vanguard FTSE Global All Cp Idx £ Acc - 0P00018XAR.L (VAFTGAG),2024-04-19,201.36920166015625
Vanguard,0P00018XAR.L,Vanguard FTSE Global All Cp Idx £ Acc - 0P00018XAR.L (VAFTGAG),2024-04-20,201.36920166015625
Vanguard,0P00018XAR.L,Vanguard FTSE Global All Cp Idx £ Acc - 0P00018XAR.L (VAFTGAG),2024-04-21,201.36920166015625
Vanguard,0P00018XAR.L,Vanguard FTSE Global All Cp Idx £ Acc - 0P00018XAR.L (VAFTGAG),2024-04-22,204.69140625
Vanguard,0P00018XAR.L,Vanguard FTSE Global All Cp Idx £ Acc - 0P00018XAR.L (VAFTGAG),2024-04-23,205.41510009765625
Vanguard,0P00018XAR.L,Vanguard FTSE Global All Cp Idx £ Acc - 0P00018XAR.L (VAFTGAG),2024-04-24,205.7635955810547
Vanguard,0P00018XAR.L,Vanguard FTSE Global All Cp Idx £ Acc - 0P00018XAR.L (VAFTGAG),2024-04-25,203.7368927001953
Vanguard,0P00018XAR.L,Vanguard FTSE Global All Cp Idx £ Acc - 0P00018XAR.L (VAFTGAG),2024-04-26,205.98980712890625
Vanguard,0P00018XAR.L,Vanguard FTSE Global All Cp Idx £ Acc - 0P00018XAR.L (VAFTGAG),2024-04-27,205.98980712890625
Vanguard,0P00018XAR.L,Vanguard FTSE Global All Cp Idx £ Acc - 0P00018XAR.L (VAFTGAG),2024-04-28,205.98980712890625
Vanguard,0P00018XAR.L,Vanguard FTSE Global All Cp Idx £ Acc - 0P00018XAR.L (VAFTGAG),2024-04-29,205.4954071044922
Vanguard,0P00018XAR.L,Vanguard FTSE Global All Cp Idx £ Acc - 0P00018XAR.L (VAFTGAG),2024-04-30,203.58470153808594
Vanguard,0P00018XAR.L,Vanguard FTSE Global All Cp Idx £ Acc - 0P00018XAR.L (VAFTGAG),2024-05-01,203.49710083007812
Vanguard,0P00018XAR.L,Vanguard FTSE Global All Cp Idx £ Acc - 0P00018XAR.L (VAFTGAG),2024-05-02,205.41929626464844
Vanguard,0P00018XAR.L,Vanguard FTSE Global All Cp Idx £ Acc - 0P00018XAR.L (VAFTGAG),2024-05-03,206.7292022705078
Vanguard,0P00018XAR.L,Vanguard FTSE Global All Cp Idx £ Acc - 0P00018XAR.L (VAFTGAG),2024-05-04,206.7292022705078
Vanguard,0P00018XAR.L,Vanguard FTSE Global All Cp Idx £ Acc - 0P00018XAR.L (VAFTGAG),2024-05-05,206.7292022705078
Vanguard,0P00018XAR.L,Vanguard FTSE Global All Cp Idx £ Acc - 0P00018XAR.L (VAFTGAG),2024-05-06,206.7292022705078
Vanguard,0P00018XAR.L,Vanguard FTSE Global All Cp Idx £ Acc - 0P00018XAR.L (VAFTGAG),2024-05-07,208.97300720214844
Vanguard,0P00018XAR.L,Vanguard FTSE Global All Cp Idx £ Acc - 0P00018XAR.L (VAFTGAG),2024-05-08,209.54530334472656
Vanguard,0P00018XAR.L,Vanguard FTSE Global All Cp Idx £ Acc - 0P00018XAR.L (VAFTGAG),2024-05-09,210.1123046875
Vanguard,0P00018XAR.L,Vanguard FTSE Global All Cp Idx £ Acc - 0P00018XAR.L (VAFTGAG),2024-05-10,210.82220458984375
Vanguard,0P00018XAR.L,Vanguard FTSE Global All Cp Idx £ Acc - 0P00018XAR.L (VAFTGAG),2024-05-11,210.82220458984375
Vanguard,0P00018XAR.L,Vanguard FTSE Global All Cp Idx £ Acc - 0P00018XAR.L (VAFTGAG),2024-05-12,210.82220458984375
Vanguard,0P00018XAR.L,Vanguard FTSE Global All Cp Idx £ Acc - 0P00018XAR.L (VAFTGAG),2024-05-13,210.11630249023438
Vanguard,0P00018XAR.L,Vanguard FTSE Global All Cp Idx £ Acc - 0P00018XAR.L (VAFTGAG),2024-05-14,210.5554962158203
Vanguard,0P00018XAR.L,Vanguard FTSE Global All Cp Idx £ Acc - 0P00018XAR.L (VAFTGAG),2024-05-15,211.61459350585938
Vanguard,0P00018XAR.L,Vanguard FTSE Global All Cp Idx £ Acc - 0P00018XAR.L (VAFTGAG),2024-05-16,211.3865966796875
Vanguard,0P00018XAR.L,Vanguard FTSE Global All Cp Idx £ Acc - 0P00018XAR.L (VAFTGAG),2024-05-17,211.14950561523438
Vanguard,0P00018XAR.L,Vanguard FTSE Global All Cp Idx £ Acc - 0P00018XAR.L (VAFTGAG),2024-05-18,211.14950561523438
Vanguard,0P00018XAR.L,Vanguard FTSE Global All Cp Idx £ Acc - 0P00018XAR.L (VAFTGAG),2024-05-19,211.14950561523438
Vanguard,0P00018XAR.L,Vanguard FTSE Global All Cp Idx £ Acc - 0P00018XAR.L (VAFTGAG),2024-05-20,211.35069274902344
Vanguard,0P00018XAR.L,Vanguard FTSE Global All Cp Idx £ Acc - 0P00018XAR.L (VAFTGAG),2024-05-21,211.04879760742188
Vanguard,0P00018XAR.L,Vanguard FTSE Global All Cp Idx £ Acc - 0P00018XAR.L (VAFTGAG),2024-05-22,210.22779846191406
Vanguard,0P00018XAR.L,Vanguard FTSE Global All Cp Idx £ Acc - 0P00018XAR.L (VAFTGAG),2024-05-23,209.22720336914062
Vanguard,0P00018XAR.L,Vanguard FTSE Global All Cp Idx £ Acc - 0P00018XAR.L (VAFTGAG),2024-05-24,209.49749755859375
Vanguard,0P00018XAR.L,Vanguard FTSE Global All Cp Idx £ Acc - 0P00018XAR.L (VAFTGAG),2024-05-25,209.49749755859375
Vanguard,0P00018XAR.L,Vanguard FTSE Global All Cp Idx £ Acc - 0P00018XAR.L (VAFTGAG),2024-05-26,209.49749755859375
Vanguard,0P00018XAR.L,Vanguard FTSE Global All Cp Idx £ Acc - 0P00018XAR.L (VAFTGAG),2024-05-27,209.49749755859375
Vanguard,0P00018XAR.L,Vanguard FTSE Global All Cp Idx £ Acc - 0P00018XAR.L (VAFTGAG),2024-05-28,209.081298828125
Vanguard,0P00018XAR.L,Vanguard FTSE Global All Cp Idx £ Acc - 0P00018XAR.L (VAFTGAG),2024-05-29,207.86830139160156
Vanguard,0P00018XAR.L,Vanguard FTSE Global All Cp Idx £ Acc - 0P00018XAR.L (VAFTGAG),2024-05-30,206.90780639648438
Vanguard,0P00018XAR.L,Vanguard FTSE Global All Cp Idx £ Acc - 0P00018XAR.L (VAFTGAG),2024-05-31,208.2563018798828
Vanguard,0P00018XAR.L,Vanguard FTSE Global All Cp Idx £ Acc - 0P00018XAR.L (VAFTGAG),2024-06-01,208.2563018798828
Vanguard,0P00018XAR.L,Vanguard FTSE Global All Cp Idx £ Acc - 0P00018XAR.L (VAFTGAG),2024-06-02,208.2563018798828
Vanguard,0P00018XAR.L,Vanguard FTSE Global All Cp Idx £ Acc - 0P00018XAR.L (VAFTGAG),2024-06-03,208.4250946044922
Vanguard,0P00018XAR.L,Vanguard FTSE Global All Cp Idx £ Acc - 0P00018XAR.L (VAFTGAG),2024-06-04,207.7310028076172
Vanguard,0P00018XAR.L,Vanguard FTSE Global All Cp Idx £ Acc - 0P00018XAR.L (VAFTGAG),2024-06-05,209.8195037841797
Vanguard,0P00018XAR.L,Vanguard FTSE Global All Cp Idx £ Acc - 0P00018XAR.L (VAFTGAG),2024-06-06,210.09800720214844
Vanguard,0P00018XAR.L,Vanguard FTSE Global All Cp Idx £ Acc - 0P00018XAR.L (VAFTGAG),2024-06-07,210.256103515625
Vanguard,0P00018XAR.L,Vanguard FTSE Global All Cp Idx £ Acc - 0P00018XAR.L (VAFTGAG),2024-06-08,210.256103515625
Vanguard,0P00018XAR.L,Vanguard FTSE Global All Cp Idx £ Acc - 0P00018XAR.L (VAFTGAG),2024-06-09,210.256103515625
Vanguard,0P00018XAR.L,Vanguard FTSE Global All Cp Idx £ Acc - 0P00018XAR.L (VAFTGAG),2024-06-10,210.4678955078125
Vanguard,0P00018XAR.L,Vanguard FTSE Global All Cp Idx £ Acc - 0P00018XAR.L (VAFTGAG),2024-06-11,210.25579833984375
Vanguard,0P00018XAR.L,Vanguard FTSE Global All Cp Idx £ Acc - 0P00018XAR.L (VAFTGAG),2024-06-12,210.23080444335938
Vanguard,0P00018XAR.L,Vanguard FTSE Global All Cp Idx £ Acc - 0P00018XAR.L (VAFTGAG),2024-06-13,210.7698974609375
Vanguard,0P00018XAR.L,Vanguard FTSE Global All Cp Idx £ Acc - 0P00018XAR.L (VAFTGAG),2024-06-14,211.67579650878906
Vanguard,0P00018XAR.L,Vanguard FTSE Global All Cp Idx £ Acc - 0P00018XAR.L (VAFTGAG),2024-06-15,211.67579650878906
Vanguard,0P00018XAR.L,Vanguard FTSE Global All Cp Idx £ Acc - 0P00018XAR.L (VAFTGAG),2024-06-16,211.67579650878906
Vanguard,0P00018XAR.L,Vanguard FTSE Global All Cp Idx £ Acc - 0P00018XAR.L (VAFTGAG),2024-06-17,212.22000122070312
Vanguard,0P00018XAR.L,Vanguard FTSE Global All Cp Idx £ Acc - 0P00018XAR.L (VAFTGAG),2024-06-18,212.98219299316406
Vanguard,0P00018XAR.L,Vanguard FTSE Global All Cp Idx £ Acc - 0P00018XAR.L (VAFTGAG),2024-06-19,212.5821990966797
Vanguard,0P00018XAR.L,Vanguard FTSE Global All Cp Idx £ Acc - 0P00018XAR.L (VAFTGAG),2024-06-20,213.2086944580078
Vanguard,0P00018XAR.L,Vanguard FTSE Global All Cp Idx £ Acc - 0P00018XAR.L (VAFTGAG),2024-06-21,213.4250030517578
Vanguard,0P00018XAR.L,Vanguard FTSE Global All Cp Idx £ Acc - 0P00018XAR.L (VAFTGAG),2024-06-22,213.4250030517578
Vanguard,0P00018XAR.L,Vanguard FTSE Global All Cp Idx £ Acc - 0P00018XAR.L (VAFTGAG),2024-06-23,213.4250030517578
Vanguard,0P00018XAR.L,Vanguard FTSE Global All Cp Idx £ Acc - 0P00018XAR.L (VAFTGAG),2024-06-24,212.57119750976562
Vanguard,0P00018XAR.L,Vanguard FTSE Global All Cp Idx £ Acc - 0P00018XAR.L (VAFTGAG),2024-06-25,213.30880737304688
Vanguard,0P00018XAR.L,Vanguard FTSE Global All Cp Idx £ Acc - 0P00018XAR.L (VAFTGAG),2024-06-26,214.0399932861328
Vanguard,0P00018XAR.L,Vanguard FTSE Global All Cp Idx £ Acc - 0P00018XAR.L (VAFTGAG),2024-06-27,213.69349670410156
Vanguard,0P00018XAR.L,Vanguard FTSE Global All Cp Idx £ Acc - 0P00018XAR.L (VAFTGAG),2024-06-28,213.51429748535156
Vanguard,0P00018XAR.L,Vanguard FTSE Global All Cp Idx £ Acc - 0P00018XAR.L (VAFTGAG),2024-06-29,213.51429748535156
Vanguard,0P00018XAR.L,Vanguard FTSE Global All Cp Idx £ Acc - 0P00018XAR.L (VAFTGAG),2024-06-30,213.51429748535156
Vanguard,0P00018XAR.L,Vanguard FTSE Global All Cp Idx £ Acc - 0P00018XAR.L (VAFTGAG),2024-07-01,213.8094024658203
Vanguard,0P00018XAR.L,Vanguard FTSE Global All Cp Idx £ Acc - 0P00018XAR.L (VAFTGAG),2024-07-02,214.0133056640625
Vanguard,0P00018XAR.L,Vanguard FTSE Global All Cp Idx £ Acc - 0P00018XAR.L (VAFTGAG),2024-07-03,214.143798828125
Vanguard,0P00018XAR.L,Vanguard FTSE Global All Cp Idx £ Acc - 0P00018XAR.L (VAFTGAG),2024-07-04,214.7436065673828
Vanguard,0P00018XAR.L,Vanguard FTSE Global All Cp Idx £ Acc - 0P00018XAR.L (VAFTGAG),2024-07-05,214.7252960205078
Vanguard,0P00018XAR.L,Vanguard FTSE Global All Cp Idx £ Acc - 0P00018XAR.L (VAFTGAG),2024-07-06,214.7252960205078
Vanguard,0P00018XAR.L,Vanguard FTSE Global All Cp Idx £ Acc - 0P00018XAR.L (VAFTGAG),2024-07-07,214.7252960205078
Vanguard,0P00018XAR.L,Vanguard FTSE Global All Cp Idx £ Acc - 0P00018XAR.L (VAFTGAG),2024-07-08,214.32460021972656
Vanguard,0P00018XAR.L,Vanguard FTSE Global All Cp Idx £ Acc - 0P00018XAR.L (VAFTGAG),2024-07-09,214.70089721679688
Vanguard,0P00018XAR.L,Vanguard FTSE Global All Cp Idx £ Acc - 0P00018XAR.L (VAFTGAG),2024-07-10,215.97000122070312
Vanguard,0P00018XAR.L,Vanguard FTSE Global All Cp Idx £ Acc - 0P00018XAR.L (VAFTGAG),2024-07-11,214.77870178222656
Vanguard,0P00018XAR.L,Vanguard FTSE Global All Cp Idx £ Acc - 0P00018XAR.L (VAFTGAG),2024-07-12,214.87660217285156
Vanguard,0P00018XAR.L,Vanguard FTSE Global All Cp Idx £ Acc - 0P00018XAR.L (VAFTGAG),2024-07-13,214.87660217285156
Vanguard,0P00018XAR.L,Vanguard FTSE Global All Cp Idx £ Acc - 0P00018XAR.L (VAFTGAG),2024-07-14,214.87660217285156
Vanguard,0P00018XAR.L,Vanguard FTSE Global All Cp Idx £ Acc - 0P00018XAR.L (VAFTGAG),2024-07-15,215.11520385742188
Vanguard,0P00018XAR.L,Vanguard FTSE Global All Cp Idx £ Acc - 0P00018XAR.L (VAFTGAG),2024-07-16,216.60009765625
Vanguard,0P00018XAR.L,Vanguard FTSE Global All Cp Idx £ Acc - 0P00018XAR.L (VAFTGAG),2024-07-17,213.73410034179688
Vanguard,0P00018XAR.L,Vanguard FTSE Global All Cp Idx £ Acc - 0P00018XAR.L (VAFTGAG),2024-07-18,212.63340759277344
Vanguard,0P00018XAR.L,Vanguard FTSE Global All Cp Idx £ Acc - 0P00018XAR.L (VAFTGAG),2024-07-19,211.92849731445312
Vanguard,0P00018XAR.L,Vanguard FTSE Global All Cp Idx £ Acc - 0P00018XAR.L (VAFTGAG),2024-07-20,211.92849731445312
Vanguard,0P00018XAR.L,Vanguard FTSE Global All Cp Idx £ Acc - 0P00018XAR.L (VAFTGAG),2024-07-21,211.92849731445312
Vanguard,0P00018XAR.L,Vanguard FTSE Global All Cp Idx £ Acc - 0P00018XAR.L (VAFTGAG),2024-07-22,213.51849365234375
Vanguard,0P00018XAR.L,Vanguard FTSE Global All Cp Idx £ Acc - 0P00018XAR.L (VAFTGAG),2024-07-23,213.51939392089844
Vanguard,0P00018XAR.L,Vanguard FTSE Global All Cp Idx £ Acc - 0P00018XAR.L (VAFTGAG),2024-07-24,209.96560668945312
Vanguard,0P00018XAR.L,Vanguard FTSE Global All Cp Idx £ Acc - 0P00018XAR.L (VAFTGAG),2024-07-25,209.27310180664062
Vanguard,0P00018XAR.L,Vanguard FTSE Global All Cp Idx £ Acc - 0P00018XAR.L (VAFTGAG),2024-07-26,211.46009826660156
Vanguard,0P00018XAR.L,Vanguard FTSE Global All Cp Idx £ Acc - 0P00018XAR.L (VAFTGAG),2024-07-27,211.46009826660156
Vanguard,0P00018XAR.L,Vanguard FTSE Global All Cp Idx £ Acc - 0P00018XAR.L (VAFTGAG),2024-07-28,211.46009826660156
Vanguard,0P00018XAR.L,Vanguard FTSE Global All Cp Idx £ Acc - 0P00018XAR.L (VAFTGAG),2024-07-29,211.75950622558594
Vanguard,0P00018XAR.L,Vanguard FTSE Global All Cp Idx £ Acc - 0P00018XAR.L (VAFTGAG),2024-07-30,211.41830444335938
Vanguard,0P00018XAR.L,Vanguard FTSE Global All Cp Idx £ Acc - 0P00018XAR.L (VAFTGAG),2024-07-31,214.3739013671875
Vanguard,0P00018XAR.L,Vanguard FTSE Global All Cp Idx £ Acc - 0P00018XAR.L (VAFTGAG),2024-08-01,212.343994140625
Vanguard,0P00018XAR.L,Vanguard FTSE Global All Cp Idx £ Acc - 0P00018XAR.L (VAFTGAG),2024-08-02,207.7050018310547
Vanguard,0P00018XAR.L,Vanguard FTSE Global All Cp Idx £ Acc - 0P00018XAR.L (VAFTGAG),2024-08-03,207.7050018310547
Vanguard,0P00018XAR.L,Vanguard FTSE Global All Cp Idx £ Acc - 0P00018XAR.L (VAFTGAG),2024-08-04,207.7050018310547
Vanguard,0P00018XAR.L,Vanguard FTSE Global All Cp Idx £ Acc - 0P00018XAR.L (VAFTGAG),2024-08-05,201.71949768066406
Vanguard,0P00018XAR.L,Vanguard FTSE Global All Cp Idx £ Acc - 0P00018XAR.L (VAFTGAG),2024-08-06,204.9420928955078
Vanguard,0P00018XAR.L,Vanguard FTSE Global All Cp Idx £ Acc - 0P00018XAR.L (VAFTGAG),2024-08-07,204.7270965576172
Vanguard,0P00018XAR.L,Vanguard FTSE Global All Cp Idx £ Acc - 0P00018XAR.L (VAFTGAG),2024-08-08,207.69960021972656
Vanguard,0P00018XAR.L,Vanguard FTSE Global All Cp Idx £ Acc - 0P00018XAR.L (VAFTGAG),2024-08-09,208.32760620117188
Vanguard,0P00018XAR.L,Vanguard FTSE Global All Cp Idx £ Acc - 0P00018XAR.L (VAFTGAG),2024-08-10,208.32760620117188
Vanguard,0P00018XAR.L,Vanguard FTSE Global All Cp Idx £ Acc - 0P00018XAR.L (VAFTGAG),2024-08-11,208.32760620117188
Vanguard,0P00018XAR.L,Vanguard FTSE Global All Cp Idx £ Acc - 0P00018XAR.L (VAFTGAG),2024-08-12,207.8892059326172
Vanguard,0P00018XAR.L,Vanguard FTSE Global All Cp Idx £ Acc - 0P00018XAR.L (VAFTGAG),2024-08-13,210.23680114746094
Vanguard,0P00018XAR.L,Vanguard FTSE Global All Cp Idx £ Acc - 0P00018XAR.L (VAFTGAG),2024-08-14,210.88670349121094
Vanguard,0P00018XAR.L,Vanguard FTSE Global All Cp Idx £ Acc - 0P00018XAR.L (VAFTGAG),2024-08-15,213.39759826660156
Vanguard,0P00018XAR.L,Vanguard FTSE Global All Cp Idx £ Acc - 0P00018XAR.L (VAFTGAG),2024-08-16,214.0283966064453
Vanguard,0P00018XAR.L,Vanguard FTSE Global All Cp Idx £ Acc - 0P00018XAR.L (VAFTGAG),2024-08-17,214.0283966064453
Vanguard,0P00018XAR.L,Vanguard FTSE Global All Cp Idx £ Acc - 0P00018XAR.L (VAFTGAG),2024-08-18,214.0283966064453
Vanguard,0P00018XAR.L,Vanguard FTSE Global All Cp Idx £ Acc - 0P00018XAR.L (VAFTGAG),2024-08-19,214.46080017089844
Vanguard,0P00018XAR.L,Vanguard FTSE Global All Cp Idx £ Acc - 0P00018XAR.L (VAFTGAG),2024-08-20,213.581298828125
Vanguard,0P00018XAR.L,Vanguard FTSE Global All Cp Idx £ Acc - 0P00018XAR.L (VAFTGAG),2024-08-21,213.86549377441406
Vanguard,0P00018XAR.L,Vanguard FTSE Global All Cp Idx £ Acc - 0P00018XAR.L (VAFTGAG),2024-08-22,212.0406951904297
Vanguard,0P00018XAR.L,Vanguard FTSE Global All Cp Idx £ Acc - 0P00018XAR.L (VAFTGAG),2024-08-23,212.95669555664062
Vanguard,0P00018XAR.L,Vanguard FTSE Global All Cp Idx £ Acc - 0P00018XAR.L (VAFTGAG),2024-08-24,212.95669555664062
Vanguard,0P00018XAR.L,Vanguard FTSE Global All Cp Idx £ Acc - 0P00018XAR.L (VAFTGAG),2024-08-25,212.95669555664062
Vanguard,0P00018XAR.L,Vanguard FTSE Global All Cp Idx £ Acc - 0P00018XAR.L (VAFTGAG),2024-08-26,212.95669555664062
Vanguard,0P00018XAR.L,Vanguard FTSE Global All Cp Idx £ Acc - 0P00018XAR.L (VAFTGAG),2024-08-27,212.1071014404297
Vanguard,0P00018XAR.L,Vanguard FTSE Global All Cp Idx £ Acc - 0P00018XAR.L (VAFTGAG),2024-08-28,211.54490661621094
Vanguard,0P00018XAR.L,Vanguard FTSE Global All Cp Idx £ Acc - 0P00018XAR.L (VAFTGAG),2024-08-29,212.55149841308594
Vanguard,0P00018XAR.L,Vanguard FTSE Global All Cp Idx £ Acc - 0P00018XAR.L (VAFTGAG),2024-08-30,214.37989807128906
Vanguard,0P00018XAR.L,Vanguard FTSE Global All Cp Idx £ Acc - 0P00018XAR.L (VAFTGAG),2024-08-31,214.37989807128906
Vanguard,0P00018XAR.L,Vanguard FTSE Global All Cp Idx £ Acc - 0P00018XAR.L (VAFTGAG),2024-09-01,214.37989807128906
Vanguard,0P00018XAR.L,Vanguard FTSE Global All Cp Idx £ Acc - 0P00018XAR.L (VAFTGAG),2024-09-02,214.01759338378906
Vanguard,0P00018XAR.L,Vanguard FTSE Global All Cp Idx £ Acc - 0P00018XAR.L (VAFTGAG),2024-09-03,211.55239868164062
Vanguard,0P00018XAR.L,Vanguard FTSE Global All Cp Idx £ Acc - 0P00018XAR.L (VAFTGAG),2024-09-04,209.37240600585938
Vanguard,0P00018XAR.L,Vanguard FTSE Global All Cp Idx £ Acc - 0P00018XAR.L (VAFTGAG),2024-09-05,208.81849670410156
Vanguard,0P00018XAR.L,Vanguard FTSE Global All Cp Idx £ Acc - 0P00018XAR.L (VAFTGAG),2024-09-06,205.9510955810547
Vanguard,0P00018XAR.L,Vanguard FTSE Global All Cp Idx £ Acc - 0P00018XAR.L (VAFTGAG),2024-09-07,205.9510955810547
Vanguard,0P00018XAR.L,Vanguard FTSE Global All Cp Idx £ Acc - 0P00018XAR.L (VAFTGAG),2024-09-08,205.9510955810547
Vanguard,0P00018XAR.L,Vanguard FTSE Global All Cp Idx £ Acc - 0P00018XAR.L (VAFTGAG),2024-09-09,208.6363067626953
Vanguard,0P00018XAR.L,Vanguard FTSE Global All Cp Idx £ Acc - 0P00018XAR.L (VAFTGAG),2024-09-10,209.2458038330078
Vanguard,0P00018XAR.L,Vanguard FTSE Global All Cp Idx £ Acc - 0P00018XAR.L (VAFTGAG),2024-09-11,211.19219970703125
Vanguard,0P00018XAR.L,Vanguard FTSE Global All Cp Idx £ Acc - 0P00018XAR.L (VAFTGAG),2024-09-12,212.09620666503906
Vanguard,0P00018XAR.L,Vanguard FTSE Global All Cp Idx £ Acc - 0P00018XAR.L (VAFTGAG),2024-09-13,212.48899841308594
Vanguard,0P00018XAR.L,Vanguard FTSE Global All Cp Idx £ Acc - 0P00018XAR.L (VAFTGAG),2024-09-14,212.48899841308594
Vanguard,0P00018XAR.L,Vanguard FTSE Global All Cp Idx £ Acc - 0P00018XAR.L (VAFTGAG),2024-09-15,212.48899841308594
Vanguard,0P00018XAR.L,Vanguard FTSE Global All Cp Idx £ Acc - 0P00018XAR.L (VAFTGAG),2024-09-16,212.23500061035156
Vanguard,0P00018XAR.L,Vanguard FTSE Global All Cp Idx £ Acc - 0P00018XAR.L (VAFTGAG),2024-09-17,212.5762939453125
Vanguard,0P00018XAR.L,Vanguard FTSE Global All Cp Idx £ Acc - 0P00018XAR.L (VAFTGAG),2024-09-18,211.61749267578125
Vanguard,0P00018XAR.L,Vanguard FTSE Global All Cp Idx £ Acc - 0P00018XAR.L (VAFTGAG),2024-09-19,214.33270263671875
Vanguard,0P00018XAR.L,Vanguard FTSE Global All Cp Idx £ Acc - 0P00018XAR.L (VAFTGAG),2024-09-20,213.2469024658203
Vanguard,0P00018XAR.L,Vanguard FTSE Global All Cp Idx £ Acc - 0P00018XAR.L (VAFTGAG),2024-09-21,213.2469024658203
Vanguard,0P00018XAR.L,Vanguard FTSE Global All Cp Idx £ Acc - 0P00018XAR.L (VAFTGAG),2024-09-22,213.2469024658203
Vanguard,0P00018XAR.L,Vanguard FTSE Global All Cp Idx £ Acc - 0P00018XAR.L (VAFTGAG),2024-09-23,212.76600646972656
Vanguard,0P00018XAR.L,Vanguard FTSE Global All Cp Idx £ Acc - 0P00018XAR.L (VAFTGAG),2024-09-24,213.2967071533203
Vanguard,0P00018XAR.L,Vanguard FTSE Global All Cp Idx £ Acc - 0P00018XAR.L (VAFTGAG),2024-09-25,213.168701171875
Vanguard,0P00018XAR.L,Vanguard FTSE Global All Cp Idx £ Acc - 0P00018XAR.L (VAFTGAG),2024-09-26,214.66490173339844
Vanguard,0P00018XAR.L,Vanguard FTSE Global All Cp Idx £ Acc - 0P00018XAR.L (VAFTGAG),2024-09-27,215.28640747070312
Vanguard,0P00018XAR.L,Vanguard FTSE Global All Cp Idx £ Acc - 0P00018XAR.L (VAFTGAG),2024-09-28,215.28640747070312
Vanguard,0P00018XAR.L,Vanguard FTSE Global All Cp Idx £ Acc - 0P00018XAR.L (VAFTGAG),2024-09-29,215.28640747070312
Vanguard,0P00018XAR.L,Vanguard FTSE Global All Cp Idx £ Acc - 0P00018XAR.L (VAFTGAG),2024-09-30,214.92730712890625
Vanguard,0P00018XAR.L,Vanguard FTSE Global All Cp Idx £ Acc - 0P00018XAR.L (VAFTGAG),2024-10-01,215.47740173339844
Vanguard,0P00018XAR.L,Vanguard FTSE Global All Cp Idx £ Acc - 0P00018XAR.L (VAFTGAG),2024-10-02,215.96670532226562
Vanguard,0P00018XAR.L,Vanguard FTSE Global All Cp Idx £ Acc - 0P00018XAR.L (VAFTGAG),2024-10-03,217.38169860839844
Vanguard,0P00018XAR.L,Vanguard FTSE Global All Cp Idx £ Acc - 0P00018XAR.L (VAFTGAG),2024-10-04,218.6427001953125
Vanguard,0P00018XAR.L,Vanguard FTSE Global All Cp Idx £ Acc - 0P00018XAR.L (VAFTGAG),2024-10-05,218.6427001953125
Vanguard,0P00018XAR.L,Vanguard FTSE Global All Cp Idx £ Acc - 0P00018XAR.L (VAFTGAG),2024-10-06,218.6427001953125
Vanguard,0P00018XAR.L,Vanguard FTSE Global All Cp Idx £ Acc - 0P00018XAR.L (VAFTGAG),2024-10-07,218.30679321289062
Vanguard,0P00018XAR.L,Vanguard FTSE Global All Cp Idx £ Acc - 0P00018XAR.L (VAFTGAG),2024-10-08,218.15390014648438
Vanguard,0P00018XAR.L,Vanguard FTSE Global All Cp Idx £ Acc - 0P00018XAR.L (VAFTGAG),2024-10-09,219.38340759277344
Vanguard,0P00018XAR.L,Vanguard FTSE Global All Cp Idx £ Acc - 0P00018XAR.L (VAFTGAG),2024-10-10,219.64599609375
Vanguard,0P00018XAR.L,Vanguard FTSE Global All Cp Idx £ Acc - 0P00018XAR.L (VAFTGAG),2024-10-11,220.5142059326172
Vanguard,0P00018XAR.L,Vanguard FTSE Global All Cp Idx £ Acc - 0P00018XAR.L (VAFTGAG),2024-10-12,220.5142059326172
Vanguard,0P00018XAR.L,Vanguard FTSE Global All Cp Idx £ Acc - 0P00018XAR.L (VAFTGAG),2024-10-13,220.5142059326172
Vanguard,0P00018XAR.L,Vanguard FTSE Global All Cp Idx £ Acc - 0P00018XAR.L (VAFTGAG),2024-10-14,221.86669921875
Vanguard,0P00018XAR.L,Vanguard FTSE Global All Cp Idx £ Acc - 0P00018XAR.L (VAFTGAG),2024-10-15,219.8583984375
Vanguard,0P00018XAR.L,Vanguard FTSE Global All Cp Idx £ Acc - 0P00018XAR.L (VAFTGAG),2024-10-16,221.6450958251953
Vanguard,0P00018XAR.L,Vanguard FTSE Global All Cp Idx £ Acc - 0P00018XAR.L (VAFTGAG),2024-10-17,221.7476043701172
Vanguard,0P00018XAR.L,Vanguard FTSE Global All Cp Idx £ Acc - 0P00018XAR.L (VAFTGAG),2024-10-18,222.22659301757812
Vanguard,0P00018XAR.L,Vanguard FTSE Global All Cp Idx £ Acc - 0P00018XAR.L (VAFTGAG),2024-10-19,222.22659301757812
Vanguard,0P00018XAR.L,Vanguard FTSE Global All Cp Idx £ Acc - 0P00018XAR.L (VAFTGAG),2024-10-20,222.22659301757812
Vanguard,0P00018XAR.L,Vanguard FTSE Global All Cp Idx £ Acc - 0P00018XAR.L (VAFTGAG),2024-10-21,221.85260009765625
Vanguard,0P00018XAR.L,Vanguard FTSE Global All Cp Idx £ Acc - 0P00018XAR.L (VAFTGAG),2024-10-22,221.5688934326172
Vanguard,0P00018XAR.L,Vanguard FTSE Global All Cp Idx £ Acc - 0P00018XAR.L (VAFTGAG),2024-10-23,220.32730102539062
Vanguard,0P00018XAR.L,Vanguard FTSE Global All Cp Idx £ Acc - 0P00018XAR.L (VAFTGAG),2024-10-24,220.4586944580078
Vanguard,0P00018XAR.L,Vanguard FTSE Global All Cp Idx £ Acc - 0P00018XAR.L (VAFTGAG),2024-10-25,219.7646026611328
Vanguard,0P00018XAR.L,Vanguard FTSE Global All Cp Idx £ Acc - 0P00018XAR.L (VAFTGAG),2024-10-26,219.7646026611328
Vanguard,0P00018XAR.L,Vanguard FTSE Global All Cp Idx £ Acc - 0P00018XAR.L (VAFTGAG),2024-10-27,219.7646026611328
Vanguard,0P00018XAR.L,Vanguard FTSE Global All Cp Idx £ Acc - 0P00018XAR.L (VAFTGAG),2024-10-28,220.6511993408203
Vanguard,0P00018XAR.L,Vanguard FTSE Global All Cp Idx £ Acc - 0P00018XAR.L (VAFTGAG),2024-10-29,220.31629943847656
Vanguard,0P00018XAR.L,Vanguard FTSE Global All Cp Idx £ Acc - 0P00018XAR.L (VAFTGAG),2024-10-30,219.52239990234375
Vanguard,0P00018XAR.L,Vanguard FTSE Global All Cp Idx £ Acc - 0P00018XAR.L (VAFTGAG),2024-10-31,219.0030059814453
Vanguard,0P00018XAR.L,Vanguard FTSE Global All Cp Idx £ Acc - 0P00018XAR.L (VAFTGAG),2024-11-01,217.95640563964844
Vanguard,0P00018XAR.L,Vanguard FTSE Global All Cp Idx £ Acc - 0P00018XAR.L (VAFTGAG),2024-11-02,217.95640563964844
Vanguard,0P00018XAR.L,Vanguard FTSE Global All Cp Idx £ Acc - 0P00018XAR.L (VAFTGAG),2024-11-03,217.95640563964844
Vanguard,0P00018XAR.L,Vanguard FTSE Global All Cp Idx £ Acc - 0P00018XAR.L (VAFTGAG),2024-11-04,217.59559631347656
Vanguard,0P00018XAR.L,Vanguard FTSE Global All Cp Idx £ Acc - 0P00018XAR.L (VAFTGAG),2024-11-05,219.39559936523438
Vanguard,0P00018XAR.L,Vanguard FTSE Global All Cp Idx £ Acc - 0P00018XAR.L (VAFTGAG),2024-11-06,224.52090454101562
Vanguard,0P00018XAR.L,Vanguard FTSE Global All Cp Idx £ Acc - 0P00018XAR.L (VAFTGAG),2024-11-07,224.64100646972656
Vanguard,0P00018XAR.L,Vanguard FTSE Global All Cp Idx £ Acc - 0P00018XAR.L (VAFTGAG),2024-11-08,225.7772979736328
Vanguard,0P00018XAR.L,Vanguard FTSE Global All Cp Idx £ Acc - 0P00018XAR.L (VAFTGAG),2024-11-09,225.7772979736328
Vanguard,0P00018XAR.L,Vanguard FTSE Global All Cp Idx £ Acc - 0P00018XAR.L (VAFTGAG),2024-11-10,225.7772979736328
Vanguard,0P00018XAR.L,Vanguard FTSE Global All Cp Idx £ Acc - 0P00018XAR.L (VAFTGAG),2024-11-11,227.05369567871094
Vanguard,0P00018XAR.L,Vanguard FTSE Global All Cp Idx £ Acc - 0P00018XAR.L (VAFTGAG),2024-11-12,227.1800994873047
Vanguard,0P00018XAR.L,Vanguard FTSE Global All Cp Idx £ Acc - 0P00018XAR.L (VAFTGAG),2024-11-13,227.279296875
Vanguard,0P00018XAR.L,Vanguard FTSE Global All Cp Idx £ Acc - 0P00018XAR.L (VAFTGAG),2024-11-14,226.53550720214844
Vanguard,0P00018XAR.L,Vanguard FTSE Global All Cp Idx £ Acc - 0P00018XAR.L (VAFTGAG),2024-11-15,225.78269958496094
Vanguard,0P00018XAR.L,Vanguard FTSE Global All Cp Idx £ Acc - 0P00018XAR.L (VAFTGAG),2024-11-16,225.78269958496094
Vanguard,0P00018XAR.L,Vanguard FTSE Global All Cp Idx £ Acc - 0P00018XAR.L (VAFTGAG),2024-11-17,225.78269958496094
Vanguard,0P00018XAR.L,Vanguard FTSE Global All Cp Idx £ Acc - 0P00018XAR.L (VAFTGAG),2024-11-18,226.33380126953125
Vanguard,0P00018XAR.L,Vanguard FTSE Global All Cp Idx £ Acc - 0P00018XAR.L (VAFTGAG),2024-11-19,226.87350463867188
Vanguard,0P00018XAR.L,Vanguard FTSE Global All Cp Idx £ Acc - 0P00018XAR.L (VAFTGAG),2024-11-20,226.75469970703125
Vanguard,0P00018XAR.L,Vanguard FTSE Global All Cp Idx £ Acc - 0P00018XAR.L (VAFTGAG),2024-11-21,228.47390747070312
Vanguard,0P00018XAR.L,Vanguard FTSE Global All Cp Idx £ Acc - 0P00018XAR.L (VAFTGAG),2024-11-22,231.0605010986328
Vanguard,0P00018XAR.L,Vanguard FTSE Global All Cp Idx £ Acc - 0P00018XAR.L (VAFTGAG),2024-11-23,231.0605010986328
Vanguard,0P00018XAR.L,Vanguard FTSE Global All Cp Idx £ Acc - 0P00018XAR.L (VAFTGAG),2024-11-24,231.0605010986328
Vanguard,0P00018XAR.L,Vanguard FTSE Global All Cp Idx £ Acc - 0P00018XAR.L (VAFTGAG),2024-11-25,231.77999877929688
Vanguard,0P00018XAR.L,Vanguard FTSE Global All Cp Idx £ Acc - 0P00018XAR.L (VAFTGAG),2024-11-26,231.73809814453125
Vanguard,0P00018XAR.L,Vanguard FTSE Global All Cp Idx £ Acc - 0P00018XAR.L (VAFTGAG),2024-11-27,229.52349853515625
Vanguard,0P00018XAR.L,Vanguard FTSE Global All Cp Idx £ Acc - 0P00018XAR.L (VAFTGAG),2024-11-28,229.47799682617188
Vanguard,0P00018XAR.L,Vanguard FTSE Global All Cp Idx £ Acc - 0P00018XAR.L (VAFTGAG),2024-11-29,230.08790588378906
Vanguard,0P00018XAR.L,Vanguard FTSE Global All Cp Idx £ Acc - 0P00018XAR.L (VAFTGAG),2024-11-30,230.08790588378906
Vanguard,0P00018XAR.L,Vanguard FTSE Global All Cp Idx £ Acc - 0P00018XAR.L (VAFTGAG),2024-12-01,230.08790588378906
Vanguard,0P00018XAR.L,Vanguard FTSE Global All Cp Idx £ Acc - 0P00018XAR.L (VAFTGAG),2024-12-02,232.0843048095703
Vanguard,0P00018XAR.L,Vanguard FTSE Global All Cp Idx £ Acc - 0P00018XAR.L (VAFTGAG),2024-12-03,232.37879943847656
Vanguard,0P00018XAR.L,Vanguard FTSE Global All Cp Idx £ Acc - 0P00018XAR.L (VAFTGAG),2024-12-04,232.5128936767578
Vanguard,0P00018XAR.L,Vanguard FTSE Global All Cp Idx £ Acc - 0P00018XAR.L (VAFTGAG),2024-12-05,231.522705078125
Vanguard,0P00018XAR.L,Vanguard FTSE Global All Cp Idx £ Acc - 0P00018XAR.L (VAFTGAG),2024-12-06,232.1739044189453
Vanguard,0P00018XAR.L,Vanguard FTSE Global All Cp Idx £ Acc - 0P00018XAR.L (VAFTGAG),2024-12-07,232.1739044189453
Vanguard,0P00018XAR.L,Vanguard FTSE Global All Cp Idx £ Acc - 0P00018XAR.L (VAFTGAG),2024-12-08,232.1739044189453
Vanguard,0P00018XAR.L,Vanguard FTSE Global All Cp Idx £ Acc - 0P00018XAR.L (VAFTGAG),2024-12-09,230.46380615234375
Vanguard,0P00018XAR.L,Vanguard FTSE Global All Cp Idx £ Acc - 0P00018XAR.L (VAFTGAG),2024-12-10,230.42080688476562
Vanguard,0P00018XAR.L,Vanguard FTSE Global All Cp Idx £ Acc - 0P00018XAR.L (VAFTGAG),2024-12-11,231.49130249023438
Vanguard,0P00018XAR.L,Vanguard FTSE Global All Cp Idx £ Acc - 0P00018XAR.L (VAFTGAG),2024-12-12,231.63710021972656
Vanguard,0P00018XAR.L,Vanguard FTSE Global All Cp Idx £ Acc - 0P00018XAR.L (VAFTGAG),2024-12-13,232.37559509277344
Vanguard,0P00018XAR.L,Vanguard FTSE Global All Cp Idx £ Acc - 0P00018XAR.L (VAFTGAG),2024-12-14,232.37559509277344
Vanguard,0P00018XAR.L,Vanguard FTSE Global All Cp Idx £ Acc - 0P00018XAR.L (VAFTGAG),2024-12-15,232.37559509277344
Vanguard,0P00018XAR.L,Vanguard FTSE Global All Cp Idx £ Acc - 0P00018XAR.L (VAFTGAG),2024-12-16,231.3459014892578
Vanguard,0P00018XAR.L,Vanguard FTSE Global All Cp Idx £ Acc - 0P00018XAR.L (VAFTGAG),2024-12-17,229.86500549316406
Vanguard,0P00018XAR.L,Vanguard FTSE Global All Cp Idx £ Acc - 0P00018XAR.L (VAFTGAG),2024-12-18,225.2664031982422
Vanguard,0P00018XAR.L,Vanguard FTSE Global All Cp Idx £ Acc - 0P00018XAR.L (VAFTGAG),2024-12-19,226.11459350585938
Vanguard,0P00018XAR.L,Vanguard FTSE Global All Cp Idx £ Acc - 0P00018XAR.L (VAFTGAG),2024-12-20,227.50650024414062
Vanguard,0P00018XAR.L,Vanguard FTSE Global All Cp Idx £ Acc - 0P00018XAR.L (VAFTGAG),2024-12-21,227.50650024414062
Vanguard,0P00018XAR.L,Vanguard FTSE Global All Cp Idx £ Acc - 0P00018XAR.L (VAFTGAG),2024-12-22,227.50650024414062
Vanguard,0P00018XAR.L,Vanguard FTSE Global All Cp Idx £ Acc - 0P00018XAR.L (VAFTGAG),2024-12-23,229.19569396972656
Vanguard,0P00018XAR.L,Vanguard FTSE Global All Cp Idx £ Acc - 0P00018XAR.L (VAFTGAG),2024-12-24,230.5802001953125
Vanguard,0P00018XAR.L,Vanguard FTSE Global All Cp Idx £ Acc - 0P00018XAR.L (VAFTGAG),2024-12-25,230.5802001953125
Vanguard,0P00018XAR.L,Vanguard FTSE Global All Cp Idx £ Acc - 0P00018XAR.L (VAFTGAG),2024-12-26,230.5802001953125
Vanguard,0P00018XAR.L,Vanguard FTSE Global All Cp Idx £ Acc - 0P00018XAR.L (VAFTGAG),2024-12-27,228.7635040283203
Vanguard,0P00018XAR.L,Vanguard FTSE Global All Cp Idx £ Acc - 0P00018XAR.L (VAFTGAG),2024-12-28,228.7635040283203
Vanguard,0P00018XAR.L,Vanguard FTSE Global All Cp Idx £ Acc - 0P00018XAR.L (VAFTGAG),2024-12-29,228.7635040283203
Vanguard,0P00018XAR.L,Vanguard FTSE Global All Cp Idx £ Acc - 0P00018XAR.L (VAFTGAG),2024-12-30,228.0050048828125
Vanguard,0P00018XAR.L,Vanguard FTSE Global All Cp Idx £ Acc - 0P00018XAR.L (VAFTGAG),2024-12-31,227.20599365234375
Vanguard,0P00018XAR.L,Vanguard FTSE Global All Cp Idx £ Acc - 0P00018XAR.L (VAFTGAG),2025-01-01,227.20599365234375
Vanguard,0P00018XAR.L,Vanguard FTSE Global All Cp Idx £ Acc - 0P00018XAR.L (VAFTGAG),2025-01-02,229.62179565429688
Vanguard,0P00018XAR.L,Vanguard FTSE Global All Cp Idx £ Acc - 0P00018XAR.L (VAFTGAG),2025-01-03,230.997802734375
Vanguard,0P00018XAR.L,Vanguard FTSE Global All Cp Idx £ Acc - 0P00018XAR.L (VAFTGAG),2025-01-04,230.997802734375
Vanguard,0P00018XAR.L,Vanguard FTSE Global All Cp Idx £ Acc - 0P00018XAR.L (VAFTGAG),2025-01-05,230.997802734375
Vanguard,0P00018XAR.L,Vanguard FTSE Global All Cp Idx £ Acc - 0P00018XAR.L (VAFTGAG),2025-01-06,230.46749877929688
Vanguard,0P00018XAR.L,Vanguard FTSE Global All Cp Idx £ Acc - 0P00018XAR.L (VAFTGAG),2025-01-07,229.23199462890625
Vanguard,0P00018XAR.L,Vanguard FTSE Global All Cp Idx £ Acc - 0P00018XAR.L (VAFTGAG),2025-01-08,231.68829345703125
Vanguard,0P00018XAR.L,Vanguard FTSE Global All Cp Idx £ Acc - 0P00018XAR.L (VAFTGAG),2025-01-09,232.29949951171875
Vanguard,0P00018XAR.L,Vanguard FTSE Global All Cp Idx £ Acc - 0P00018XAR.L (VAFTGAG),2025-01-10,230.49290466308594
Vanguard,0P00018XAR.L,Vanguard FTSE Global All Cp Idx £ Acc - 0P00018XAR.L (VAFTGAG),2025-01-11,230.49290466308594
Vanguard,0P00018XAR.L,Vanguard FTSE Global All Cp Idx £ Acc - 0P00018XAR.L (VAFTGAG),2025-01-12,230.49290466308594
Vanguard,0P00018XAR.L,Vanguard FTSE Global All Cp Idx £ Acc - 0P00018XAR.L (VAFTGAG),2025-01-13,231.3831024169922
Vanguard,0P00018XAR.L,Vanguard FTSE Global All Cp Idx £ Acc - 0P00018XAR.L (VAFTGAG),2025-01-14,231.381103515625
Vanguard,0P00018XAR.L,Vanguard FTSE Global All Cp Idx £ Acc - 0P00018XAR.L (VAFTGAG),2025-01-15,233.79409790039062
Vanguard,0P00018XAR.L,Vanguard FTSE Global All Cp Idx £ Acc - 0P00018XAR.L (VAFTGAG),2025-01-16,234.74249267578125
Vanguard,0P00018XAR.L,Vanguard FTSE Global All Cp Idx £ Acc - 0P00018XAR.L (VAFTGAG),2025-01-17,237.1313934326172
Vanguard,0P00018XAR.L,Vanguard FTSE Global All Cp Idx £ Acc - 0P00018XAR.L (VAFTGAG),2025-01-18,237.1313934326172
Vanguard,0P00018XAR.L,Vanguard FTSE Global All Cp Idx £ Acc - 0P00018XAR.L (VAFTGAG),2025-01-19,237.1313934326172
Vanguard,0P00018XAR.L,Vanguard FTSE Global All Cp Idx £ Acc - 0P00018XAR.L (VAFTGAG),2025-01-20,236.18980407714844
Vanguard,0P00018XAR.L,Vanguard FTSE Global All Cp Idx £ Acc - 0P00018XAR.L (VAFTGAG),2025-01-21,237.75390625
Vanguard,0P00018XAR.L,Vanguard FTSE Global All Cp Idx £ Acc - 0P00018XAR.L (VAFTGAG),2025-01-22,238.45640563964844
Vanguard,0P00018XAR.L,Vanguard FTSE Global All Cp Idx £ Acc - 0P00018XAR.L (VAFTGAG),2025-01-23,239.2427978515625
Vanguard,0P00018XAR.L,Vanguard FTSE Global All Cp Idx £ Acc - 0P00018XAR.L (VAFTGAG),2025-01-24,236.4167022705078
Vanguard,0P00018XAR.L,Vanguard FTSE Global All Cp Idx £ Acc - 0P00018XAR.L (VAFTGAG),2025-01-25,236.4167022705078
Vanguard,0P00018XAR.L,Vanguard FTSE Global All Cp Idx £ Acc - 0P00018XAR.L (VAFTGAG),2025-01-26,236.4167022705078
Vanguard,0P00018XAR.L,Vanguard FTSE Global All Cp Idx £ Acc - 0P00018XAR.L (VAFTGAG),2025-01-27,234.28720092773438
Vanguard,0P00018XAR.L,Vanguard FTSE Global All Cp Idx £ Acc - 0P00018XAR.L (VAFTGAG),2025-01-28,236.20660400390625
Vanguard,0P00018XAR.L,Vanguard FTSE Global All Cp Idx £ Acc - 0P00018XAR.L (VAFTGAG),2025-01-29,235.904296875
Vanguard,0P00018XAR.L,Vanguard FTSE Global All Cp Idx £ Acc - 0P00018XAR.L (VAFTGAG),2025-01-30,236.7957000732422
Vanguard,0P00018XAR.L,Vanguard FTSE Global All Cp Idx £ Acc - 0P00018XAR.L (VAFTGAG),2025-01-31,236.62460327148438
Vanguard,0P00018XAR.L,Vanguard FTSE Global All Cp Idx £ Acc - 0P00018XAR.L (VAFTGAG),2025-02-01,236.62460327148438
Vanguard,0P00018XAR.L,Vanguard FTSE Global All Cp Idx £ Acc - 0P00018XAR.L (VAFTGAG),2025-02-02,236.62460327148438
Vanguard,0P00018XAR.L,Vanguard FTSE Global All Cp Idx £ Acc - 0P00018XAR.L (VAFTGAG),2025-02-03,234.18499755859375
Vanguard,0P00018XAR.L,Vanguard FTSE Global All Cp Idx £ Acc - 0P00018XAR.L (VAFTGAG),2025-02-04,234.98980712890625
Vanguard,0P00018XAR.L,Vanguard FTSE Global All Cp Idx £ Acc - 0P00018XAR.L (VAFTGAG),2025-02-05,235.64190673828125
Vanguard,0P00018XAR.L,Vanguard FTSE Global All Cp Idx £ Acc - 0P00018XAR.L (VAFTGAG),2025-02-06,238.5211944580078
Vanguard,0P00018XAR.L,Vanguard FTSE Global All Cp Idx £ Acc - 0P00018XAR.L (VAFTGAG),2025-02-07,236.88229370117188
Vanguard,0P00018XAR.L,Vanguard FTSE Global All Cp Idx £ Acc - 0P00018XAR.L (VAFTGAG),2025-02-08,236.88229370117188
Vanguard,0P00018XAR.L,Vanguard FTSE Global All Cp Idx £ Acc - 0P00018XAR.L (VAFTGAG),2025-02-09,236.88229370117188
Vanguard,0P00018XAR.L,Vanguard FTSE Global All Cp Idx £ Acc - 0P00018XAR.L (VAFTGAG),2025-02-10,238.54649353027344
Vanguard,0P00018XAR.L,Vanguard FTSE Global All Cp Idx £ Acc - 0P00018XAR.L (VAFTGAG),2025-02-11,238.07359313964844
Vanguard,0P00018XAR.L,Vanguard FTSE Global All Cp Idx £ Acc - 0P00018XAR.L (VAFTGAG),2025-02-12,237.2252960205078
Vanguard,0P00018XAR.L,Vanguard FTSE Global All Cp Idx £ Acc - 0P00018XAR.L (VAFTGAG),2025-02-13,238.1107940673828
Vanguard,0P00018XAR.L,Vanguard FTSE Global All Cp Idx £ Acc - 0P00018XAR.L (VAFTGAG),2025-02-14,236.85360717773438
Vanguard,0P00018XAR.L,Vanguard FTSE Global All Cp Idx £ Acc - 0P00018XAR.L (VAFTGAG),2025-02-15,236.85360717773438
Vanguard,0P00018XAR.L,Vanguard FTSE Global All Cp Idx £ Acc - 0P00018XAR.L (VAFTGAG),2025-02-16,236.85360717773438
Vanguard,0P00018XAR.L,Vanguard FTSE Global All Cp Idx £ Acc - 0P00018XAR.L (VAFTGAG),2025-02-17,237.36309814453125
Vanguard,0P00018XAR.L,Vanguard FTSE Global All Cp Idx £ Acc - 0P00018XAR.L (VAFTGAG),2025-02-18,237.87649536132812
Vanguard,0P00018XAR.L,Vanguard FTSE Global All Cp Idx £ Acc - 0P00018XAR.L (VAFTGAG),2025-02-19,238.04249572753906
Vanguard,0P00018XAR.L,Vanguard FTSE Global All Cp Idx £ Acc - 0P00018XAR.L (VAFTGAG),2025-02-20,236.3267059326172
Vanguard,0P00018XAR.L,Vanguard FTSE Global All Cp Idx £ Acc - 0P00018XAR.L (VAFTGAG),2025-02-21,233.8249053955078
Vanguard,0P00018XAR.L,Vanguard FTSE Global All Cp Idx £ Acc - 0P00018XAR.L (VAFTGAG),2025-02-22,233.8249053955078
Vanguard,0P00018XAR.L,Vanguard FTSE Global All Cp Idx £ Acc - 0P00018XAR.L (VAFTGAG),2025-02-23,233.8249053955078
Vanguard,0P00018XAR.L,Vanguard FTSE Global All Cp Idx £ Acc - 0P00018XAR.L (VAFTGAG),2025-02-24,233.1750030517578
Vanguard,0P00018XAR.L,Vanguard FTSE Global All Cp Idx £ Acc - 0P00018XAR.L (VAFTGAG),2025-02-25,231.535400390625
Vanguard,0P00018XAR.L,Vanguard FTSE Global All Cp Idx £ Acc - 0P00018XAR.L (VAFTGAG),2025-02-26,231.40719604492188
Vanguard,0P00018XAR.L,Vanguard FTSE Global All Cp Idx £ Acc - 0P00018XAR.L (VAFTGAG),2025-02-27,229.6269073486328
Vanguard,0P00018XAR.L,Vanguard FTSE Global All Cp Idx £ Acc - 0P00018XAR.L (VAFTGAG),2025-02-28,231.57749938964844
Vanguard,0P00018XAR.L,Vanguard FTSE Global All Cp Idx £ Acc - 0P00018XAR.L (VAFTGAG),2025-03-01,231.57749938964844
Vanguard,0P00018XAR.L,Vanguard FTSE Global All Cp Idx £ Acc - 0P00018XAR.L (VAFTGAG),2025-03-02,231.57749938964844
Vanguard,0P00018XAR.L,Vanguard FTSE Global All Cp Idx £ Acc - 0P00018XAR.L (VAFTGAG),2025-03-03,227.76060485839844
Vanguard,0P00018XAR.L,Vanguard FTSE Global All Cp Idx £ Acc - 0P00018XAR.L (VAFTGAG),2025-03-04,224.9008026123047
Vanguard,0P00018XAR.L,Vanguard FTSE Global All Cp Idx £ Acc - 0P00018XAR.L (VAFTGAG),2025-03-05,225.64959716796875
Vanguard,0P00018XAR.L,Vanguard FTSE Global All Cp Idx £ Acc - 0P00018XAR.L (VAFTGAG),2025-03-06,223.23849487304688
Vanguard,0P00018XAR.L,Vanguard FTSE Global All Cp Idx £ Acc - 0P00018XAR.L (VAFTGAG),2025-03-07,223.02999877929688
Vanguard,0P00018XAR.L,Vanguard FTSE Global All Cp Idx £ Acc - 0P00018XAR.L (VAFTGAG),2025-03-08,223.02999877929688
Vanguard,0P00018XAR.L,Vanguard FTSE Global All Cp Idx £ Acc - 0P00018XAR.L (VAFTGAG),2025-03-09,223.02999877929688
Vanguard,0P00018XAR.L,Vanguard FTSE Global All Cp Idx £ Acc - 0P00018XAR.L (VAFTGAG),2025-03-10,218.5740966796875
Vanguard,0P00018XAR.L,Vanguard FTSE Global All Cp Idx £ Acc - 0P00018XAR.L (VAFTGAG),2025-03-11,216.3553009033203
Vanguard,0P00018XAR.L,Vanguard FTSE Global All Cp Idx £ Acc - 0P00018XAR.L (VAFTGAG),2025-03-12,217.04730224609375
Vanguard,0P00018XAR.L,Vanguard FTSE Global All Cp Idx £ Acc - 0P00018XAR.L (VAFTGAG),2025-03-13,215.10060119628906
Vanguard,0P00018XAR.L,Vanguard FTSE Global All Cp Idx £ Acc - 0P00018XAR.L (VAFTGAG),2025-03-14,219.40139770507812
Vanguard,0P00018XAR.L,Vanguard FTSE Global All Cp Idx £ Acc - 0P00018XAR.L (VAFTGAG),2025-03-15,219.40139770507812
Vanguard,0P00018XAR.L,Vanguard FTSE Global All Cp Idx £ Acc - 0P00018XAR.L (VAFTGAG),2025-03-16,219.40139770507812
Vanguard,0P00018XAR.L,Vanguard FTSE Global All Cp Idx £ Acc - 0P00018XAR.L (VAFTGAG),2025-03-17,220.2740020751953
Vanguard,0P00018XAR.L,Vanguard FTSE Global All Cp Idx £ Acc - 0P00018XAR.L (VAFTGAG),2025-03-18,219.35789489746094
Vanguard,0P00018XAR.L,Vanguard FTSE Global All Cp Idx £ Acc - 0P00018XAR.L (VAFTGAG),2025-03-19,221.14999389648438
Vanguard,0P00018XAR.L,Vanguard FTSE Global All Cp Idx £ Acc - 0P00018XAR.L (VAFTGAG),2025-03-20,220.55059814453125
Vanguard,0P00018XAR.L,Vanguard FTSE Global All Cp Idx £ Acc - 0P00018XAR.L (VAFTGAG),2025-03-21,221.40060424804688
Vanguard,0P00018XAR.L,Vanguard FTSE Global All Cp Idx £ Acc - 0P00018XAR.L (VAFTGAG),2025-03-22,221.40060424804688
Vanguard,0P00018XAR.L,Vanguard FTSE Global All Cp Idx £ Acc - 0P00018XAR.L (VAFTGAG),2025-03-23,221.40060424804688
Vanguard,0P00018XAR.L,Vanguard FTSE Global All Cp Idx £ Acc - 0P00018XAR.L (VAFTGAG),2025-03-24,223.63290405273438
Vanguard,0P00018XAR.L,Vanguard FTSE Global All Cp Idx £ Acc - 0P00018XAR.L (VAFTGAG),2025-03-25,223.4051055908203
Vanguard,0P00018XAR.L,Vanguard FTSE Global All Cp Idx £ Acc - 0P00018XAR.L (VAFTGAG),2025-03-26,222.60650634765625
Vanguard,0P00018XAR.L,Vanguard FTSE Global All Cp Idx £ Acc - 0P00018XAR.L (VAFTGAG),2025-03-27,220.6468963623047
Vanguard,0P00018XAR.L,Vanguard FTSE Global All Cp Idx £ Acc - 0P00018XAR.L (VAFTGAG),2025-03-28,217.66700744628906
Vanguard,0P00018XAR.L,Vanguard FTSE Global All Cp Idx £ Acc - 0P00018XAR.L (VAFTGAG),2025-03-29,217.66700744628906
Vanguard,0P00018XAR.L,Vanguard FTSE Global All Cp Idx £ Acc - 0P00018XAR.L (VAFTGAG),2025-03-30,217.66700744628906
Vanguard,0P00018XAR.L,Vanguard FTSE Global All Cp Idx £ Acc - 0P00018XAR.L (VAFTGAG),2025-03-31,217.35450744628906
Vanguard,0P00018XAR.L,Vanguard FTSE Global All Cp Idx £ Acc - 0P00018XAR.L (VAFTGAG),2025-04-01,218.38040161132812
Vanguard,0P00018XAR.L,Vanguard FTSE Global All Cp Idx £ Acc - 0P00018XAR.L (VAFTGAG),2025-04-02,218.80569458007812
Vanguard,0P00018XAR.L,Vanguard FTSE Global All Cp Idx £ Acc - 0P00018XAR.L (VAFTGAG),2025-04-03,208.17059326171875
Vanguard,0P00018XAR.L,Vanguard FTSE Global All Cp Idx £ Acc - 0P00018XAR.L (VAFTGAG),2025-04-04,200.71499633789062
Vanguard,0P00018XAR.L,Vanguard FTSE Global All Cp Idx £ Acc - 0P00018XAR.L (VAFTGAG),2025-04-05,200.71499633789062
Vanguard,0P00018XAR.L,Vanguard FTSE Global All Cp Idx £ Acc - 0P00018XAR.L (VAFTGAG),2025-04-06,200.71499633789062
Vanguard,0P00018XAR.L,Vanguard FTSE Global All Cp Idx £ Acc - 0P00018XAR.L (VAFTGAG),2025-04-07,198.31399536132812
Vanguard,0P00018XAR.L,Vanguard FTSE Global All Cp Idx £ Acc - 0P00018XAR.L (VAFTGAG),2025-04-08,197.85450744628906
Vanguard,0P00018XAR.L,Vanguard FTSE Global All Cp Idx £ Acc - 0P00018XAR.L (VAFTGAG),2025-04-09,208.5281982421875
Vanguard,0P00018XAR.L,Vanguard FTSE Global All Cp Idx £ Acc - 0P00018XAR.L (VAFTGAG),2025-04-10,204.0655059814453
Vanguard,0P00018XAR.L,Vanguard FTSE Global All Cp Idx £ Acc - 0P00018XAR.L (VAFTGAG),2025-04-11,205.3415069580078
Vanguard,0P00018XAR.L,Vanguard FTSE Global All Cp Idx £ Acc - 0P00018XAR.L (VAFTGAG),2025-04-12,205.3415069580078
Vanguard,0P00018XAR.L,Vanguard FTSE Global All Cp Idx £ Acc - 0P00018XAR.L (VAFTGAG),2025-04-13,205.3415069580078
Vanguard,0P00018XAR.L,Vanguard FTSE Global All Cp Idx £ Acc - 0P00018XAR.L (VAFTGAG),2025-04-14,205.96189880371094
Vanguard,0P00018XAR.L,Vanguard FTSE Global All Cp Idx £ Acc - 0P00018XAR.L (VAFTGAG),2025-04-15,205.76600646972656
Vanguard,0P00018XAR.L,Vanguard FTSE Global All Cp Idx £ Acc - 0P00018XAR.L (VAFTGAG),2025-04-16,202.73739624023438
Vanguard,0P00018XAR.L,Vanguard FTSE Global All Cp Idx £ Acc - 0P00018XAR.L (VAFTGAG),2025-04-17,203.6555938720703
Vanguard,0P00018XAR.L,Vanguard FTSE Global All Cp Idx £ Acc - 0P00018XAR.L (VAFTGAG),2025-04-18,203.6555938720703
Vanguard,0P00018XAR.L,Vanguard FTSE Global All Cp Idx £ Acc - 0P00018XAR.L (VAFTGAG),2025-04-19,203.6555938720703
Vanguard,0P00018XAR.L,Vanguard FTSE Global All Cp Idx £ Acc - 0P00018XAR.L (VAFTGAG),2025-04-20,203.6555938720703
Vanguard,0P00018XAR.L,Vanguard FTSE Global All Cp Idx £ Acc - 0P00018XAR.L (VAFTGAG),2025-04-21,203.6555938720703
Vanguard,0P00018XAR.L,Vanguard FTSE Global All Cp Idx £ Acc - 0P00018XAR.L (VAFTGAG),2025-04-22,202.40640258789062
Vanguard,0P00018XAR.L,Vanguard FTSE Global All Cp Idx £ Acc - 0P00018XAR.L (VAFTGAG),2025-04-23,206.97979736328125
Vanguard,0P00018XAR.L,Vanguard FTSE Global All Cp Idx £ Acc - 0P00018XAR.L (VAFTGAG),2025-04-24,209.29339599609375
Vanguard,0P00018XAR.L,Vanguard FTSE Global All Cp Idx £ Acc - 0P00018XAR.L (VAFTGAG),2025-04-25,210.47959899902344
Vanguard,0P00018XAR.L,Vanguard FTSE Global All Cp Idx £ Acc - 0P00018XAR.L (VAFTGAG),2025-04-26,210.47959899902344
Vanguard,0P00018XAR.L,Vanguard FTSE Global All Cp Idx £ Acc - 0P00018XAR.L (VAFTGAG),2025-04-27,210.47959899902344
Vanguard,0P00018XAR.L,Vanguard FTSE Global All Cp Idx £ Acc - 0P00018XAR.L (VAFTGAG),2025-04-28,209.90269470214844
Vanguard,0P00018XAR.L,Vanguard FTSE Global All Cp Idx £ Acc - 0P00018XAR.L (VAFTGAG),2025-04-29,210.9687042236328
Vanguard,0P00018XAR.L,Vanguard FTSE Global All Cp Idx £ Acc - 0P00018XAR.L (VAFTGAG),2025-04-30,211.9969940185547
Vanguard,0P00018XAR.L,Vanguard FTSE Global All Cp Idx £ Acc - 0P00018XAR.L (VAFTGAG),2025-05-01,213.3314971923828
Vanguard,0P00018XAR.L,Vanguard FTSE Global All Cp Idx £ Acc - 0P00018XAR.L (VAFTGAG),2025-05-02,216.60389709472656
Vanguard,0P00018XAR.L,Vanguard FTSE Global All Cp Idx £ Acc - 0P00018XAR.L (VAFTGAG),2025-05-03,216.60389709472656
Vanguard,0P00018XAR.L,Vanguard FTSE Global All Cp Idx £ Acc - 0P00018XAR.L (VAFTGAG),2025-05-04,216.60389709472656
Vanguard,0P00018XAR.L,Vanguard FTSE Global All Cp Idx £ Acc - 0P00018XAR.L (VAFTGAG),2025-05-05,216.60389709472656
Vanguard,0P00018XAR.L,Vanguard FTSE Global All Cp Idx £ Acc - 0P00018XAR.L (VAFTGAG),2025-05-06,214.07980346679688
Vanguard,0P00018XAR.L,Vanguard FTSE Global All Cp Idx £ Acc - 0P00018XAR.L (VAFTGAG),2025-05-07,214.70809936523438
Vanguard,0P00018XAR.L,Vanguard FTSE Global All Cp Idx £ Acc - 0P00018XAR.L (VAFTGAG),2025-05-08,216.1947021484375
Vanguard,0P00018XAR.L,Vanguard FTSE Global All Cp Idx £ Acc - 0P00018XAR.L (VAFTGAG),2025-05-09,216.63900756835938
Vanguard,0P00018XAR.L,Vanguard FTSE Global All Cp Idx £ Acc - 0P00018XAR.L (VAFTGAG),2025-05-10,216.63900756835938
Vanguard,0P00018XAR.L,Vanguard FTSE Global All Cp Idx £ Acc - 0P00018XAR.L (VAFTGAG),2025-05-11,216.63900756835938
Vanguard,0P00018XAR.L,Vanguard FTSE Global All Cp Idx £ Acc - 0P00018XAR.L (VAFTGAG),2025-05-12,223.0229034423828
Vanguard,0P00018XAR.L,Vanguard FTSE Global All Cp Idx £ Acc - 0P00018XAR.L (VAFTGAG),2025-05-13,223.45599365234375
Vanguard,0P00018XAR.L,Vanguard FTSE Global All Cp Idx £ Acc - 0P00018XAR.L (VAFTGAG),2025-05-14,223.3321990966797
Vanguard,0P00018XAR.L,Vanguard FTSE Global All Cp Idx £ Acc - 0P00018XAR.L (VAFTGAG),2025-05-15,224.372802734375
Vanguard,0P00018XAR.L,Vanguard FTSE Global All Cp Idx £ Acc - 0P00018XAR.L (VAFTGAG),2025-05-16,225.7700958251953
Vanguard,0P00018XAR.L,Vanguard FTSE Global All Cp Idx £ Acc - 0P00018XAR.L (VAFTGAG),2025-05-17,225.7700958251953
Vanguard,0P00018XAR.L,Vanguard FTSE Global All Cp Idx £ Acc - 0P00018XAR.L (VAFTGAG),2025-05-18,225.7700958251953
Vanguard,0P00018XAR.L,Vanguard FTSE Global All Cp Idx £ Acc - 0P00018XAR.L (VAFTGAG),2025-05-19,224.52960205078125
Vanguard,0P00018XAR.L,Vanguard FTSE Global All Cp Idx £ Acc - 0P00018XAR.L (VAFTGAG),2025-05-20,224.33909606933594
Vanguard,0P00018XAR.L,Vanguard FTSE Global All Cp Idx £ Acc - 0P00018XAR.L (VAFTGAG),2025-05-21,221.31309509277344
Vanguard,0P00018XAR.L,Vanguard FTSE Global All Cp Idx £ Acc - 0P00018XAR.L (VAFTGAG),2025-05-22,220.72659301757812
Vanguard,0P00018XAR.L,Vanguard FTSE Global All Cp Idx £ Acc - 0P00018XAR.L (VAFTGAG),2025-05-23,218.9781036376953
Vanguard,0P00018XAR.L,Vanguard FTSE Global All Cp Idx £ Acc - 0P00018XAR.L (VAFTGAG),2025-05-24,218.9781036376953
Vanguard,0P00018XAR.L,Vanguard FTSE Global All Cp Idx £ Acc - 0P00018XAR.L (VAFTGAG),2025-05-25,218.9781036376953
Vanguard,0P00018XAR.L,Vanguard FTSE Global All Cp Idx £ Acc - 0P00018XAR.L (VAFTGAG),2025-05-26,218.9781036376953
Vanguard,0P00018XAR.L,Vanguard FTSE Global All Cp Idx £ Acc - 0P00018XAR.L (VAFTGAG),2025-05-27,221.83509826660156
Vanguard,0P00018XAR.L,Vanguard FTSE Global All Cp Idx £ Acc - 0P00018XAR.L (VAFTGAG),2025-05-28,221.45449829101562
Vanguard,0P00018XAR.L,Vanguard FTSE Global All Cp Idx £ Acc - 0P00018XAR.L (VAFTGAG),2025-05-29,222.24440002441406
Vanguard,0P00018XAR.L,Vanguard FTSE Global All Cp Idx £ Acc - 0P00018XAR.L (VAFTGAG),2025-05-30,222.0045928955078
Vanguard,0P00018XAR.L,Vanguard FTSE Global All Cp Idx £ Acc - 0P00018XAR.L (VAFTGAG),2025-05-31,222.0045928955078
Vanguard,0P00018XAR.L,Vanguard FTSE Global All Cp Idx £ Acc - 0P00018XAR.L (VAFTGAG),2025-06-01,222.0045928955078
Vanguard,0P00018XAR.L,Vanguard FTSE Global All Cp Idx £ Acc - 0P00018XAR.L (VAFTGAG),2025-06-02,221.7113037109375
Vanguard,0P00018XAR.L,Vanguard FTSE Global All Cp Idx £ Acc - 0P00018XAR.L (VAFTGAG),2025-06-03,222.92320251464844
Vanguard,0P00018XAR.L,Vanguard FTSE Global All Cp Idx £ Acc - 0P00018XAR.L (VAFTGAG),2025-06-04,222.9228057861328
Vanguard,0P00018XAR.L,Vanguard FTSE Global All Cp Idx £ Acc - 0P00018XAR.L (VAFTGAG),2025-06-05,222.2449951171875
Vanguard,0P00018XAR.L,Vanguard FTSE Global All Cp Idx £ Acc - 0P00018XAR.L (VAFTGAG),2025-06-06,224.5782012939453
Vanguard,0P00018XAR.L,Vanguard FTSE Global All Cp Idx £ Acc - 0P00018XAR.L (VAFTGAG),2025-06-07,224.5782012939453
Vanguard,0P00018XAR.L,Vanguard FTSE Global All Cp Idx £ Acc - 0P00018XAR.L (VAFTGAG),2025-06-08,224.5782012939453
Vanguard,0P00018XAR.L,Vanguard FTSE Global All Cp Idx £ Acc - 0P00018XAR.L (VAFTGAG),2025-06-09,224.77040100097656
Vanguard,0P00018XAR.L,Vanguard FTSE Global All Cp Idx £ Acc - 0P00018XAR.L (VAFTGAG),2025-06-10,226.23440551757812
Vanguard,0P00018XAR.L,Vanguard FTSE Global All Cp Idx £ Acc - 0P00018XAR.L (VAFTGAG),2025-06-11,225.7642059326172
Vanguard,0P00018XAR.L,Vanguard FTSE Global All Cp Idx £ Acc - 0P00018XAR.L (VAFTGAG),2025-06-12,225.43240356445312
Vanguard,0P00018XAR.L,Vanguard FTSE Global All Cp Idx £ Acc - 0P00018XAR.L (VAFTGAG),2025-06-13,223.20249938964844
Vanguard,0P00018XAR.L,Vanguard FTSE Global All Cp Idx £ Acc - 0P00018XAR.L (VAFTGAG),2025-06-14,223.20249938964844
Vanguard,0P00018XAR.L,Vanguard FTSE Global All Cp Idx £ Acc - 0P00018XAR.L (VAFTGAG),2025-06-15,223.20249938964844
Vanguard,0P00018XAR.L,Vanguard FTSE Global All Cp Idx £ Acc - 0P00018XAR.L (VAFTGAG),2025-06-16,224.8762969970703
Vanguard,0P00018XAR.L,Vanguard FTSE Global All Cp Idx £ Acc - 0P00018XAR.L (VAFTGAG),2025-06-17,224.47950744628906
Vanguard,0P00018XAR.L,Vanguard FTSE Global All Cp Idx £ Acc - 0P00018XAR.L (VAFTGAG),2025-06-18,225.37130737304688
Vanguard,0P00018XAR.L,Vanguard FTSE Global All Cp Idx £ Acc - 0P00018XAR.L (VAFTGAG),2025-06-19,224.78689575195312
Vanguard,0P00018XAR.L,Vanguard FTSE Global All Cp Idx £ Acc - 0P00018XAR.L (VAFTGAG),2025-06-20,224.1573944091797
Vanguard,0P00018XAR.L,Vanguard FTSE Global All Cp Idx £ Acc - 0P00018XAR.L (VAFTGAG),2025-06-21,224.1573944091797
Vanguard,0P00018XAR.L,Vanguard FTSE Global All Cp Idx £ Acc - 0P00018XAR.L (VAFTGAG),2025-06-22,224.1573944091797
Vanguard,0P00018XAR.L,Vanguard FTSE Global All Cp Idx £ Acc - 0P00018XAR.L (VAFTGAG),2025-06-23,224.82620239257812
Vanguard,0P00018XAR.L,Vanguard FTSE Global All Cp Idx £ Acc - 0P00018XAR.L (VAFTGAG),2025-06-24,225.91090393066406
Vanguard,0P00018XAR.L,Vanguard FTSE Global All Cp Idx £ Acc - 0P00018XAR.L (VAFTGAG),2025-06-25,225.56829833984375
Vanguard,0P00018XAR.L,Vanguard FTSE Global All Cp Idx £ Acc - 0P00018XAR.L (VAFTGAG),2025-06-26,225.7418975830078
Vanguard,0P00018XAR.L,Vanguard FTSE Global All Cp Idx £ Acc - 0P00018XAR.L (VAFTGAG),2025-06-27,227.2633056640625
Vanguard,0P00018XAR.L,Vanguard FTSE Global All Cp Idx £ Acc - 0P00018XAR.L (VAFTGAG),2025-06-28,227.2633056640625
Vanguard,0P00018XAR.L,Vanguard FTSE Global All Cp Idx £ Acc - 0P00018XAR.L (VAFTGAG),2025-06-29,227.2633056640625
Vanguard,0P00018XAR.L,Vanguard FTSE Global All Cp Idx £ Acc - 0P00018XAR.L (VAFTGAG),2025-06-30,228.22039794921875
Vanguard,0P00018XAR.L,Vanguard FTSE Global All Cp Idx £ Acc - 0P00018XAR.L (VAFTGAG),2025-07-01,228.06239318847656
Vanguard,0P00018XAR.L,Vanguard FTSE Global All Cp Idx £ Acc - 0P00018XAR.L (VAFTGAG),2025-07-02,230.9501953125
Vanguard,0P00018XAR.L,Vanguard FTSE Global All Cp Idx £ Acc - 0P00018XAR.L (VAFTGAG),2025-07-03,231.57899475097656
Vanguard,0P00018XAR.L,Vanguard FTSE Global All Cp Idx £ Acc - 0P00018XAR.L (VAFTGAG),2025-07-04,231.4696044921875
Vanguard,0P00018XAR.L,Vanguard FTSE Global All Cp Idx £ Acc - 0P00018XAR.L (VAFTGAG),2025-07-05,231.4696044921875
Vanguard,0P00018XAR.L,Vanguard FTSE Global All Cp Idx £ Acc - 0P00018XAR.L (VAFTGAG),2025-07-06,231.4696044921875
Vanguard,0P00018XAR.L,Vanguard FTSE Global All Cp Idx £ Acc - 0P00018XAR.L (VAFTGAG),2025-07-07,230.06680297851562
Vanguard,0P00018XAR.L,Vanguard FTSE Global All Cp Idx £ Acc - 0P00018XAR.L (VAFTGAG),2025-07-08,231.55020141601562
Vanguard,0P00018XAR.L,Vanguard FTSE Global All Cp Idx £ Acc - 0P00018XAR.L (VAFTGAG),2025-07-09,232.07139587402344
Vanguard,0P00018XAR.L,Vanguard FTSE Global All Cp Idx £ Acc - 0P00018XAR.L (VAFTGAG),2025-07-10,233.18739318847656
Vanguard,0P00018XAR.L,Vanguard FTSE Global All Cp Idx £ Acc - 0P00018XAR.L (VAFTGAG),2025-07-11,233.06900024414062
Vanguard,0P00018XAR.L,Vanguard FTSE Global All Cp Idx £ Acc - 0P00018XAR.L (VAFTGAG),2025-07-12,233.06900024414062
Vanguard,0P00018XAR.L,Vanguard FTSE Global All Cp Idx £ Acc - 0P00018XAR.L (VAFTGAG),2025-07-13,233.06900024414062
Vanguard,0P00018XAR.L,Vanguard FTSE Global All Cp Idx £ Acc - 0P00018XAR.L (VAFTGAG),2025-07-14,234.35740661621094
Vanguard,0P00018XAR.L,Vanguard FTSE Global All Cp Idx £ Acc - 0P00018XAR.L (VAFTGAG),2025-07-15,234.26400756835938
Vanguard,0P00018XAR.L,Vanguard FTSE Global All Cp Idx £ Acc - 0P00018XAR.L (VAFTGAG),2025-07-16,234.51840209960938
Vanguard,0P00018XAR.L,Vanguard FTSE Global All Cp Idx £ Acc - 0P00018XAR.L (VAFTGAG),2025-07-17,235.66419982910156
Vanguard,0P00018XAR.L,Vanguard FTSE Global All Cp Idx £ Acc - 0P00018XAR.L (VAFTGAG),2025-07-18,235.50360107421875
Vanguard,0P00018XAR.L,Vanguard FTSE Global All Cp Idx £ Acc - 0P00018XAR.L (VAFTGAG),2025-07-19,235.50360107421875
Vanguard,0P00018XAR.L,Vanguard FTSE Global All Cp Idx £ Acc - 0P00018XAR.L (VAFTGAG),2025-07-20,235.50360107421875
Vanguard,0P00018XAR.L,Vanguard FTSE Global All Cp Idx £ Acc - 0P00018XAR.L (VAFTGAG),2025-07-21,234.9969940185547
Vanguard,0P00018XAR.L,Vanguard FTSE Global All Cp Idx £ Acc - 0P00018XAR.L (VAFTGAG),2025-07-22,235.00369262695312
Vanguard,0P00018XAR.L,Vanguard FTSE Global All Cp Idx £ Acc - 0P00018XAR.L (VAFTGAG),2025-07-23,236.4095001220703
Vanguard,0P00018XAR.L,Vanguard FTSE Global All Cp Idx £ Acc - 0P00018XAR.L (VAFTGAG),2025-07-24,237.12669372558594
Vanguard,0P00018XAR.L,Vanguard FTSE Global All Cp Idx £ Acc - 0P00018XAR.L (VAFTGAG),2025-07-25,239.04249572753906
Vanguard,0P00018XAR.L,Vanguard FTSE Global All Cp Idx £ Acc - 0P00018XAR.L (VAFTGAG),2025-07-26,239.04249572753906
Vanguard,0P00018XAR.L,Vanguard FTSE Global All Cp Idx £ Acc - 0P00018XAR.L (VAFTGAG),2025-07-27,239.04249572753906
Vanguard,0P00018XAR.L,Vanguard FTSE Global All Cp Idx £ Acc - 0P00018XAR.L (VAFTGAG),2025-07-28,238.80560302734375
Vanguard,0P00018XAR.L,Vanguard FTSE Global All Cp Idx £ Acc - 0P00018XAR.L (VAFTGAG),2025-07-29,239.41990661621094
Vanguard,0P00018XAR.L,Vanguard FTSE Global All Cp Idx £ Acc - 0P00018XAR.L (VAFTGAG),2025-07-30,239.68080139160156
Vanguard,0P00018XAR.L,Vanguard FTSE Global All Cp Idx £ Acc - 0P00018XAR.L (VAFTGAG),2025-07-31,239.46240234375
Vanguard,0P00018XAR.L,Vanguard FTSE Global All Cp Idx £ Acc - 0P00018XAR.L (VAFTGAG),2025-08-01,235.93409729003906
Vanguard,0P00018XAR.L,Vanguard FTSE Global All Cp Idx £ Acc - 0P00018XAR.L (VAFTGAG),2025-08-02,235.93409729003906
Vanguard,0P00018XAR.L,Vanguard FTSE Global All Cp Idx £ Acc - 0P00018XAR.L (VAFTGAG),2025-08-03,235.93409729003906
Vanguard,0P00018XAR.L,Vanguard FTSE Global All Cp Idx £ Acc - 0P00018XAR.L (VAFTGAG),2025-08-04,238.1864013671875
Vanguard,0P00018XAR.L,Vanguard FTSE Global All Cp Idx £ Acc - 0P00018XAR.L (VAFTGAG),2025-08-05,238.0500946044922
Vanguard,0P00018XAR.L,Vanguard FTSE Global All Cp Idx £ Acc - 0P00018XAR.L (VAFTGAG),2025-08-06,238.74110412597656
Vanguard,0P00018XAR.L,Vanguard FTSE Global All Cp Idx £ Acc - 0P00018XAR.L (VAFTGAG),2025-08-07,238.01950073242188
Vanguard,0P00018XAR.L,Vanguard FTSE Global All Cp Idx £ Acc - 0P00018XAR.L (VAFTGAG),2025-08-08,238.5509033203125
Vanguard,0P00018XAR.L,Vanguard FTSE Global All Cp Idx £ Acc - 0P00018XAR.L (VAFTGAG),2025-08-09,238.5509033203125
Vanguard,0P00018XAR.L,Vanguard FTSE Global All Cp Idx £ Acc - 0P00018XAR.L (VAFTGAG),2025-08-10,238.5509033203125
Vanguard,0P00018XAR.L,Vanguard FTSE Global All Cp Idx £ Acc - 0P00018XAR.L (VAFTGAG),2025-08-11,238.52699279785156
Vanguard,0P00018XAR.L,Vanguard FTSE Global All Cp Idx £ Acc - 0P00018XAR.L (VAFTGAG),2025-08-12,239.48590087890625
Vanguard,0P00018XAR.L,Vanguard FTSE Global All Cp Idx £ Acc - 0P00018XAR.L (VAFTGAG),2025-08-13,239.67959594726562
Vanguard,0P00018XAR.L,Vanguard FTSE Global All Cp Idx £ Acc - 0P00018XAR.L (VAFTGAG),2025-08-14,239.52999877929688
Vanguard,0P00018XAR.L,Vanguard FTSE Global All Cp Idx £ Acc - 0P00018XAR.L (VAFTGAG),2025-08-15,239.55540466308594
Vanguard,0P00018XAR.L,Vanguard FTSE Global All Cp Idx £ Acc - 0P00018XAR.L (VAFTGAG),2025-08-16,239.55540466308594
Vanguard,0P00018XAR.L,Vanguard FTSE Global All Cp Idx £ Acc - 0P00018XAR.L (VAFTGAG),2025-08-17,239.55540466308594
Vanguard,0P00018XAR.L,Vanguard FTSE Global All Cp Idx £ Acc - 0P00018XAR.L (VAFTGAG),2025-08-18,240.2030029296875
Vanguard,0P00018XAR.L,Vanguard FTSE Global All Cp Idx £ Acc - 0P00018XAR.L (VAFTGAG),2025-08-19,239.67909240722656
Vanguard,0P00018XAR.L,Vanguard FTSE Global All Cp Idx £ Acc - 0P00018XAR.L (VAFTGAG),2025-08-20,239.6450958251953
Vanguard,0P00018XAR.L,Vanguard FTSE Global All Cp Idx £ Acc - 0P00018XAR.L (VAFTGAG),2025-08-21,239.73179626464844
Vanguard,0P00018XAR.L,Vanguard FTSE Global All Cp Idx £ Acc - 0P00018XAR.L (VAFTGAG),2025-08-22,241.42140197753906
Vanguard,0P00018XAR.L,Vanguard FTSE Global All Cp Idx £ Acc - 0P00018XAR.L (VAFTGAG),2025-08-23,241.42140197753906
Vanguard,0P00018XAR.L,Vanguard FTSE Global All Cp Idx £ Acc - 0P00018XAR.L (VAFTGAG),2025-08-24,241.42140197753906
Vanguard,0P00018XAR.L,Vanguard FTSE Global All Cp Idx £ Acc - 0P00018XAR.L (VAFTGAG),2025-08-25,241.42140197753906
Vanguard,0P00018XAR.L,Vanguard FTSE Global All Cp Idx £ Acc - 0P00018XAR.L (VAFTGAG),2025-08-26,241.55479431152344
Vanguard,0P00018XAR.L,Vanguard FTSE Global All Cp Idx £ Acc - 0P00018XAR.L (VAFTGAG),2025-08-27,242.03070068359375
Vanguard,0P00018XAR.L,Vanguard FTSE Global All Cp Idx £ Acc - 0P00018XAR.L (VAFTGAG),2025-08-28,241.9447021484375
Vanguard,0P00018XAR.L,Vanguard FTSE Global All Cp Idx £ Acc - 0P00018XAR.L (VAFTGAG),2025-08-29,240.8708038330078
Vanguard,0P00018XAR.L,Vanguard FTSE Global All Cp Idx £ Acc - 0P00018XAR.L (VAFTGAG),2025-08-30,240.8708038330078
Vanguard,0P00018XAR.L,Vanguard FTSE Global All Cp Idx £ Acc - 0P00018XAR.L (VAFTGAG),2025-08-31,240.8708038330078
Vanguard,0P00018XAR.L,Vanguard FTSE Global All Cp Idx £ Acc - 0P00018XAR.L (VAFTGAG),2025-09-01,240.31419372558594
Vanguard,0P00018XAR.L,Vanguard FTSE Global All Cp Idx £ Acc - 0P00018XAR.L (VAFTGAG),2025-09-02,241.2310028076172
Vanguard,0P00018XAR.L,Vanguard FTSE Global All Cp Idx £ Acc - 0P00018XAR.L (VAFTGAG),2025-09-03,241.34750366210938
Vanguard,0P00018XAR.L,Vanguard FTSE Global All Cp Idx £ Acc - 0P00018XAR.L (VAFTGAG),2025-09-04,242.9510040283203
Vanguard,0P00018XAR.L,Vanguard FTSE Global All Cp Idx £ Acc - 0P00018XAR.L (VAFTGAG),2025-09-05,241.8856964111328
Vanguard,0P00018XAR.L,Vanguard FTSE Global All Cp Idx £ Acc - 0P00018XAR.L (VAFTGAG),2025-09-06,241.8856964111328
Vanguard,0P00018XAR.L,Vanguard FTSE Global All Cp Idx £ Acc - 0P00018XAR.L (VAFTGAG),2025-09-07,241.8856964111328
Vanguard,0P00018XAR.L,Vanguard FTSE Global All Cp Idx £ Acc - 0P00018XAR.L (VAFTGAG),2025-09-08,242.49200439453125
Vanguard,0P00018XAR.L,Vanguard FTSE Global All Cp Idx £ Acc - 0P00018XAR.L (VAFTGAG),2025-09-09,242.9398956298828
Vanguard,0P00018XAR.L,Vanguard FTSE Global All Cp Idx £ Acc - 0P00018XAR.L (VAFTGAG),2025-09-10,243.47669982910156
Vanguard,0P00018XAR.L,Vanguard FTSE Global All Cp Idx £ Acc - 0P00018XAR.L (VAFTGAG),2025-09-11,245.09629821777344
Vanguard,0P00018XAR.L,Vanguard FTSE Global All Cp Idx £ Acc - 0P00018XAR.L (VAFTGAG),2025-09-12,245.15049743652344
Vanguard,0P00018XAR.L,Vanguard FTSE Global All Cp Idx £ Acc - 0P00018XAR.L (VAFTGAG),2025-09-13,245.15049743652344
Vanguard,0P00018XAR.L,Vanguard FTSE Global All Cp Idx £ Acc - 0P00018XAR.L (VAFTGAG),2025-09-14,245.15049743652344
Vanguard,0P00018XAR.L,Vanguard FTSE Global All Cp Idx £ Acc - 0P00018XAR.L (VAFTGAG),2025-09-15,245.69960021972656
Vanguard,0P00018XAR.L,Vanguard FTSE Global All Cp Idx £ Acc - 0P00018XAR.L (VAFTGAG),2025-09-16,244.5886993408203
Vanguard,0P00018XAR.L,Vanguard FTSE Global All Cp Idx £ Acc - 0P00018XAR.L (VAFTGAG),2025-09-17,244.443603515625
Vanguard,0P00018XAR.L,Vanguard FTSE Global All Cp Idx £ Acc - 0P00018XAR.L (VAFTGAG),2025-09-18,247.1540985107422
Vanguard,0P00018XAR.L,Vanguard FTSE Global All Cp Idx £ Acc - 0P00018XAR.L (VAFTGAG),2025-09-19,248.8905029296875
Vanguard,0P00018XAR.L,Vanguard FTSE Global All Cp Idx £ Acc - 0P00018XAR.L (VAFTGAG),2025-09-20,248.8905029296875
Vanguard,0P00018XAR.L,Vanguard FTSE Global All Cp Idx £ Acc - 0P00018XAR.L (VAFTGAG),2025-09-21,248.8905029296875
Vanguard,0P00018XAR.L,Vanguard FTSE Global All Cp Idx £ Acc - 0P00018XAR.L (VAFTGAG),2025-09-22,249.40330505371094
Vanguard,0P00018XAR.L,Vanguard FTSE Global All Cp Idx £ Acc - 0P00018XAR.L (VAFTGAG),2025-09-23,248.18789672851562
Vanguard,0P00018XAR.L,Vanguard FTSE Global All Cp Idx £ Acc - 0P00018XAR.L (VAFTGAG),2025-09-24,248.6654052734375
Vanguard,0P00018XAR.L,Vanguard FTSE Global All Cp Idx £ Acc - 0P00018XAR.L (VAFTGAG),2025-09-25,249.068603515625
Vanguard,0P00018XAR.L,Vanguard FTSE Global All Cp Idx £ Acc - 0P00018XAR.L (VAFTGAG),2025-09-26,248.99090576171875
Vanguard,0P00018XAR.L,Vanguard FTSE Global All Cp Idx £ Acc - 0P00018XAR.L (VAFTGAG),2025-09-27,248.99090576171875
Vanguard,0P00018XAR.L,Vanguard FTSE Global All Cp Idx £ Acc - 0P00018XAR.L (VAFTGAG),2025-09-28,248.99090576171875
Vanguard,0P00018XAR.L,Vanguard FTSE Global All Cp Idx £ Acc - 0P00018XAR.L (VAFTGAG),2025-09-29,249.70309448242188
Vanguard,0P00018XAR.L,Vanguard FTSE Global All Cp Idx £ Acc - 0P00018XAR.L (VAFTGAG),2025-09-30,249.9709930419922
Vanguard,0P00018XAR.L,Vanguard FTSE Global All Cp Idx £ Acc - 0P00018XAR.L (VAFTGAG),2025-10-01,250.093994140625
Vanguard,0P00018XAR.L,Vanguard FTSE Global All Cp Idx £ Acc - 0P00018XAR.L (VAFTGAG),2025-10-02,252.22149658203125
Vanguard,0P00018XAR.L,Vanguard FTSE Global All Cp Idx £ Acc - 0P00018XAR.L (VAFTGAG),2025-10-03,251.97039794921875
Vanguard,0P00018XAR.L,Vanguard FTSE Global All Cp Idx £ Acc - 0P00018XAR.L (VAFTGAG),2025-10-04,251.97039794921875
Vanguard,0P00018XAR.L,Vanguard FTSE Global All Cp Idx £ Acc - 0P00018XAR.L (VAFTGAG),2025-10-05,251.97039794921875
Vanguard,0P00018XAR.L,Vanguard FTSE Global All Cp Idx £ Acc - 0P00018XAR.L (VAFTGAG),2025-10-06,252.539306640625
Vanguard,0P00018XAR.L,Vanguard FTSE Global All Cp Idx £ Acc - 0P00018XAR.L (VAFTGAG),2025-10-07,252.32200622558594
Vanguard,0P00018XAR.L,Vanguard FTSE Global All Cp Idx £ Acc - 0P00018XAR.L (VAFTGAG),2025-10-08,253.5428924560547
Vanguard,0P00018XAR.L,Vanguard FTSE Global All Cp Idx £ Acc - 0P00018XAR.L (VAFTGAG),2025-10-09,254.5261993408203
Vanguard,0P00018XAR.L,Vanguard FTSE Global All Cp Idx £ Acc - 0P00018XAR.L (VAFTGAG),2025-10-10,249.65960693359375
Vanguard,0P00018XAR.L,Vanguard FTSE Global All Cp Idx £ Acc - 0P00018XAR.L (VAFTGAG),2025-10-11,249.65960693359375
Vanguard,0P00018XAR.L,Vanguard FTSE Global All Cp Idx £ Acc - 0P00018XAR.L (VAFTGAG),2025-10-12,249.65960693359375
Vanguard,0P00018XAR.L,Vanguard FTSE Global All Cp Idx £ Acc - 0P00018XAR.L (VAFTGAG),2025-10-13,251.5207977294922
Vanguard,0P00018XAR.L,Vanguard FTSE Global All Cp Idx £ Acc - 0P00018XAR.L (VAFTGAG),2025-10-14,251.47889709472656
Vanguard,0P00018XAR.L,Vanguard FTSE Global All Cp Idx £ Acc - 0P00018XAR.L (VAFTGAG),2025-10-15,252.1186065673828
Vanguard,0P00018XAR.L,Vanguard FTSE Global All Cp Idx £ Acc - 0P00018XAR.L (VAFTGAG),2025-10-16,250.45140075683594
Vanguard,0P00018XAR.L,Vanguard FTSE Global All Cp Idx £ Acc - 0P00018XAR.L (VAFTGAG),2025-10-17,250.9405975341797
Vanguard,0P00018XAR.L,Vanguard FTSE Global All Cp Idx £ Acc - 0P00018XAR.L (VAFTGAG),2025-10-18,250.9405975341797
Vanguard,0P00018XAR.L,Vanguard FTSE Global All Cp Idx £ Acc - 0P00018XAR.L (VAFTGAG),2025-10-19,250.9405975341797
Vanguard,0P00018XAR.L,Vanguard FTSE Global All Cp Idx £ Acc - 0P00018XAR.L (VAFTGAG),2025-10-20,253.48300170898438
Vanguard,0P00018XAR.L,Vanguard FTSE Global All Cp Idx £ Acc - 0P00018XAR.L (VAFTGAG),2025-10-21,254.06289672851562
Vanguard,0P00018XAR.L,Vanguard FTSE Global All Cp Idx £ Acc - 0P00018XAR.L (VAFTGAG),2025-10-22,253.3636932373047
Vanguard,0P00018XAR.L,Vanguard FTSE Global All Cp Idx £ Acc - 0P00018XAR.L (VAFTGAG),2025-10-23,255.1903076171875
Vanguard,0P00018XAR.L,Vanguard FTSE Global All Cp Idx £ Acc - 0P00018XAR.L (VAFTGAG),2025-10-24,257.2239990234375
Vanguard,0P00018XAR.L,Vanguard FTSE Global All Cp Idx £ Acc - 0P00018XAR.L (VAFTGAG),2025-10-25,257.2239990234375
Vanguard,0P00018XAR.L,Vanguard FTSE Global All Cp Idx £ Acc - 0P00018XAR.L (VAFTGAG),2025-10-26,257.2239990234375
Vanguard,0P00018XAR.L,Vanguard FTSE Global All Cp Idx £ Acc - 0P00018XAR.L (VAFTGAG),2025-10-27,259.3843078613281
Vanguard,0P00018XAR.L,Vanguard FTSE Global All Cp Idx £ Acc - 0P00018XAR.L (VAFTGAG),2025-10-28,260.4327087402344
Vanguard,0P00018XAR.L,Vanguard FTSE Global All Cp Idx £ Acc - 0P00018XAR.L (VAFTGAG),2025-10-29,261.2232971191406
Vanguard,0P00018XAR.L,Vanguard FTSE Global All Cp Idx £ Acc - 0P00018XAR.L (VAFTGAG),2025-10-30,260.6997985839844
Vanguard,0P00018XAR.L,Vanguard FTSE Global All Cp Idx £ Acc - 0P00018XAR.L (VAFTGAG),2025-10-31,261.1759033203125
Vanguard,0P00018XAR.L,Vanguard FTSE Global All Cp Idx £ Acc - 0P00018XAR.L (VAFTGAG),2025-11-01,261.1759033203125
Vanguard,0P00018XAR.L,Vanguard FTSE Global All Cp Idx £ Acc - 0P00018XAR.L (VAFTGAG),2025-11-02,261.1759033203125
Vanguard,0P00018XAR.L,Vanguard FTSE Global All Cp Idx £ Acc - 0P00018XAR.L (VAFTGAG),2025-11-03,261.3656005859375
Vanguard,0P00018XAR.L,Vanguard FTSE Global All Cp Idx £ Acc - 0P00018XAR.L (VAFTGAG),2025-11-04,260.49530029296875
Vanguard,0P00018XAR.L,Vanguard FTSE Global All Cp Idx £ Acc - 0P00018XAR.L (VAFTGAG),2025-11-05,260.9493103027344
Vanguard,0P00018XAR.L,Vanguard FTSE Global All Cp Idx £ Acc - 0P00018XAR.L (VAFTGAG),2025-11-06,258.275390625
Vanguard,0P00018XAR.L,Vanguard FTSE Global All Cp Idx £ Acc - 0P00018XAR.L (VAFTGAG),2025-11-07,257.23388671875
Vanguard,0P00018XAR.L,Vanguard FTSE Global All Cp Idx £ Acc - 0P00018XAR.L (VAFTGAG),2025-11-08,257.23388671875
Vanguard,0P00018XAR.L,Vanguard FTSE Global All Cp Idx £ Acc - 0P00018XAR.L (VAFTGAG),2025-11-09,257.23388671875
Vanguard,0P00018XAR.L,Vanguard FTSE Global All Cp Idx £ Acc - 0P00018XAR.L (VAFTGAG),2025-11-10,260.7417907714844
Vanguard,0P00018XAR.L,Vanguard FTSE Global All Cp Idx £ Acc - 0P00018XAR.L (VAFTGAG),2025-11-11,261.2369079589844
Vanguard,0P00018XAR.L,Vanguard FTSE Global All Cp Idx £ Acc - 0P00018XAR.L (VAFTGAG),2025-11-12,262.8612060546875
Vanguard,0P00018XAR.L,Vanguard FTSE Global All Cp Idx £ Acc - 0P00018XAR.L (VAFTGAG),2025-11-13,258.66668701171875
Vanguard,0P00018XAR.L,Vanguard FTSE Global All Cp Idx £ Acc - 0P00018XAR.L (VAFTGAG),2025-11-14,258.5575866699219
Vanguard,0P00018XAR.L,Vanguard FTSE Global All Cp Idx £ Acc - 0P00018XAR.L (VAFTGAG),2025-11-15,258.5575866699219
Vanguard,0P00018XAR.L,Vanguard FTSE Global All Cp Idx £ Acc - 0P00018XAR.L (VAFTGAG),2025-11-16,258.5575866699219
Vanguard,0P00018XAR.L,Vanguard FTSE Global All Cp Idx £ Acc - 0P00018XAR.L (VAFTGAG),2025-11-17,255.80059814453125
Vanguard,0P00018XAR.L,Vanguard FTSE Global All Cp Idx £ Acc - 0P00018XAR.L (VAFTGAG),2025-11-18,253.4846954345703
Vanguard,0P00018XAR.L,Vanguard FTSE Global All Cp Idx £ Acc - 0P00018XAR.L (VAFTGAG),2025-11-19,254.9965057373047
Vanguard,0P00018XAR.L,Vanguard FTSE Global All Cp Idx £ Acc - 0P00018XAR.L (VAFTGAG),2025-11-20,252.51939392089844
Vanguard,0P00018XAR.L,Vanguard FTSE Global All Cp Idx £ Acc - 0P00018XAR.L (VAFTGAG),2025-11-21,253.3549041748047
Vanguard,0P00018XAR.L,Vanguard FTSE Global All Cp Idx £ Acc - 0P00018XAR.L (VAFTGAG),2025-11-22,253.3549041748047
Vanguard,0P00018XAR.L,Vanguard FTSE Global All Cp Idx £ Acc - 0P00018XAR.L (VAFTGAG),2025-11-23,253.3549041748047
Vanguard,0P00018XAR.L,Vanguard FTSE Global All Cp Idx £ Acc - 0P00018XAR.L (VAFTGAG),2025-11-24,256.1210021972656
Vanguard,0P00018XAR.L,Vanguard FTSE Global All Cp Idx £ Acc - 0P00018XAR.L (VAFTGAG),2025-11-25,257.0058898925781
Vanguard,0P00018XAR.L,Vanguard FTSE Global All Cp Idx £ Acc - 0P00018XAR.L (VAFTGAG),2025-11-26,258.3992919921875
Vanguard,0P00018XAR.L,Vanguard FTSE Global All Cp Idx £ Acc - 0P00018XAR.L (VAFTGAG),2025-11-27,258.1440124511719
Vanguard,0P00018XAR.L,Vanguard FTSE Global All Cp Idx £ Acc - 0P00018XAR.L (VAFTGAG),2025-11-28,259.322509765625
Vanguard,0P00018XAR.L,Vanguard FTSE Global All Cp Idx £ Acc - 0P00018XAR.L (VAFTGAG),2025-11-29,259.322509765625
Vanguard,0P00018XAR.L,Vanguard FTSE Global All Cp Idx £ Acc - 0P00018XAR.L (VAFTGAG),2025-11-30,259.322509765625
Vanguard,0P00018XAR.L,Vanguard FTSE Global All Cp Idx £ Acc - 0P00018XAR.L (VAFTGAG),2025-12-01,258.22491455078125
Vanguard,0P00018XAR.L,Vanguard FTSE Global All Cp Idx £ Acc - 0P00018XAR.L (VAFTGAG),2025-12-02,259.5810852050781
Vanguard,0P00018XAR.L,Vanguard FTSE Global All Cp Idx £ Acc - 0P00018XAR.L (VAFTGAG),2025-12-03,258.0246887207031
Vanguard,0P00018XAR.L,Vanguard FTSE Global All Cp Idx £ Acc - 0P00018XAR.L (VAFTGAG),2025-12-04,258.15301513671875
Vanguard,0P00018XAR.L,Vanguard FTSE Global All Cp Idx £ Acc - 0P00018XAR.L (VAFTGAG),2025-12-05,258.9136962890625
Vanguard,0P00018XAR.L,Vanguard FTSE Global All Cp Idx £ Acc - 0P00018XAR.L (VAFTGAG),2025-12-06,258.9136962890625
Vanguard,0P00018XAR.L,Vanguard FTSE Global All Cp Idx £ Acc - 0P00018XAR.L (VAFTGAG),2025-12-07,258.9136962890625
Vanguard,0P00018XAR.L,Vanguard FTSE Global All Cp Idx £ Acc - 0P00018XAR.L (VAFTGAG),2025-12-08,258.8348083496094
Vanguard,0P00018XAR.L,Vanguard FTSE Global All Cp Idx £ Acc - 0P00018XAR.L (VAFTGAG),2025-12-09,258.73779296875
Vanguard,0P00018XAR.L,Vanguard FTSE Global All Cp Idx £ Acc - 0P00018XAR.L (VAFTGAG),2025-12-10,259.75799560546875
Vanguard,0P00018XAR.L,Vanguard FTSE Global All Cp Idx £ Acc - 0P00018XAR.L (VAFTGAG),2025-12-11,258.57659912109375
Vanguard,0P00018XAR.L,Vanguard FTSE Global All Cp Idx £ Acc - 0P00018XAR.L (VAFTGAG),2025-12-12,258.5716857910156
Vanguard,0P00018XAR.L,Vanguard FTSE Global All Cp Idx £ Acc - 0P00018XAR.L (VAFTGAG),2025-12-13,258.5716857910156
Vanguard,0P00018XAR.L,Vanguard FTSE Global All Cp Idx £ Acc - 0P00018XAR.L (VAFTGAG),2025-12-14,258.5716857910156
Vanguard,0P00018XAR.L,Vanguard FTSE Global All Cp Idx £ Acc - 0P00018XAR.L (VAFTGAG),2025-12-15,257.55218505859375
Vanguard,0P00018XAR.L,Vanguard FTSE Global All Cp Idx £ Acc - 0P00018XAR.L (VAFTGAG),2025-12-16,255.81739807128906
Vanguard,0P00018XAR.L,Vanguard FTSE Global All Cp Idx £ Acc - 0P00018XAR.L (VAFTGAG),2025-12-17,254.30389404296875
Vanguard,0P00018XAR.L,Vanguard FTSE Global All Cp Idx £ Acc - 0P00018XAR.L (VAFTGAG),2025-12-18,255.90679931640625
Vanguard,0P00018XAR.L,Vanguard FTSE Global All Cp Idx £ Acc - 0P00018XAR.L (VAFTGAG),2025-12-19,258.30859375
Vanguard,0P00018XAR.L,Vanguard FTSE Global All Cp Idx £ Acc - 0P00018XAR.L (VAFTGAG),2025-12-20,258.30859375
Vanguard,0P00018XAR.L,Vanguard FTSE Global All Cp Idx £ Acc - 0P00018XAR.L (VAFTGAG),2025-12-21,258.30859375
Vanguard,0P00018XAR.L,Vanguard FTSE Global All Cp Idx £ Acc - 0P00018XAR.L (VAFTGAG),2025-12-22,258.3616943359375
Vanguard,0P00018XAR.L,Vanguard FTSE Global All Cp Idx £ Acc - 0P00018XAR.L (VAFTGAG),2025-12-23,258.83770751953125
Vanguard,0P00018XAR.L,Vanguard FTSE Global All Cp Idx £ Acc - 0P00018XAR.L (VAFTGAG),2025-12-24,259.00689697265625
Vanguard,0P00018XAR.L,Vanguard FTSE Global All Cp Idx £ Acc - 0P00018XAR.L (VAFTGAG),2025-12-25,259.00689697265625
Vanguard,0P00018XAR.L,Vanguard FTSE Global All Cp Idx £ Acc - 0P00018XAR.L (VAFTGAG),2025-12-26,259.00689697265625
Vanguard,0P00018XAR.L,Vanguard FTSE Global All Cp Idx £ Acc - 0P00018XAR.L (VAFTGAG),2025-12-27,259.00689697265625
Vanguard,0P00018XAR.L,Vanguard FTSE Global All Cp Idx £ Acc - 0P00018XAR.L (VAFTGAG),2025-12-28,259.00689697265625
Vanguard,0P00018XAR.L,Vanguard FTSE Global All Cp Idx £ Acc - 0P00018XAR.L (VAFTGAG),2025-12-29,258.6982116699219
Vanguard,0P00018XAR.L,Vanguard FTSE Global All Cp Idx £ Acc - 0P00018XAR.L (VAFTGAG),2025-12-30,259.00628662109375
Vanguard,0P00018XAR.L,Vanguard FTSE Global All Cp Idx £ Acc - 0P00018XAR.L (VAFTGAG),2025-12-31,258.0668029785156
Vanguard,0P00018XAR.L,Vanguard FTSE Global All Cp Idx £ Acc - 0P00018XAR.L (VAFTGAG),2026-01-01,258.0668029785156
Vanguard,0P00018XAR.L,Vanguard FTSE Global All Cp Idx £ Acc - 0P00018XAR.L (VAFTGAG),2026-01-02,258.4707946777344
Vanguard,0P00018XAR.L,Vanguard FTSE Global All Cp Idx £ Acc - 0P00018XAR.L (VAFTGAG),2026-01-03,258.4707946777344
Vanguard,0P00018XAR.L,Vanguard FTSE Global All Cp Idx £ Acc - 0P00018XAR.L (VAFTGAG),2026-01-04,258.4707946777344
Vanguard,0P00018XAR.L,Vanguard FTSE Global All Cp Idx £ Acc - 0P00018XAR.L (VAFTGAG),2026-01-05,260.5788879394531
Vanguard,0P00018XAR.L,Vanguard FTSE Global All Cp Idx £ Acc - 0P00018XAR.L (VAFTGAG),2026-01-06,262.50299072265625
Vanguard,0P00018XAR.L,Vanguard FTSE Global All Cp Idx £ Acc - 0P00018XAR.L (VAFTGAG),2026-01-07,262.15478515625
Vanguard,0P00018XAR.L,Vanguard FTSE Global All Cp Idx £ Acc - 0P00018XAR.L (VAFTGAG),2026-01-08,262.47088623046875
Vanguard,0P00018XAR.L,Vanguard FTSE Global All Cp Idx £ Acc - 0P00018XAR.L (VAFTGAG),2026-01-09,264.3335876464844
Vanguard,0P00018XAR.L,Vanguard FTSE Global All Cp Idx £ Acc - 0P00018XAR.L (VAFTGAG),2026-01-10,264.3335876464844
Vanguard,0P00018XAR.L,Vanguard FTSE Global All Cp Idx £ Acc - 0P00018XAR.L (VAFTGAG),2026-01-11,264.3335876464844
Vanguard,0P00018XAR.L,Vanguard FTSE Global All Cp Idx £ Acc - 0P00018XAR.L (VAFTGAG),2026-01-12,264.1040954589844
Vanguard,0P00018XAR.L,Vanguard FTSE Global All Cp Idx £ Acc - 0P00018XAR.L (VAFTGAG),2026-01-13,264.8064880371094
Vanguard,0P00018XAR.L,Vanguard FTSE Global All Cp Idx £ Acc - 0P00018XAR.L (VAFTGAG),2026-01-14,264.2026062011719
Vanguard,0P00018XAR.L,Vanguard FTSE Global All Cp Idx £ Acc - 0P00018XAR.L (VAFTGAG),2026-01-15,266.2262878417969
Vanguard,0P00018XAR.L,Vanguard FTSE Global All Cp Idx £ Acc - 0P00018XAR.L (VAFTGAG),2026-01-16,266.3157043457031
Vanguard,0P00018XAR.L,Vanguard FTSE Global All Cp Idx £ Acc - 0P00018XAR.L (VAFTGAG),2026-01-17,266.3157043457031
Vanguard,0P00018XAR.L,Vanguard FTSE Global All Cp Idx £ Acc - 0P00018XAR.L (VAFTGAG),2026-01-18,266.3157043457031
Vanguard,0P00018XAR.L,Vanguard FTSE Global All Cp Idx £ Acc - 0P00018XAR.L (VAFTGAG),2026-01-19,265.2597961425781
Vanguard,0P00018XAR.L,Vanguard FTSE Global All Cp Idx £ Acc - 0P00018XAR.L (VAFTGAG),2026-01-20,260.9443054199219
Vanguard,0P00018XAR.L,Vanguard FTSE Global All Cp Idx £ Acc - 0P00018XAR.L (VAFTGAG),2026-01-21,263.24481201171875
Vanguard,0P00018XAR.L,Vanguard FTSE Global All Cp Idx £ Acc - 0P00018XAR.L (VAFTGAG),2026-01-22,264.1932067871094
Vanguard,0P00018XAR.L,Vanguard FTSE Global All Cp Idx £ Acc - 0P00018XAR.L (VAFTGAG),2026-01-23,262.7731018066406
Vanguard,0P00018XAR.L,Vanguard FTSE Global All Cp Idx £ Acc - 0P00018XAR.L (VAFTGAG),2026-01-24,262.7731018066406
Vanguard,0P00018XAR.L,Vanguard FTSE Global All Cp Idx £ Acc - 0P00018XAR.L (VAFTGAG),2026-01-25,262.7731018066406
Vanguard,0P00018XAR.L,Vanguard FTSE Global All Cp Idx £ Acc - 0P00018XAR.L (VAFTGAG),2026-01-26,261.63079833984375
Vanguard,0P00018XAR.L,Vanguard FTSE Global All Cp Idx £ Acc - 0P00018XAR.L (VAFTGAG),2026-01-27,262.4054870605469
Vanguard,0P00018XAR.L,Vanguard FTSE Global All Cp Idx £ Acc - 0P00018XAR.L (VAFTGAG),2026-01-28,261.77630615234375
Vanguard,0P00018XAR.L,Vanguard FTSE Global All Cp Idx £ Acc - 0P00018XAR.L (VAFTGAG),2026-01-29,261.8746032714844
Vanguard,0P00018XAR.L,Vanguard FTSE Global All Cp Idx £ Acc - 0P00018XAR.L (VAFTGAG),2026-01-30,261.0882873535156
Vanguard,0P00018XAR.L,Vanguard FTSE Global All Cp Idx £ Acc - 0P00018XAR.L (VAFTGAG),2026-01-31,261.0882873535156
Vanguard,0P00018XAR.L,Vanguard FTSE Global All Cp Idx £ Acc - 0P00018XAR.L (VAFTGAG),2026-02-01,261.0882873535156
Vanguard,0P00018XAR.L,Vanguard FTSE Global All Cp Idx £ Acc - 0P00018XAR.L (VAFTGAG),2026-02-02,262.7156982421875
Vanguard,0P00018XAR.L,Vanguard FTSE Global All Cp Idx £ Acc - 0P00018XAR.L (VAFTGAG),2026-02-03,261.5921936035156
Vanguard,0P00018XAR.L,Vanguard FTSE Global All Cp Idx £ Acc - 0P00018XAR.L (VAFTGAG),2026-02-04,261.552490234375
Vanguard,0P00018XAR.L,Vanguard FTSE Global All Cp Idx £ Acc - 0P00018XAR.L (VAFTGAG),2026-02-05,261.00201416015625
Vanguard,0P00018XAR.L,Vanguard FTSE Global All Cp Idx £ Acc - 0P00018XAR.L (VAFTGAG),2026-02-06,263.2535095214844
Vanguard,0P00018XAR.L,Vanguard FTSE Global All Cp Idx £ Acc - 0P00018XAR.L (VAFTGAG),2026-02-07,263.2535095214844
Vanguard,0P00018XAR.L,Vanguard FTSE Global All Cp Idx £ Acc - 0P00018XAR.L (VAFTGAG),2026-02-08,263.2535095214844
Vanguard,0P00018XAR.L,Vanguard FTSE Global All Cp Idx £ Acc - 0P00018XAR.L (VAFTGAG),2026-02-09,264.87579345703125
Vanguard,0P00018XAR.L,Vanguard FTSE Global All Cp Idx £ Acc - 0P00018XAR.L (VAFTGAG),2026-02-10,265.28021240234375
Vanguard,0P00018XAR.L,Vanguard FTSE Global All Cp Idx £ Acc - 0P00018XAR.L (VAFTGAG),2026-02-11,266.2785949707031
Vanguard,0P00018XAR.L,Vanguard FTSE Global All Cp Idx £ Acc - 0P00018XAR.L (VAFTGAG),2026-02-12,263.3673095703125
Vanguard,0P00018XAR.L,Vanguard FTSE Global All Cp Idx £ Acc - 0P00018XAR.L (VAFTGAG),2026-02-13,263.6253967285156
Vanguard,0P00018XAR.L,Vanguard FTSE Global All Cp Idx £ Acc - 0P00018XAR.L (VAFTGAG),2026-02-14,263.6253967285156
Vanguard,0P00018XAR.L,Vanguard FTSE Global All Cp Idx £ Acc - 0P00018XAR.L (VAFTGAG),2026-02-15,263.6253967285156
Vanguard,0P00018XAR.L,Vanguard FTSE Global All Cp Idx £ Acc - 0P00018XAR.L (VAFTGAG),2026-02-16,263.2644958496094
Vanguard,0P00018XAR.L,Vanguard FTSE Global All Cp Idx £ Acc - 0P00018XAR.L (VAFTGAG),2026-02-17,265.69488525390625
Vanguard,0P00018XAR.L,Vanguard FTSE Global All Cp Idx £ Acc - 0P00018XAR.L (VAFTGAG),2026-02-18,266.7278137207031
Vanguard,0P00018XAR.L,Vanguard FTSE Global All Cp Idx £ Acc - 0P00018XAR.L (VAFTGAG),2026-02-19,267.998291015625
Vanguard,0P00018XAR.L,Vanguard FTSE Global All Cp Idx £ Acc - 0P00018XAR.L (VAFTGAG),2026-02-20,268.5194091796875
Vanguard,0P00018XAR.L,Vanguard FTSE Global All Cp Idx £ Acc - 0P00018XAR.L (VAFTGAG),2026-02-21,268.5194091796875
Vanguard,0P00018XAR.L,Vanguard FTSE Global All Cp Idx £ Acc - 0P00018XAR.L (VAFTGAG),2026-02-22,268.5194091796875
Vanguard,0P00018XAR.L,Vanguard FTSE Global All Cp Idx £ Acc - 0P00018XAR.L (VAFTGAG),2026-02-23,266.9284973144531
Vanguard,0P00018XAR.L,Vanguard FTSE Global All Cp Idx £ Acc - 0P00018XAR.L (VAFTGAG),2026-02-24,267.9465026855469
Vanguard,0P00018XAR.L,Vanguard FTSE Global All Cp Idx £ Acc - 0P00018XAR.L (VAFTGAG),2026-02-25,270.0132141113281
Vanguard,0P00018XAR.L,Vanguard FTSE Global All Cp Idx £ Acc - 0P00018XAR.L (VAFTGAG),2026-02-26,269.9996032714844
Vanguard,0P00018XAR.L,Vanguard FTSE Global All Cp Idx £ Acc - 0P00018XAR.L (VAFTGAG),2026-02-27,270.7727966308594
Vanguard,0P00018XAR.L,Vanguard FTSE Global All Cp Idx £ Acc - 0P00018XAR.L (VAFTGAG),2026-02-28,270.7727966308594
Vanguard,0P00018XAR.L,Vanguard FTSE Global All Cp Idx £ Acc - 0P00018XAR.L (VAFTGAG),2026-03-01,270.7727966308594
Vanguard,0P00018XAR.L,Vanguard FTSE Global All Cp Idx £ Acc - 0P00018XAR.L (VAFTGAG),2026-03-02,270.4554138183594
Vanguard,0P00018XAR.L,Vanguard FTSE Global All Cp Idx £ Acc - 0P00018XAR.L (VAFTGAG),2026-03-03,266.54901123046875
Vanguard,0P00018XAR.L,Vanguard FTSE Global All Cp Idx £ Acc - 0P00018XAR.L (VAFTGAG),2026-03-04,265.543212890625
Vanguard,0P00018XAR.L,Vanguard FTSE Global All Cp Idx £ Acc - 0P00018XAR.L (VAFTGAG),2026-03-05,265.6007080078125
Vanguard,0P00018XAR.L,Vanguard FTSE Global All Cp Idx £ Acc - 0P00018XAR.L (VAFTGAG),2026-03-06,262.0851135253906
Vanguard,0P00018XAR.L,Vanguard FTSE Global All Cp Idx £ Acc - 0P00018XAR.L (VAFTGAG),2026-03-07,262.0851135253906
Vanguard,0P00018XAR.L,Vanguard FTSE Global All Cp Idx £ Acc - 0P00018XAR.L (VAFTGAG),2026-03-08,262.0851135253906
Vanguard,0P00018XAR.L,Vanguard FTSE Global All Cp Idx £ Acc - 0P00018XAR.L (VAFTGAG),2026-03-09,260.79168701171875
Vanguard,0P00018XAR.L,Vanguard FTSE Global All Cp Idx £ Acc - 0P00018XAR.L (VAFTGAG),2026-03-10,261.7322998046875
Vanguard,0P00018XAR.L,Vanguard FTSE Global All Cp Idx £ Acc - 0P00018XAR.L (VAFTGAG),2026-03-11,262.47711181640625
Vanguard,0P00018XAR.L,Vanguard FTSE Global All Cp Idx £ Acc - 0P00018XAR.L (VAFTGAG),2026-03-12,259.6308898925781
Vanguard,0P00018XAR.L,Vanguard FTSE Global All Cp Idx £ Acc - 0P00018XAR.L (VAFTGAG),2026-03-13,259.610595703125
Vanguard,0P00018XAR.L,Vanguard FTSE Global All Cp Idx £ Acc - 0P00018XAR.L (VAFTGAG),2026-03-14,259.610595703125
Vanguard,0P00018XAR.L,Vanguard FTSE Global All Cp Idx £ Acc - 0P00018XAR.L (VAFTGAG),2026-03-15,259.610595703125
Vanguard,0P00018XAR.L,Vanguard FTSE Global All Cp Idx £ Acc - 0P00018XAR.L (VAFTGAG),2026-03-16,260.5810852050781
Vanguard,0P00018XAR.L,Vanguard FTSE Global All Cp Idx £ Acc - 0P00018XAR.L (VAFTGAG),2026-03-17,261.1835021972656
Vanguard,0P00018XAR.L,Vanguard FTSE Global All Cp Idx £ Acc - 0P00018XAR.L (VAFTGAG),2026-03-18,259.802001953125
Vanguard,0P00018XAR.L,Vanguard FTSE Global All Cp Idx £ Acc - 0P00018XAR.L (VAFTGAG),2026-03-19,256.4071960449219
Vanguard,0P00018XAR.L,Vanguard FTSE Global All Cp Idx £ Acc - 0P00018XAR.L (VAFTGAG),2026-03-20,253.90330505371094
Vanguard,0P00018XAR.L,Vanguard FTSE Global All Cp Idx £ Acc - 0P00018XAR.L (VAFTGAG),2026-03-21,253.90330505371094
Vanguard,0P00018XAR.L,Vanguard FTSE Global All Cp Idx £ Acc - 0P00018XAR.L (VAFTGAG),2026-03-22,253.90330505371094
Vanguard,0P00018XAR.L,Vanguard FTSE Global All Cp Idx £ Acc - 0P00018XAR.L (VAFTGAG),2026-03-23,253.16490173339844
Vanguard,0P00018XAR.L,Vanguard FTSE Global All Cp Idx £ Acc - 0P00018XAR.L (VAFTGAG),2026-03-24,253.66009521484375
Vanguard,0P00018XAR.L,Vanguard FTSE Global All Cp Idx £ Acc - 0P00018XAR.L (VAFTGAG),2026-03-25,256.4811096191406
Vanguard,0P00018XAR.L,Vanguard FTSE Global All Cp Idx £ Acc - 0P00018XAR.L (VAFTGAG),2026-03-26,252.87420654296875
Vanguard,0P00018XAR.L,Vanguard FTSE Global All Cp Idx £ Acc - 0P00018XAR.L (VAFTGAG),2026-03-27,250.70399475097656
Vanguard,0P00018XAR.L,Vanguard FTSE Global All Cp Idx £ Acc - 0P00018XAR.L (VAFTGAG),2026-03-28,250.70399475097656
Vanguard,0P00018XAR.L,Vanguard FTSE Global All Cp Idx £ Acc - 0P00018XAR.L (VAFTGAG),2026-03-29,250.70399475097656
Vanguard,0P00018XAR.L,Vanguard FTSE Global All Cp Idx £ Acc - 0P00018XAR.L (VAFTGAG),2026-03-30,251.0196990966797
Vanguard,0P00018XAR.L,Vanguard FTSE Global All Cp Idx £ Acc - 0P00018XAR.L (VAFTGAG),2026-03-31,255.86819458007812
Vanguard,0P00018XAR.L,Vanguard FTSE Global All Cp Idx £ Acc - 0P00018XAR.L (VAFTGAG),2026-04-01,257.7445068359375
Vanguard,0P00018XAR.L,Vanguard FTSE Global All Cp Idx £ Acc - 0P00018XAR.L (VAFTGAG),2026-04-02,258.5400085449219
Vanguard,0P00018XAR.L,Vanguard FTSE Global All Cp Idx £ Acc - 0P00018XAR.L (VAFTGAG),2026-04-03,258.5400085449219
Vanguard,0P00018XAR.L,Vanguard FTSE Global All Cp Idx £ Acc - 0P00018XAR.L (VAFTGAG),2026-04-04,258.5400085449219
Vanguard,0P00018XAR.L,Vanguard FTSE Global All Cp Idx £ Acc - 0P00018XAR.L (VAFTGAG),2026-04-05,258.5400085449219
Vanguard,0P00018XAR.L,Vanguard FTSE Global All Cp Idx £ Acc - 0P00018XAR.L (VAFTGAG),2026-04-06,258.5400085449219
Vanguard,0P00018XAR.L,Vanguard FTSE Global All Cp Idx £ Acc - 0P00018XAR.L (VAFTGAG),2026-04-07,259.9573974609375
Vanguard,0P00018XAR.L,Vanguard FTSE Global All Cp Idx £ Acc - 0P00018XAR.L (VAFTGAG),2026-04-08,264.6662902832031
Vanguard,0P00018XAR.L,Vanguard FTSE Global All Cp Idx £ Acc - 0P00018XAR.L (VAFTGAG),2026-04-09,265.62811279296875
Vanguard,0P00018XAR.L,Vanguard FTSE Global All Cp Idx £ Acc - 0P00018XAR.L (VAFTGAG),2026-04-10,265.1311950683594
Vanguard,0P00018XAR.L,Vanguard FTSE Global All Cp Idx £ Acc - 0P00018XAR.L (VAFTGAG),2026-04-11,265.1311950683594
Vanguard,0P00018XAR.L,Vanguard FTSE Global All Cp Idx £ Acc - 0P00018XAR.L (VAFTGAG),2026-04-12,265.1311950683594
Vanguard,0P00018XAR.L,Vanguard FTSE Global All Cp Idx £ Acc - 0P00018XAR.L (VAFTGAG),2026-04-13,266.4862976074219
Vanguard,0P00018XAR.L,Vanguard FTSE Global All Cp Idx £ Acc - 0P00018XAR.L (VAFTGAG),2026-04-14,267.6112976074219
Vanguard,0P00018XAR.L,Vanguard FTSE Global All Cp Idx £ Acc - 0P00018XAR.L (VAFTGAG),2026-04-15,269.4234924316406
Vanguard,0P00018XAR.L,Vanguard FTSE Global All Cp Idx £ Acc - 0P00018XAR.L (VAFTGAG),2026-04-16,271.25421142578125
Vanguard,0P00018XAR.L,Vanguard FTSE Global All Cp Idx £ Acc - 0P00018XAR.L (VAFTGAG),2026-04-17,273.11248779296875
Vanguard,0P00018XAR.L,Vanguard FTSE Global All Cp Idx £ Acc - 0P00018XAR.L (VAFTGAG),2026-04-18,273.11248779296875
Vanguard,0P00018XAR.L,Vanguard FTSE Global All Cp Idx £ Acc - 0P00018XAR.L (VAFTGAG),2026-04-19,273.11248779296875
Vanguard,0P00018XAR.L,Vanguard FTSE Global All Cp Idx £ Acc - 0P00018XAR.L (VAFTGAG),2026-04-20,273.45111083984375
Vanguard,0P00018XAR.L,Vanguard FTSE Global All Cp Idx £ Acc - 0P00018XAR.L (VAFTGAG),2026-04-21,272.3810119628906
Vanguard,0P00018XAR.L,Vanguard FTSE Global All Cp Idx £ Acc - 0P00018XAR.L (VAFTGAG),2026-04-22,273.62548828125
Vanguard,0P00018XAR.L,Vanguard FTSE Global All Cp Idx £ Acc - 0P00018XAR.L (VAFTGAG),2026-04-23,272.3131103515625
Vanguard,0P00018XAR.L,Vanguard FTSE Global All Cp Idx £ Acc - 0P00018XAR.L (VAFTGAG),2026-04-24,273.6051940917969
Vanguard,0P00018XAR.L,Vanguard FTSE Global All Cp Idx £ Acc - 0P00018XAR.L (VAFTGAG),2026-04-25,273.6051940917969
Vanguard,0P00018XAR.L,Vanguard FTSE Global All Cp Idx £ Acc - 0P00018XAR.L (VAFTGAG),2026-04-26,273.6051940917969
Vanguard,0P00018XAR.L,Vanguard FTSE Global All Cp Idx £ Acc - 0P00018XAR.L (VAFTGAG),2026-04-27,273.23968505859375
Vanguard,0P00018XAR.L,Vanguard FTSE Global All Cp Idx £ Acc - 0P00018XAR.L (VAFTGAG),2026-04-28,272.9085998535156
Vanguard,0P00018XAR.L,Vanguard FTSE Global All Cp Idx £ Acc - 0P00018XAR.L (VAFTGAG),2026-04-29,272.4119873046875
Vanguard,0P00018XAR.L,Vanguard FTSE Global All Cp Idx £ Acc - 0P00018XAR.L (VAFTGAG),2026-04-30,273.20269775390625
Vanguard,0P00018XAR.L,Vanguard FTSE Global All Cp Idx £ Acc - 0P00018XAR.L (VAFTGAG),2026-05-01,273.23291015625
Vanguard,0P00018XAR.L,Vanguard FTSE Global All Cp Idx £ Acc - 0P00018XAR.L (VAFTGAG),2026-05-02,273.23291015625
Vanguard,0P00018XAR.L,Vanguard FTSE Global All Cp Idx £ Acc - 0P00018XAR.L (VAFTGAG),2026-05-03,273.23291015625
Vanguard,0P00018XAR.L,Vanguard FTSE Global All Cp Idx £ Acc - 0P00018XAR.L (VAFTGAG),2026-05-04,273.23291015625
Vanguard,0P00018XAR.L,Vanguard FTSE Global All Cp Idx £ Acc - 0P00018XAR.L (VAFTGAG),2026-05-05,275.62310791015625
Vanguard,0P00018XAR.L,Vanguard FTSE Global All Cp Idx £ Acc - 0P00018XAR.L (VAFTGAG),2026-05-06,279.70379638671875
Vanguard,0P00018XAR.L,Vanguard FTSE Global All Cp Idx £ Acc - 0P00018XAR.L (VAFTGAG),2026-05-07,278.9844970703125
Vanguard,0P00018XAR.L,Vanguard FTSE Global All Cp Idx £ Acc - 0P00018XAR.L (VAFTGAG),2026-05-08,279.73779296875
Vanguard,0P00018XAR.L,Vanguard FTSE Global All Cp Idx £ Acc - 0P00018XAR.L (VAFTGAG),2026-05-09,279.73779296875
Vanguard,0P00018XAR.L,Vanguard FTSE Global All Cp Idx £ Acc - 0P00018XAR.L (VAFTGAG),2026-05-10,279.73779296875
Vanguard,0P00018XAR.L,Vanguard FTSE Global All Cp Idx £ Acc - 0P00018XAR.L (VAFTGAG),2026-05-11,280.0888977050781
Vanguard,0P00018XAR.L,Vanguard FTSE Global All Cp Idx £ Acc - 0P00018XAR.L (VAFTGAG),2026-05-12,281.0834045410156
Vanguard,0P00018XAR.L,Vanguard FTSE Global All Cp Idx £ Acc - 0P00018XAR.L (VAFTGAG),2026-05-13,282.5928039550781
Vanguard,0P00018XAR.L,Vanguard FTSE Global All Cp Idx £ Acc - 0P00018XAR.L (VAFTGAG),2026-05-14,284.8456115722656
Vanguard,0P00018XAR.L,Vanguard FTSE Global All Cp Idx £ Acc - 0P00018XAR.L (VAFTGAG),2026-05-15,283.4309997558594
Vanguard,0P00018XAR.L,Vanguard FTSE Global All Cp Idx £ Acc - 0P00018XAR.L (VAFTGAG),2026-05-16,283.4309997558594
Vanguard,0P00018XAR.L,Vanguard FTSE Global All Cp Idx £ Acc - 0P00018XAR.L (VAFTGAG),2026-05-17,283.4309997558594
Vanguard,0P00018XAR.L,Vanguard FTSE Global All Cp Idx £ Acc - 0P00018XAR.L (VAFTGAG),2026-05-18,282.1488952636719
Vanguard,0P00018XAR.L,Vanguard FTSE Global All Cp Idx £ Acc - 0P00018XAR.L (VAFTGAG),2026-05-19,280.4811096191406
Vanguard,0P00018XAR.L,Vanguard FTSE Global All Cp Idx £ Acc - 0P00018XAR.L (VAFTGAG),2026-05-20,282.14959716796875
Vanguard,0P00018XAR.L,Vanguard FTSE Global All Cp Idx £ Acc - 0P00018XAR.L (VAFTGAG),2026-05-21,284.1036071777344
Vanguard,0P00018XAR.L,Vanguard FTSE Global All Cp Idx £ Acc - 0P00018XAR.L (VAFTGAG),2026-05-22,285.22589111328125
Vanguard,0P00018XAR.L,Vanguard FTSE Global All Cp Idx £ Acc - 0P00018XAR.L (VAFTGAG),2026-05-23,285.22589111328125
Vanguard,0P00018XAR.L,Vanguard FTSE Global All Cp Idx £ Acc - 0P00018XAR.L (VAFTGAG),2026-05-24,285.22589111328125
Vanguard,0P00018XAR.L,Vanguard FTSE Global All Cp Idx £ Acc - 0P00018XAR.L (VAFTGAG),2026-05-25,285.22589111328125
Vanguard,0P00018XAR.L,Vanguard FTSE Global All Cp Idx £ Acc - 0P00018XAR.L (VAFTGAG),2026-05-26,287.3948059082031
Vanguard,0P00018XAR.L,Vanguard FTSE Global All Cp Idx £ Acc - 0P00018XAR.L (VAFTGAG),2026-05-27,288.1824951171875
Vanguard,0P00018XAR.L,Vanguard FTSE Global All Cp Idx £ Acc - 0P00018XAR.L (VAFTGAG),2026-05-28,288.5611877441406
Vanguard,0P00018XAR.L,Vanguard FTSE Global All Cp Idx £ Acc - 0P00018XAR.L (VAFTGAG),2026-05-29,289.05230712890625
Vanguard,0P00018XAR.L,Vanguard FTSE Global All Cp Idx £ Acc - 0P00018XAR.L (VAFTGAG),2026-05-30,289.05230712890625
Vanguard,0P00018XAR.L,Vanguard FTSE Global All Cp Idx £ Acc - 0P00018XAR.L (VAFTGAG),2026-05-31,289.05230712890625
Vanguard,0P00018XAR.L,Vanguard FTSE Global All Cp Idx £ Acc - 0P00018XAR.L (VAFTGAG),2026-06-01,290.16400146484375
Vanguard,0P00018XAR.L,Vanguard FTSE Global All Cp Idx £ Acc - 0P00018XAR.L (VAFTGAG),2026-06-02,290.5360107421875
Vanguard,0P00018XAR.L,Vanguard FTSE Global All Cp Idx £ Acc - 0P00018XAR.L (VAFTGAG),2026-06-03,289.70440673828125
Vanguard,0P00018XAR.L,Vanguard FTSE Global All Cp Idx £ Acc - 0P00018XAR.L (VAFTGAG),2026-06-04,289.94970703125
Vanguard,0P00018XAR.L,Vanguard FTSE Global All Cp Idx £ Acc - 0P00018XAR.L (VAFTGAG),2026-06-05,284.76300048828125
Vanguard,0P00018XAR.L,Vanguard FTSE Global All Cp Idx £ Acc - 0P00018XAR.L (VAFTGAG),2026-06-06,284.76300048828125
Vanguard,0P00018XAR.L,Vanguard FTSE Global All Cp Idx £ Acc - 0P00018XAR.L (VAFTGAG),2026-06-07,284.76300048828125
Vanguard,0P00018XAR.L,Vanguard FTSE Global All Cp Idx £ Acc - 0P00018XAR.L (VAFTGAG),2026-06-08,284.37799072265625
Vanguard,0P00018XAR.L,Vanguard FTSE Global All Cp Idx £ Acc - 0P00018XAR.L (VAFTGAG),2026-06-09,284.0585021972656
Vanguard,0P00018XAR.L,Vanguard FTSE Global All Cp Idx £ Acc - 0P00018XAR.L (VAFTGAG),2026-06-10,279.83428955078125
Vanguard,0P00018XAR.L,Vanguard FTSE Global All Cp Idx £ Acc - 0P00018XAR.L (VAFTGAG),2026-06-11,284.6966857910156
Vanguard,0P00018XAR.L,Vanguard FTSE Global All Cp Idx £ Acc - 0P00018XAR.L (VAFTGAG),2026-06-12,286.2532958984375
Vanguard,0P00018XAR.L,Vanguard FTSE Global All Cp Idx £ Acc - 0P00018XAR.L (VAFTGAG),2026-06-13,286.2532958984375
Vanguard,0P00018XAR.L,Vanguard FTSE Global All Cp Idx £ Acc - 0P00018XAR.L (VAFTGAG),2026-06-14,286.2532958984375
Vanguard,0P00018XAR.L,Vanguard FTSE Global All Cp Idx £ Acc - 0P00018XAR.L (VAFTGAG),2026-06-15,290.4861145019531
Vanguard,0P00018XAR.L,Vanguard FTSE Global All Cp Idx £ Acc - 0P00018XAR.L (VAFTGAG),2026-06-16,289.9090881347656
Vanguard,0P00018XAR.L,Vanguard FTSE Global All Cp Idx £ Acc - 0P00018XAR.L (VAFTGAG),2026-06-17,288.81878662109375
Vanguard,0P00018XAR.L,Vanguard FTSE Global All Cp Idx £ Acc - 0P00018XAR.L (VAFTGAG),2026-06-18,293.5815124511719
Vanguard,0P00018XAR.L,Vanguard FTSE Global All Cp Idx £ Acc - 0P00018XAR.L (VAFTGAG),2026-06-19,293.5533142089844
Vanguard,0P00018XAR.L,Vanguard FTSE Global All Cp Idx £ Acc - 0P00018XAR.L (VAFTGAG),2026-06-20,293.5533142089844
Vanguard,0P00018XAR.L,Vanguard FTSE Global All Cp Idx £ Acc - 0P00018XAR.L (VAFTGAG),2026-06-21,293.5533142089844
Vanguard,0P00018XAR.L,Vanguard FTSE Global All Cp Idx £ Acc - 0P00018XAR.L (VAFTGAG),2026-06-22,292.89959716796875
Vanguard,0P00018XAR.L,Vanguard FTSE Global All Cp Idx £ Acc - 0P00018XAR.L (VAFTGAG),2026-06-23,289.1619873046875
Vanguard,0P00018XAR.L,Vanguard FTSE Global All Cp Idx £ Acc - 0P00018XAR.L (VAFTGAG),2026-06-24,289.89080810546875
Vanguard,0P00018XAR.L,Vanguard FTSE Global All Cp Idx £ Acc - 0P00018XAR.L (VAFTGAG),2026-06-25,289.9018859863281
Vanguard,0P00018XAR.L,Vanguard FTSE Global All Cp Idx £ Acc - 0P00018XAR.L (VAFTGAG),2026-06-26,288.5487060546875
Vanguard,0P00018XAR.L,Vanguard FTSE Global All Cp Idx £ Acc - 0P00018XAR.L (VAFTGAG),2026-06-27,288.5487060546875
Vanguard,0P00018XAR.L,Vanguard FTSE Global All Cp Idx £ Acc - 0P00018XAR.L (VAFTGAG),2026-06-28,288.5487060546875
Vanguard,0P00018XAR.L,Vanguard FTSE Global All Cp Idx £ Acc - 0P00018XAR.L (VAFTGAG),2026-06-29,289.8418884277344
Vanguard,0P00018XAR.L,Vanguard FTSE Global All Cp Idx £ Acc - 0P00018XAR.L (VAFTGAG),2026-06-30,291.43890380859375
Vanguard,0P00018XAR.L,Vanguard FTSE Global All Cp Idx £ Acc - 0P00018XAR.L (VAFTGAG),2026-07-01,290.6582946777344
Vanguard,0P00018XAR.L,Vanguard FTSE Global All Cp Idx £ Acc - 0P00018XAR.L (VAFTGAG),2026-07-02,288.689208984375
Vanguard,0P00018XAR.L,Vanguard FTSE Global All Cp Idx £ Acc - 0P00018XAR.L (VAFTGAG),2026-07-03,290.4211120605469
Vanguard,0P00018XAR.L,Vanguard FTSE Global All Cp Idx £ Acc - 0P00018XAR.L (VAFTGAG),2026-07-04,290.4211120605469
Vanguard,0P00018XAR.L,Vanguard FTSE Global All Cp Idx £ Acc - 0P00018XAR.L (VAFTGAG),2026-07-05,290.4211120605469
Vanguard,0P00018XAR.L,Vanguard FTSE Global All Cp Idx £ Acc - 0P00018XAR.L (VAFTGAG),2026-07-06,291.4877014160156
Vanguard,0P00018XAR.L,Vanguard FTSE Global All Cp Idx £ Acc - 0P00018XAR.L (VAFTGAG),2026-07-07,288.9530944824219
Vanguard,0P00018XAR.L,Vanguard FTSE Global All Cp Idx £ Acc - 0P00018XAR.L (VAFTGAG),2026-07-08,287.1318054199219
Vanguard,0P00018XAR.L,Vanguard FTSE Global All Cp Idx £ Acc - 0P00018XAR.L (VAFTGAG),2026-07-09,288.85150146484375
Vanguard,0P00018XAR.L,Vanguard FTSE Global All Cp Idx £ Acc - 0P00018XAR.L (VAFTGAG),2026-07-10,289.59259033203125
Vanguard,0P00018XAR.L,Vanguard FTSE Global All Cp Idx £ Acc - 0P00018XAR.L (VAFTGAG),2026-07-11,289.59259033203125
Vanguard,0P00018XAR.L,Vanguard FTSE Global All Cp Idx £ Acc - 0P00018XAR.L (VAFTGAG),2026-07-12,289.59259033203125
Vanguard,0P00018XAR.L,Vanguard FTSE Global All Cp Idx £ Acc - 0P00018XAR.L (VAFTGAG),2026-07-13,287.7633972167969
Vanguard,0P00018XAR.L,Vanguard FTSE Global All Cp Idx £ Acc - 0P00018XAR.L (VAFTGAG),2026-07-14,288.3164978027344
Vanguard,0P00018XAR.L,Vanguard FTSE Global All Cp Idx £ Acc - 0P00018XAR.L (VAFTGAG),2026-07-15,288.42669677734375
Vanguard,0P00018XAR.L,Vanguard FTSE Global All Cp Idx £ Acc - 0P00018XAR.L (VAFTGAG),2026-07-16,286.6322021484375
Vanguard,0P00018XAR.L,Vanguard FTSE Global All Cp Idx £ Acc - 0P00018XAR.L (VAFTGAG),2026-07-17,284.2420959472656
Vanguard,0P00018XAR.L,Vanguard FTSE Global All Cp Idx £ Acc - 0P00018XAR.L (VAFTGAG),2026-07-18,284.2420959472656
Vanguard,0P00018XAR.L,Vanguard FTSE Global All Cp Idx £ Acc - 0P00018XAR.L (VAFTGAG),2026-07-19,284.2420959472656
Vanguard,0P00018XAR.L,Vanguard FTSE Global All Cp Idx £ Acc - 0P00018XAR.L (VAFTGAG),2026-07-20,283.6339111328125
Vanguard,0P00018XAR.L,Vanguard FTSE Global All Cp Idx £ Acc - 0P00018XAR.L (VAFTGAG),2026-07-21,287.9822998046875
Vanguard,0P00018XAR.L,Vanguard FTSE Global All Cp Idx £ Acc - 0P00018XAR.L (VAFTGAG),2026-07-22,287.96881103515625
Vanguard,0P00018XAR.L,Vanguard FTSE Global All Cp Idx £ Acc - 0P00018XAR.L (VAFTGAG),2026-07-23,286.8247985839844
Vanguard,0P00018XAR.L,Vanguard FTSE Global All Cp Idx £ Acc - 0P00018XAR.L (VAFTGAG),2026-07-24,285.9576110839844
Vanguard,0P00018XAR.L,Vanguard FTSE Global All Cp Idx £ Acc - 0P00018XAR.L (VAFTGAG),2026-07-25,285.9576110839844
Vanguard,0P00018XAR.L,Vanguard FTSE Global All Cp Idx £ Acc - 0P00018XAR.L (VAFTGAG),2026-07-26,285.9576110839844
Vanguard,0P00018XAR.L,Vanguard FTSE Global All Cp Idx £ Acc - 0P00018XAR.L (VAFTGAG),2026-07-27,287.32958984375
Vanguard,0P00018XAR.L,Vanguard FTSE Global All Cp Idx £ Acc - 0P00018XAR.L (VAFTGAG),2026-07-28,286.408203125
Vanguard,0P00018XAR.L,Vanguard FTSE Global All Cp Idx £ Acc - 0P00018XAR.L (VAFTGAG),2026-07-29,283.1337890625
Vanguard,0P00018XAR.L,Vanguard FTSE Global All Cp Idx £ Acc - 0P00018XAR.L (VAFTGAG),2026-07-30,284.2987976074219
Vanguard,0P00018XAR.L,Vanguard FTSE Global All Cp Idx £ Acc - 0P00018XAR.L (VAFTGAG),2026-07-31,286.84869384765625
Vanguard,0P00018XAR.L,Vanguard FTSE Global All Cp Idx £ Acc - 0P00018XAR.L (VAFTGAG),2026-08-01,286.84869384765625
Vanguard,0P00018XAR.L,Vanguard FTSE Global All Cp Idx £ Acc - 0P00018XAR.L (VAFTGAG),2026-08-02,286.84869384765625
Vanguard,0P00018XAR.L,Vanguard FTSE Global All Cp Idx £ Acc - 0P00018XAR.L (VAFTGAG),2026-08-03,290.1073913574219
Vanguard,0P00018XAR.L,Vanguard FTSE Global All Cp Idx £ Acc - 0P00018XAR.L (VAFTGAG),2026-08-04,293.7430114746094
Vanguard,0P00018XAR.L,Vanguard FTSE Global All Cp Idx £ Acc - 0P00018XAR.L (VAFTGAG),2026-08-05,294.03009033203125
Vanguard,0P00018XAR.L,Vanguard FTSE Global All Cp Idx £ Acc - 0P00018XAR.L (VAFTGAG),2026-08-06,293.4071044921875
Vanguard,0P00018XAR.L,Vanguard FTSE Global All Cp Idx £ Acc - 0P00018XAR.L (VAFTGAG),2026-08-07,294.6756896972656
Vanguard,0P00018XAR.L,Vanguard FTSE Global All Cp Idx £ Acc - 0P00018XAR.L (VAFTGAG),2026-08-08,294.6756896972656
Vanguard,0P00018XAR.L,Vanguard FTSE Global All Cp Idx £ Acc - 0P00018XAR.L (VAFTGAG),2026-08-09,294.6756896972656
Vanguard,0P00018XAR.L,Vanguard FTSE Global All Cp Idx £ Acc - 0P00018XAR.L (VAFTGAG),2026-08-10,294.194091796875
Vanguard,0P00018XAR.L,Vanguard FTSE Global All Cp Idx £ Acc - 0P00018XAR.L (VAFTGAG),2026-08-11,293.8275146484375
Vanguard,0P00018XAR.L,Vanguard FTSE Global All Cp Idx £ Acc - 0P00018XAR.L (VAFTGAG),2026-08-12,294.8705139160156
Vanguard,0P00018XAR.L,Vanguard FTSE Global All Cp Idx £ Acc - 0P00018XAR.L (VAFTGAG),2026-08-13,296.5172119140625
Vanguard,VWRP.L,Vanguard FTSE All-World Accumulation UCITS ETF - VWRP.L,2019-07-25,64.03500366210938
Vanguard,VWRP.L,Vanguard FTSE All-World Accumulation UCITS ETF - VWRP.L,2019-07-26,64.6449966430664
Vanguard,VWRP.L,Vanguard FTSE All-World Accumulation UCITS ETF - VWRP.L,2019-07-27,64.6449966430664
Vanguard,VWRP.L,Vanguard FTSE All-World Accumulation UCITS ETF - VWRP.L,2019-07-28,64.6449966430664
Vanguard,VWRP.L,Vanguard FTSE All-World Accumulation UCITS ETF - VWRP.L,2019-07-29,65.45999908447266
Vanguard,VWRP.L,Vanguard FTSE All-World Accumulation UCITS ETF - VWRP.L,2019-07-30,65.48999786376953
Vanguard,VWRP.L,Vanguard FTSE All-World Accumulation UCITS ETF - VWRP.L,2019-07-31,65.19499969482422
Vanguard,VWRP.L,Vanguard FTSE All-World Accumulation UCITS ETF - VWRP.L,2019-08-01,65.61499786376953
Vanguard,VWRP.L,Vanguard FTSE All-World Accumulation UCITS ETF - VWRP.L,2019-08-02,63.900001525878906
Vanguard,VWRP.L,Vanguard FTSE All-World Accumulation UCITS ETF - VWRP.L,2019-08-03,63.900001525878906
Vanguard,VWRP.L,Vanguard FTSE All-World Accumulation UCITS ETF - VWRP.L,2019-08-04,63.900001525878906
Vanguard,VWRP.L,Vanguard FTSE All-World Accumulation UCITS ETF - VWRP.L,2019-08-05,62.53499984741211
Vanguard,VWRP.L,Vanguard FTSE All-World Accumulation UCITS ETF - VWRP.L,2019-08-06,62.275001525878906
Vanguard,VWRP.L,Vanguard FTSE All-World Accumulation UCITS ETF - VWRP.L,2019-08-07,62.369998931884766
Vanguard,VWRP.L,Vanguard FTSE All-World Accumulation UCITS ETF - VWRP.L,2019-08-08,63.654998779296875
Vanguard,VWRP.L,Vanguard FTSE All-World Accumulation UCITS ETF - VWRP.L,2019-08-09,63.48500061035156
Vanguard,VWRP.L,Vanguard FTSE All-World Accumulation UCITS ETF - VWRP.L,2019-08-10,63.48500061035156
Vanguard,VWRP.L,Vanguard FTSE All-World Accumulation UCITS ETF - VWRP.L,2019-08-11,63.48500061035156
Vanguard,VWRP.L,Vanguard FTSE All-World Accumulation UCITS ETF - VWRP.L,2019-08-12,63.375
Vanguard,VWRP.L,Vanguard FTSE All-World Accumulation UCITS ETF - VWRP.L,2019-08-13,63.915000915527344
Vanguard,VWRP.L,Vanguard FTSE All-World Accumulation UCITS ETF - VWRP.L,2019-08-14,62.619998931884766
Vanguard,VWRP.L,Vanguard FTSE All-World Accumulation UCITS ETF - VWRP.L,2019-08-15,62.05500030517578
Vanguard,VWRP.L,Vanguard FTSE All-World Accumulation UCITS ETF - VWRP.L,2019-08-16,62.72999954223633
Vanguard,VWRP.L,Vanguard FTSE All-World Accumulation UCITS ETF - VWRP.L,2019-08-17,62.72999954223633
Vanguard,VWRP.L,Vanguard FTSE All-World Accumulation UCITS ETF - VWRP.L,2019-08-18,62.72999954223633
Vanguard,VWRP.L,Vanguard FTSE All-World Accumulation UCITS ETF - VWRP.L,2019-08-19,63.5099983215332
Vanguard,VWRP.L,Vanguard FTSE All-World Accumulation UCITS ETF - VWRP.L,2019-08-20,63.244998931884766
Vanguard,VWRP.L,Vanguard FTSE All-World Accumulation UCITS ETF - VWRP.L,2019-08-21,63.619998931884766
Vanguard,VWRP.L,Vanguard FTSE All-World Accumulation UCITS ETF - VWRP.L,2019-08-22,62.72999954223633
Vanguard,VWRP.L,Vanguard FTSE All-World Accumulation UCITS ETF - VWRP.L,2019-08-23,62.07500076293945
Vanguard,VWRP.L,Vanguard FTSE All-World Accumulation UCITS ETF - VWRP.L,2019-08-24,62.07500076293945
Vanguard,VWRP.L,Vanguard FTSE All-World Accumulation UCITS ETF - VWRP.L,2019-08-25,62.07500076293945
Vanguard,VWRP.L,Vanguard FTSE All-World Accumulation UCITS ETF - VWRP.L,2019-08-26,62.07500076293945
Vanguard,VWRP.L,Vanguard FTSE All-World Accumulation UCITS ETF - VWRP.L,2019-08-27,61.959999084472656
Vanguard,VWRP.L,Vanguard FTSE All-World Accumulation UCITS ETF - VWRP.L,2019-08-28,62.400001525878906
Vanguard,VWRP.L,Vanguard FTSE All-World Accumulation UCITS ETF - VWRP.L,2019-08-29,63.255001068115234
Vanguard,VWRP.L,Vanguard FTSE All-World Accumulation UCITS ETF - VWRP.L,2019-08-30,63.290000915527344
Vanguard,VWRP.L,Vanguard FTSE All-World Accumulation UCITS ETF - VWRP.L,2019-08-31,63.290000915527344
Vanguard,VWRP.L,Vanguard FTSE All-World Accumulation UCITS ETF - VWRP.L,2019-09-01,63.290000915527344
Vanguard,VWRP.L,Vanguard FTSE All-World Accumulation UCITS ETF - VWRP.L,2019-09-02,63.88999938964844
Vanguard,VWRP.L,Vanguard FTSE All-World Accumulation UCITS ETF - VWRP.L,2019-09-03,63.560001373291016
Vanguard,VWRP.L,Vanguard FTSE All-World Accumulation UCITS ETF - VWRP.L,2019-09-04,63.790000915527344
Vanguard,VWRP.L,Vanguard FTSE All-World Accumulation UCITS ETF - VWRP.L,2019-09-05,63.88999938964844
Vanguard,VWRP.L,Vanguard FTSE All-World Accumulation UCITS ETF - VWRP.L,2019-09-06,64.1500015258789
Vanguard,VWRP.L,Vanguard FTSE All-World Accumulation UCITS ETF - VWRP.L,2019-09-07,64.1500015258789
Vanguard,VWRP.L,Vanguard FTSE All-World Accumulation UCITS ETF - VWRP.L,2019-09-08,64.1500015258789
Vanguard,VWRP.L,Vanguard FTSE All-World Accumulation UCITS ETF - VWRP.L,2019-09-09,63.9900016784668
Vanguard,VWRP.L,Vanguard FTSE All-World Accumulation UCITS ETF - VWRP.L,2019-09-10,63.69499969482422
Vanguard,VWRP.L,Vanguard FTSE All-World Accumulation UCITS ETF - VWRP.L,2019-09-11,64.36000061035156
Vanguard,VWRP.L,Vanguard FTSE All-World Accumulation UCITS ETF - VWRP.L,2019-09-12,64.78500366210938
Vanguard,VWRP.L,Vanguard FTSE All-World Accumulation UCITS ETF - VWRP.L,2019-09-13,64.41500091552734
Vanguard,VWRP.L,Vanguard FTSE All-World Accumulation UCITS ETF - VWRP.L,2019-09-14,64.41500091552734
Vanguard,VWRP.L,Vanguard FTSE All-World Accumulation UCITS ETF - VWRP.L,2019-09-15,64.41500091552734
Vanguard,VWRP.L,Vanguard FTSE All-World Accumulation UCITS ETF - VWRP.L,2019-09-16,64.25
Vanguard,VWRP.L,Vanguard FTSE All-World Accumulation UCITS ETF - VWRP.L,2019-09-17,63.880001068115234
Vanguard,VWRP.L,Vanguard FTSE All-World Accumulation UCITS ETF - VWRP.L,2019-09-18,63.86000061035156
Vanguard,VWRP.L,Vanguard FTSE All-World Accumulation UCITS ETF - VWRP.L,2019-09-19,64.29000091552734
Vanguard,VWRP.L,Vanguard FTSE All-World Accumulation UCITS ETF - VWRP.L,2019-09-20,64.08000183105469
Vanguard,VWRP.L,Vanguard FTSE All-World Accumulation UCITS ETF - VWRP.L,2019-09-21,64.08000183105469
Vanguard,VWRP.L,Vanguard FTSE All-World Accumulation UCITS ETF - VWRP.L,2019-09-22,64.08000183105469
Vanguard,VWRP.L,Vanguard FTSE All-World Accumulation UCITS ETF - VWRP.L,2019-09-23,63.96500015258789
Vanguard,VWRP.L,Vanguard FTSE All-World Accumulation UCITS ETF - VWRP.L,2019-09-24,63.77000045776367
Vanguard,VWRP.L,Vanguard FTSE All-World Accumulation UCITS ETF - VWRP.L,2019-09-25,63.79499816894531
Vanguard,VWRP.L,Vanguard FTSE All-World Accumulation UCITS ETF - VWRP.L,2019-09-26,63.88999938964844
Vanguard,VWRP.L,Vanguard FTSE All-World Accumulation UCITS ETF - VWRP.L,2019-09-27,64.4000015258789
Vanguard,VWRP.L,Vanguard FTSE All-World Accumulation UCITS ETF - VWRP.L,2019-09-28,64.4000015258789
Vanguard,VWRP.L,Vanguard FTSE All-World Accumulation UCITS ETF - VWRP.L,2019-09-29,64.4000015258789
Vanguard,VWRP.L,Vanguard FTSE All-World Accumulation UCITS ETF - VWRP.L,2019-09-30,64.33000183105469
Vanguard,VWRP.L,Vanguard FTSE All-World Accumulation UCITS ETF - VWRP.L,2019-10-01,64.18499755859375
Vanguard,VWRP.L,Vanguard FTSE All-World Accumulation UCITS ETF - VWRP.L,2019-10-02,62.525001525878906
Vanguard,VWRP.L,Vanguard FTSE All-World Accumulation UCITS ETF - VWRP.L,2019-10-03,62.22999954223633
Vanguard,VWRP.L,Vanguard FTSE All-World Accumulation UCITS ETF - VWRP.L,2019-10-04,63.28499984741211
Vanguard,VWRP.L,Vanguard FTSE All-World Accumulation UCITS ETF - VWRP.L,2019-10-05,63.28499984741211
Vanguard,VWRP.L,Vanguard FTSE All-World Accumulation UCITS ETF - VWRP.L,2019-10-06,63.28499984741211
Vanguard,VWRP.L,Vanguard FTSE All-World Accumulation UCITS ETF - VWRP.L,2019-10-07,63.564998626708984
Vanguard,VWRP.L,Vanguard FTSE All-World Accumulation UCITS ETF - VWRP.L,2019-10-08,63.255001068115234
Vanguard,VWRP.L,Vanguard FTSE All-World Accumulation UCITS ETF - VWRP.L,2019-10-09,63.44499969482422
Vanguard,VWRP.L,Vanguard FTSE All-World Accumulation UCITS ETF - VWRP.L,2019-10-10,63.6150016784668
Vanguard,VWRP.L,Vanguard FTSE All-World Accumulation UCITS ETF - VWRP.L,2019-10-11,62.8650016784668
Vanguard,VWRP.L,Vanguard FTSE All-World Accumulation UCITS ETF - VWRP.L,2019-10-12,62.8650016784668
Vanguard,VWRP.L,Vanguard FTSE All-World Accumulation UCITS ETF - VWRP.L,2019-10-13,62.8650016784668
Vanguard,VWRP.L,Vanguard FTSE All-World Accumulation UCITS ETF - VWRP.L,2019-10-14,62.95000076293945
Vanguard,VWRP.L,Vanguard FTSE All-World Accumulation UCITS ETF - VWRP.L,2019-10-15,62.78499984741211
Vanguard,VWRP.L,Vanguard FTSE All-World Accumulation UCITS ETF - VWRP.L,2019-10-16,62.279998779296875
Vanguard,VWRP.L,Vanguard FTSE All-World Accumulation UCITS ETF - VWRP.L,2019-10-17,62.30500030517578
Vanguard,VWRP.L,Vanguard FTSE All-World Accumulation UCITS ETF - VWRP.L,2019-10-18,62.125
Vanguard,VWRP.L,Vanguard FTSE All-World Accumulation UCITS ETF - VWRP.L,2019-10-19,62.125
Vanguard,VWRP.L,Vanguard FTSE All-World Accumulation UCITS ETF - VWRP.L,2019-10-20,62.125
Vanguard,VWRP.L,Vanguard FTSE All-World Accumulation UCITS ETF - VWRP.L,2019-10-21,61.85499954223633
Vanguard,VWRP.L,Vanguard FTSE All-World Accumulation UCITS ETF - VWRP.L,2019-10-22,62.16999816894531
Vanguard,VWRP.L,Vanguard FTSE All-World Accumulation UCITS ETF - VWRP.L,2019-10-23,62.33000183105469
Vanguard,VWRP.L,Vanguard FTSE All-World Accumulation UCITS ETF - VWRP.L,2019-10-24,62.86000061035156
Vanguard,VWRP.L,Vanguard FTSE All-World Accumulation UCITS ETF - VWRP.L,2019-10-25,63.025001525878906
Vanguard,VWRP.L,Vanguard FTSE All-World Accumulation UCITS ETF - VWRP.L,2019-10-26,63.025001525878906
Vanguard,VWRP.L,Vanguard FTSE All-World Accumulation UCITS ETF - VWRP.L,2019-10-27,63.025001525878906
Vanguard,VWRP.L,Vanguard FTSE All-World Accumulation UCITS ETF - VWRP.L,2019-10-28,63.21500015258789
Vanguard,VWRP.L,Vanguard FTSE All-World Accumulation UCITS ETF - VWRP.L,2019-10-29,63.1150016784668
Vanguard,VWRP.L,Vanguard FTSE All-World Accumulation UCITS ETF - VWRP.L,2019-10-30,63.08000183105469
Vanguard,VWRP.L,Vanguard FTSE All-World Accumulation UCITS ETF - VWRP.L,2019-10-31,62.619998931884766
Vanguard,VWRP.L,Vanguard FTSE All-World Accumulation UCITS ETF - VWRP.L,2019-11-01,63.26499938964844
Vanguard,VWRP.L,Vanguard FTSE All-World Accumulation UCITS ETF - VWRP.L,2019-11-02,63.26499938964844
Vanguard,VWRP.L,Vanguard FTSE All-World Accumulation UCITS ETF - VWRP.L,2019-11-03,63.26499938964844
Vanguard,VWRP.L,Vanguard FTSE All-World Accumulation UCITS ETF - VWRP.L,2019-11-04,63.880001068115234
Vanguard,VWRP.L,Vanguard FTSE All-World Accumulation UCITS ETF - VWRP.L,2019-11-05,64.0199966430664
Vanguard,VWRP.L,Vanguard FTSE All-World Accumulation UCITS ETF - VWRP.L,2019-11-06,63.9900016784668
Vanguard,VWRP.L,Vanguard FTSE All-World Accumulation UCITS ETF - VWRP.L,2019-11-07,64.57499694824219
Vanguard,VWRP.L,Vanguard FTSE All-World Accumulation UCITS ETF - VWRP.L,2019-11-08,64.47000122070312
Vanguard,VWRP.L,Vanguard FTSE All-World Accumulation UCITS ETF - VWRP.L,2019-11-09,64.47000122070312
Vanguard,VWRP.L,Vanguard FTSE All-World Accumulation UCITS ETF - VWRP.L,2019-11-10,64.47000122070312
Vanguard,VWRP.L,Vanguard FTSE All-World Accumulation UCITS ETF - VWRP.L,2019-11-11,64.03500366210938
Vanguard,VWRP.L,Vanguard FTSE All-World Accumulation UCITS ETF - VWRP.L,2019-11-12,64.40499877929688
Vanguard,VWRP.L,Vanguard FTSE All-World Accumulation UCITS ETF - VWRP.L,2019-11-13,64.11000061035156
Vanguard,VWRP.L,Vanguard FTSE All-World Accumulation UCITS ETF - VWRP.L,2019-11-14,63.91999816894531
Vanguard,VWRP.L,Vanguard FTSE All-World Accumulation UCITS ETF - VWRP.L,2019-11-15,64.25499725341797
Vanguard,VWRP.L,Vanguard FTSE All-World Accumulation UCITS ETF - VWRP.L,2019-11-16,64.25499725341797
Vanguard,VWRP.L,Vanguard FTSE All-World Accumulation UCITS ETF - VWRP.L,2019-11-17,64.25499725341797
Vanguard,VWRP.L,Vanguard FTSE All-World Accumulation UCITS ETF - VWRP.L,2019-11-18,64.04499816894531
Vanguard,VWRP.L,Vanguard FTSE All-World Accumulation UCITS ETF - VWRP.L,2019-11-19,64.18499755859375
Vanguard,VWRP.L,Vanguard FTSE All-World Accumulation UCITS ETF - VWRP.L,2019-11-20,64.18499755859375
Vanguard,VWRP.L,Vanguard FTSE All-World Accumulation UCITS ETF - VWRP.L,2019-11-21,63.91999816894531
Vanguard,VWRP.L,Vanguard FTSE All-World Accumulation UCITS ETF - VWRP.L,2019-11-22,64.3499984741211
Vanguard,VWRP.L,Vanguard FTSE All-World Accumulation UCITS ETF - VWRP.L,2019-11-23,64.3499984741211
Vanguard,VWRP.L,Vanguard FTSE All-World Accumulation UCITS ETF - VWRP.L,2019-11-24,64.3499984741211
Vanguard,VWRP.L,Vanguard FTSE All-World Accumulation UCITS ETF - VWRP.L,2019-11-25,64.52999877929688
Vanguard,VWRP.L,Vanguard FTSE All-World Accumulation UCITS ETF - VWRP.L,2019-11-26,64.91000366210938
Vanguard,VWRP.L,Vanguard FTSE All-World Accumulation UCITS ETF - VWRP.L,2019-11-27,64.81999969482422
Vanguard,VWRP.L,Vanguard FTSE All-World Accumulation UCITS ETF - VWRP.L,2019-11-28,64.7699966430664
Vanguard,VWRP.L,Vanguard FTSE All-World Accumulation UCITS ETF - VWRP.L,2019-11-29,64.47000122070312
Vanguard,VWRP.L,Vanguard FTSE All-World Accumulation UCITS ETF - VWRP.L,2019-11-30,64.47000122070312
Vanguard,VWRP.L,Vanguard FTSE All-World Accumulation UCITS ETF - VWRP.L,2019-12-01,64.47000122070312
Vanguard,VWRP.L,Vanguard FTSE All-World Accumulation UCITS ETF - VWRP.L,2019-12-02,63.8849983215332
Vanguard,VWRP.L,Vanguard FTSE All-World Accumulation UCITS ETF - VWRP.L,2019-12-03,62.970001220703125
Vanguard,VWRP.L,Vanguard FTSE All-World Accumulation UCITS ETF - VWRP.L,2019-12-04,63.189998626708984
Vanguard,VWRP.L,Vanguard FTSE All-World Accumulation UCITS ETF - VWRP.L,2019-12-05,62.94499969482422
Vanguard,VWRP.L,Vanguard FTSE All-World Accumulation UCITS ETF - VWRP.L,2019-12-06,63.755001068115234
Vanguard,VWRP.L,Vanguard FTSE All-World Accumulation UCITS ETF - VWRP.L,2019-12-07,63.755001068115234
Vanguard,VWRP.L,Vanguard FTSE All-World Accumulation UCITS ETF - VWRP.L,2019-12-08,63.755001068115234
Vanguard,VWRP.L,Vanguard FTSE All-World Accumulation UCITS ETF - VWRP.L,2019-12-09,63.4900016784668
Vanguard,VWRP.L,Vanguard FTSE All-World Accumulation UCITS ETF - VWRP.L,2019-12-10,63.29499816894531
Vanguard,VWRP.L,Vanguard FTSE All-World Accumulation UCITS ETF - VWRP.L,2019-12-11,63.349998474121094
Vanguard,VWRP.L,Vanguard FTSE All-World Accumulation UCITS ETF - VWRP.L,2019-12-12,64.15499877929688
Vanguard,VWRP.L,Vanguard FTSE All-World Accumulation UCITS ETF - VWRP.L,2019-12-13,63.2400016784668
Vanguard,VWRP.L,Vanguard FTSE All-World Accumulation UCITS ETF - VWRP.L,2019-12-14,63.2400016784668
Vanguard,VWRP.L,Vanguard FTSE All-World Accumulation UCITS ETF - VWRP.L,2019-12-15,63.2400016784668
Vanguard,VWRP.L,Vanguard FTSE All-World Accumulation UCITS ETF - VWRP.L,2019-12-16,64.11499786376953
Vanguard,VWRP.L,Vanguard FTSE All-World Accumulation UCITS ETF - VWRP.L,2019-12-17,64.9800033569336
Vanguard,VWRP.L,Vanguard FTSE All-World Accumulation UCITS ETF - VWRP.L,2019-12-18,65.33499908447266
Vanguard,VWRP.L,Vanguard FTSE All-World Accumulation UCITS ETF - VWRP.L,2019-12-19,65.6449966430664
Vanguard,VWRP.L,Vanguard FTSE All-World Accumulation UCITS ETF - VWRP.L,2019-12-20,65.84500122070312
Vanguard,VWRP.L,Vanguard FTSE All-World Accumulation UCITS ETF - VWRP.L,2019-12-21,65.84500122070312
Vanguard,VWRP.L,Vanguard FTSE All-World Accumulation UCITS ETF - VWRP.L,2019-12-22,65.84500122070312
Vanguard,VWRP.L,Vanguard FTSE All-World Accumulation UCITS ETF - VWRP.L,2019-12-23,66.52999877929688
Vanguard,VWRP.L,Vanguard FTSE All-World Accumulation UCITS ETF - VWRP.L,2019-12-24,66.4000015258789
Vanguard,VWRP.L,Vanguard FTSE All-World Accumulation UCITS ETF - VWRP.L,2019-12-25,66.4000015258789
Vanguard,VWRP.L,Vanguard FTSE All-World Accumulation UCITS ETF - VWRP.L,2019-12-26,66.4000015258789
Vanguard,VWRP.L,Vanguard FTSE All-World Accumulation UCITS ETF - VWRP.L,2019-12-27,66.08999633789062
Vanguard,VWRP.L,Vanguard FTSE All-World Accumulation UCITS ETF - VWRP.L,2019-12-28,66.08999633789062
Vanguard,VWRP.L,Vanguard FTSE All-World Accumulation UCITS ETF - VWRP.L,2019-12-29,66.08999633789062
Vanguard,VWRP.L,Vanguard FTSE All-World Accumulation UCITS ETF - VWRP.L,2019-12-30,65.52999877929688
Vanguard,VWRP.L,Vanguard FTSE All-World Accumulation UCITS ETF - VWRP.L,2019-12-31,65.13500213623047
Vanguard,VWRP.L,Vanguard FTSE All-World Accumulation UCITS ETF - VWRP.L,2020-01-01,65.13500213623047
Vanguard,VWRP.L,Vanguard FTSE All-World Accumulation UCITS ETF - VWRP.L,2020-01-02,65.87000274658203
Vanguard,VWRP.L,Vanguard FTSE All-World Accumulation UCITS ETF - VWRP.L,2020-01-03,65.95500183105469
Vanguard,VWRP.L,Vanguard FTSE All-World Accumulation UCITS ETF - VWRP.L,2020-01-04,65.95500183105469
Vanguard,VWRP.L,Vanguard FTSE All-World Accumulation UCITS ETF - VWRP.L,2020-01-05,65.95500183105469
Vanguard,VWRP.L,Vanguard FTSE All-World Accumulation UCITS ETF - VWRP.L,2020-01-06,65.48999786376953
Vanguard,VWRP.L,Vanguard FTSE All-World Accumulation UCITS ETF - VWRP.L,2020-01-07,65.91999816894531
Vanguard,VWRP.L,Vanguard FTSE All-World Accumulation UCITS ETF - VWRP.L,2020-01-08,66.08499908447266
Vanguard,VWRP.L,Vanguard FTSE All-World Accumulation UCITS ETF - VWRP.L,2020-01-09,66.62000274658203
Vanguard,VWRP.L,Vanguard FTSE All-World Accumulation UCITS ETF - VWRP.L,2020-01-10,66.7699966430664
Vanguard,VWRP.L,Vanguard FTSE All-World Accumulation UCITS ETF - VWRP.L,2020-01-11,66.7699966430664
Vanguard,VWRP.L,Vanguard FTSE All-World Accumulation UCITS ETF - VWRP.L,2020-01-12,66.7699966430664
Vanguard,VWRP.L,Vanguard FTSE All-World Accumulation UCITS ETF - VWRP.L,2020-01-13,67.19499969482422
Vanguard,VWRP.L,Vanguard FTSE All-World Accumulation UCITS ETF - VWRP.L,2020-01-14,67.2699966430664
Vanguard,VWRP.L,Vanguard FTSE All-World Accumulation UCITS ETF - VWRP.L,2020-01-15,67.2699966430664
Vanguard,VWRP.L,Vanguard FTSE All-World Accumulation UCITS ETF - VWRP.L,2020-01-16,67.23500061035156
Vanguard,VWRP.L,Vanguard FTSE All-World Accumulation UCITS ETF - VWRP.L,2020-01-17,67.68000030517578
Vanguard,VWRP.L,Vanguard FTSE All-World Accumulation UCITS ETF - VWRP.L,2020-01-18,67.68000030517578
Vanguard,VWRP.L,Vanguard FTSE All-World Accumulation UCITS ETF - VWRP.L,2020-01-19,67.68000030517578
Vanguard,VWRP.L,Vanguard FTSE All-World Accumulation UCITS ETF - VWRP.L,2020-01-20,67.8949966430664
Vanguard,VWRP.L,Vanguard FTSE All-World Accumulation UCITS ETF - VWRP.L,2020-01-21,67.4800033569336
Vanguard,VWRP.L,Vanguard FTSE All-World Accumulation UCITS ETF - VWRP.L,2020-01-22,67.03500366210938
Vanguard,VWRP.L,Vanguard FTSE All-World Accumulation UCITS ETF - VWRP.L,2020-01-23,66.61499786376953
Vanguard,VWRP.L,Vanguard FTSE All-World Accumulation UCITS ETF - VWRP.L,2020-01-24,67.12000274658203
Vanguard,VWRP.L,Vanguard FTSE All-World Accumulation UCITS ETF - VWRP.L,2020-01-25,67.12000274658203
Vanguard,VWRP.L,Vanguard FTSE All-World Accumulation UCITS ETF - VWRP.L,2020-01-26,67.12000274658203
Vanguard,VWRP.L,Vanguard FTSE All-World Accumulation UCITS ETF - VWRP.L,2020-01-27,65.58499908447266
Vanguard,VWRP.L,Vanguard FTSE All-World Accumulation UCITS ETF - VWRP.L,2020-01-28,66.54499816894531
Vanguard,VWRP.L,Vanguard FTSE All-World Accumulation UCITS ETF - VWRP.L,2020-01-29,66.68000030517578
Vanguard,VWRP.L,Vanguard FTSE All-World Accumulation UCITS ETF - VWRP.L,2020-01-30,65.4749984741211
Vanguard,VWRP.L,Vanguard FTSE All-World Accumulation UCITS ETF - VWRP.L,2020-01-31,64.45999908447266
Vanguard,VWRP.L,Vanguard FTSE All-World Accumulation UCITS ETF - VWRP.L,2020-02-01,64.45999908447266
Vanguard,VWRP.L,Vanguard FTSE All-World Accumulation UCITS ETF - VWRP.L,2020-02-02,64.45999908447266
Vanguard,VWRP.L,Vanguard FTSE All-World Accumulation UCITS ETF - VWRP.L,2020-02-03,65.76499938964844
Vanguard,VWRP.L,Vanguard FTSE All-World Accumulation UCITS ETF - VWRP.L,2020-02-04,66.7750015258789
Vanguard,VWRP.L,Vanguard FTSE All-World Accumulation UCITS ETF - VWRP.L,2020-02-05,67.40499877929688
Vanguard,VWRP.L,Vanguard FTSE All-World Accumulation UCITS ETF - VWRP.L,2020-02-06,68.0250015258789
Vanguard,VWRP.L,Vanguard FTSE All-World Accumulation UCITS ETF - VWRP.L,2020-02-07,67.8499984741211
Vanguard,VWRP.L,Vanguard FTSE All-World Accumulation UCITS ETF - VWRP.L,2020-02-08,67.8499984741211
Vanguard,VWRP.L,Vanguard FTSE All-World Accumulation UCITS ETF - VWRP.L,2020-02-09,67.8499984741211
Vanguard,VWRP.L,Vanguard FTSE All-World Accumulation UCITS ETF - VWRP.L,2020-02-10,67.7750015258789
Vanguard,VWRP.L,Vanguard FTSE All-World Accumulation UCITS ETF - VWRP.L,2020-02-11,68.30500030517578
Vanguard,VWRP.L,Vanguard FTSE All-World Accumulation UCITS ETF - VWRP.L,2020-02-12,68.3550033569336
Vanguard,VWRP.L,Vanguard FTSE All-World Accumulation UCITS ETF - VWRP.L,2020-02-13,67.79499816894531
Vanguard,VWRP.L,Vanguard FTSE All-World Accumulation UCITS ETF - VWRP.L,2020-02-14,67.88999938964844
Vanguard,VWRP.L,Vanguard FTSE All-World Accumulation UCITS ETF - VWRP.L,2020-02-15,67.88999938964844
Vanguard,VWRP.L,Vanguard FTSE All-World Accumulation UCITS ETF - VWRP.L,2020-02-16,67.88999938964844
Vanguard,VWRP.L,Vanguard FTSE All-World Accumulation UCITS ETF - VWRP.L,2020-02-17,68.1449966430664
Vanguard,VWRP.L,Vanguard FTSE All-World Accumulation UCITS ETF - VWRP.L,2020-02-18,67.45500183105469
Vanguard,VWRP.L,Vanguard FTSE All-World Accumulation UCITS ETF - VWRP.L,2020-02-19,68.45500183105469
Vanguard,VWRP.L,Vanguard FTSE All-World Accumulation UCITS ETF - VWRP.L,2020-02-20,68.13999938964844
Vanguard,VWRP.L,Vanguard FTSE All-World Accumulation UCITS ETF - VWRP.L,2020-02-21,67.45500183105469
Vanguard,VWRP.L,Vanguard FTSE All-World Accumulation UCITS ETF - VWRP.L,2020-02-22,67.45500183105469
Vanguard,VWRP.L,Vanguard FTSE All-World Accumulation UCITS ETF - VWRP.L,2020-02-23,67.45500183105469
Vanguard,VWRP.L,Vanguard FTSE All-World Accumulation UCITS ETF - VWRP.L,2020-02-24,65.46499633789062
Vanguard,VWRP.L,Vanguard FTSE All-World Accumulation UCITS ETF - VWRP.L,2020-02-25,64.16999816894531
Vanguard,VWRP.L,Vanguard FTSE All-World Accumulation UCITS ETF - VWRP.L,2020-02-26,64.57499694824219
Vanguard,VWRP.L,Vanguard FTSE All-World Accumulation UCITS ETF - VWRP.L,2020-02-27,62.56999969482422
Vanguard,VWRP.L,Vanguard FTSE All-World Accumulation UCITS ETF - VWRP.L,2020-02-28,60.53499984741211
Vanguard,VWRP.L,Vanguard FTSE All-World Accumulation UCITS ETF - VWRP.L,2020-02-29,60.53499984741211
Vanguard,VWRP.L,Vanguard FTSE All-World Accumulation UCITS ETF - VWRP.L,2020-03-01,60.53499984741211
Vanguard,VWRP.L,Vanguard FTSE All-World Accumulation UCITS ETF - VWRP.L,2020-03-02,62.30500030517578
Vanguard,VWRP.L,Vanguard FTSE All-World Accumulation UCITS ETF - VWRP.L,2020-03-03,62.54499816894531
Vanguard,VWRP.L,Vanguard FTSE All-World Accumulation UCITS ETF - VWRP.L,2020-03-04,63.099998474121094
Vanguard,VWRP.L,Vanguard FTSE All-World Accumulation UCITS ETF - VWRP.L,2020-03-05,62.64500045776367
Vanguard,VWRP.L,Vanguard FTSE All-World Accumulation UCITS ETF - VWRP.L,2020-03-06,59.974998474121094
Vanguard,VWRP.L,Vanguard FTSE All-World Accumulation UCITS ETF - VWRP.L,2020-03-07,59.974998474121094
Vanguard,VWRP.L,Vanguard FTSE All-World Accumulation UCITS ETF - VWRP.L,2020-03-08,59.974998474121094
Vanguard,VWRP.L,Vanguard FTSE All-World Accumulation UCITS ETF - VWRP.L,2020-03-09,56.119998931884766
Vanguard,VWRP.L,Vanguard FTSE All-World Accumulation UCITS ETF - VWRP.L,2020-03-10,56.564998626708984
Vanguard,VWRP.L,Vanguard FTSE All-World Accumulation UCITS ETF - VWRP.L,2020-03-11,56.625
Vanguard,VWRP.L,Vanguard FTSE All-World Accumulation UCITS ETF - VWRP.L,2020-03-12,52.23500061035156
Vanguard,VWRP.L,Vanguard FTSE All-World Accumulation UCITS ETF - VWRP.L,2020-03-13,53.0099983215332
Vanguard,VWRP.L,Vanguard FTSE All-World Accumulation UCITS ETF - VWRP.L,2020-03-14,53.0099983215332
Vanguard,VWRP.L,Vanguard FTSE All-World Accumulation UCITS ETF - VWRP.L,2020-03-15,53.0099983215332
Vanguard,VWRP.L,Vanguard FTSE All-World Accumulation UCITS ETF - VWRP.L,2020-03-16,52.654998779296875
Vanguard,VWRP.L,Vanguard FTSE All-World Accumulation UCITS ETF - VWRP.L,2020-03-17,53.70000076293945
Vanguard,VWRP.L,Vanguard FTSE All-World Accumulation UCITS ETF - VWRP.L,2020-03-18,52.224998474121094
Vanguard,VWRP.L,Vanguard FTSE All-World Accumulation UCITS ETF - VWRP.L,2020-03-19,53.29999923706055
Vanguard,VWRP.L,Vanguard FTSE All-World Accumulation UCITS ETF - VWRP.L,2020-03-20,52.68000030517578
Vanguard,VWRP.L,Vanguard FTSE All-World Accumulation UCITS ETF - VWRP.L,2020-03-21,52.68000030517578
Vanguard,VWRP.L,Vanguard FTSE All-World Accumulation UCITS ETF - VWRP.L,2020-03-22,52.68000030517578
Vanguard,VWRP.L,Vanguard FTSE All-World Accumulation UCITS ETF - VWRP.L,2020-03-23,51.27000045776367
Vanguard,VWRP.L,Vanguard FTSE All-World Accumulation UCITS ETF - VWRP.L,2020-03-24,54.48500061035156
Vanguard,VWRP.L,Vanguard FTSE All-World Accumulation UCITS ETF - VWRP.L,2020-03-25,55.90999984741211
Vanguard,VWRP.L,Vanguard FTSE All-World Accumulation UCITS ETF - VWRP.L,2020-03-26,56.17499923706055
Vanguard,VWRP.L,Vanguard FTSE All-World Accumulation UCITS ETF - VWRP.L,2020-03-27,53.625
Vanguard,VWRP.L,Vanguard FTSE All-World Accumulation UCITS ETF - VWRP.L,2020-03-28,53.625
Vanguard,VWRP.L,Vanguard FTSE All-World Accumulation UCITS ETF - VWRP.L,2020-03-29,53.625
Vanguard,VWRP.L,Vanguard FTSE All-World Accumulation UCITS ETF - VWRP.L,2020-03-30,54.724998474121094
Vanguard,VWRP.L,Vanguard FTSE All-World Accumulation UCITS ETF - VWRP.L,2020-03-31,55.19499969482422
Vanguard,VWRP.L,Vanguard FTSE All-World Accumulation UCITS ETF - VWRP.L,2020-04-01,52.98500061035156
Vanguard,VWRP.L,Vanguard FTSE All-World Accumulation UCITS ETF - VWRP.L,2020-04-02,52.97999954223633
Vanguard,VWRP.L,Vanguard FTSE All-World Accumulation UCITS ETF - VWRP.L,2020-04-03,53.21500015258789
Vanguard,VWRP.L,Vanguard FTSE All-World Accumulation UCITS ETF - VWRP.L,2020-04-04,53.21500015258789
Vanguard,VWRP.L,Vanguard FTSE All-World Accumulation UCITS ETF - VWRP.L,2020-04-05,53.21500015258789
Vanguard,VWRP.L,Vanguard FTSE All-World Accumulation UCITS ETF - VWRP.L,2020-04-06,55.42499923706055
Vanguard,VWRP.L,Vanguard FTSE All-World Accumulation UCITS ETF - VWRP.L,2020-04-07,57.119998931884766
Vanguard,VWRP.L,Vanguard FTSE All-World Accumulation UCITS ETF - VWRP.L,2020-04-08,56.564998626708984
Vanguard,VWRP.L,Vanguard FTSE All-World Accumulation UCITS ETF - VWRP.L,2020-04-09,57.73500061035156
Vanguard,VWRP.L,Vanguard FTSE All-World Accumulation UCITS ETF - VWRP.L,2020-04-10,57.73500061035156
Vanguard,VWRP.L,Vanguard FTSE All-World Accumulation UCITS ETF - VWRP.L,2020-04-11,57.73500061035156
Vanguard,VWRP.L,Vanguard FTSE All-World Accumulation UCITS ETF - VWRP.L,2020-04-12,57.73500061035156
Vanguard,VWRP.L,Vanguard FTSE All-World Accumulation UCITS ETF - VWRP.L,2020-04-13,57.73500061035156
Vanguard,VWRP.L,Vanguard FTSE All-World Accumulation UCITS ETF - VWRP.L,2020-04-14,57.685001373291016
Vanguard,VWRP.L,Vanguard FTSE All-World Accumulation UCITS ETF - VWRP.L,2020-04-15,56.80500030517578
Vanguard,VWRP.L,Vanguard FTSE All-World Accumulation UCITS ETF - VWRP.L,2020-04-16,57.55500030517578
Vanguard,VWRP.L,Vanguard FTSE All-World Accumulation UCITS ETF - VWRP.L,2020-04-17,58.29999923706055
Vanguard,VWRP.L,Vanguard FTSE All-World Accumulation UCITS ETF - VWRP.L,2020-04-18,58.29999923706055
Vanguard,VWRP.L,Vanguard FTSE All-World Accumulation UCITS ETF - VWRP.L,2020-04-19,58.29999923706055
Vanguard,VWRP.L,Vanguard FTSE All-World Accumulation UCITS ETF - VWRP.L,2020-04-20,58.80500030517578
Vanguard,VWRP.L,Vanguard FTSE All-World Accumulation UCITS ETF - VWRP.L,2020-04-21,57.224998474121094
Vanguard,VWRP.L,Vanguard FTSE All-World Accumulation UCITS ETF - VWRP.L,2020-04-22,58.20000076293945
Vanguard,VWRP.L,Vanguard FTSE All-World Accumulation UCITS ETF - VWRP.L,2020-04-23,58.79499816894531
Vanguard,VWRP.L,Vanguard FTSE All-World Accumulation UCITS ETF - VWRP.L,2020-04-24,58.18000030517578
Vanguard,VWRP.L,Vanguard FTSE All-World Accumulation UCITS ETF - VWRP.L,2020-04-25,58.18000030517578
Vanguard,VWRP.L,Vanguard FTSE All-World Accumulation UCITS ETF - VWRP.L,2020-04-26,58.18000030517578
Vanguard,VWRP.L,Vanguard FTSE All-World Accumulation UCITS ETF - VWRP.L,2020-04-27,59.19499969482422
Vanguard,VWRP.L,Vanguard FTSE All-World Accumulation UCITS ETF - VWRP.L,2020-04-28,59.54999923706055
Vanguard,VWRP.L,Vanguard FTSE All-World Accumulation UCITS ETF - VWRP.L,2020-04-29,60.790000915527344
Vanguard,VWRP.L,Vanguard FTSE All-World Accumulation UCITS ETF - VWRP.L,2020-04-30,59.369998931884766
Vanguard,VWRP.L,Vanguard FTSE All-World Accumulation UCITS ETF - VWRP.L,2020-05-01,58.16999816894531
Vanguard,VWRP.L,Vanguard FTSE All-World Accumulation UCITS ETF - VWRP.L,2020-05-02,58.16999816894531
Vanguard,VWRP.L,Vanguard FTSE All-World Accumulation UCITS ETF - VWRP.L,2020-05-03,58.16999816894531
Vanguard,VWRP.L,Vanguard FTSE All-World Accumulation UCITS ETF - VWRP.L,2020-05-04,58.08000183105469
Vanguard,VWRP.L,Vanguard FTSE All-World Accumulation UCITS ETF - VWRP.L,2020-05-05,59.345001220703125
Vanguard,VWRP.L,Vanguard FTSE All-World Accumulation UCITS ETF - VWRP.L,2020-05-06,59.39500045776367
Vanguard,VWRP.L,Vanguard FTSE All-World Accumulation UCITS ETF - VWRP.L,2020-05-07,60.119998931884766
Vanguard,VWRP.L,Vanguard FTSE All-World Accumulation UCITS ETF - VWRP.L,2020-05-08,60.119998931884766
Vanguard,VWRP.L,Vanguard FTSE All-World Accumulation UCITS ETF - VWRP.L,2020-05-09,60.119998931884766
Vanguard,VWRP.L,Vanguard FTSE All-World Accumulation UCITS ETF - VWRP.L,2020-05-10,60.119998931884766
Vanguard,VWRP.L,Vanguard FTSE All-World Accumulation UCITS ETF - VWRP.L,2020-05-11,60.70000076293945
Vanguard,VWRP.L,Vanguard FTSE All-World Accumulation UCITS ETF - VWRP.L,2020-05-12,61.1349983215332
Vanguard,VWRP.L,Vanguard FTSE All-World Accumulation UCITS ETF - VWRP.L,2020-05-13,60.07500076293945
Vanguard,VWRP.L,Vanguard FTSE All-World Accumulation UCITS ETF - VWRP.L,2020-05-14,59.17499923706055
Vanguard,VWRP.L,Vanguard FTSE All-World Accumulation UCITS ETF - VWRP.L,2020-05-15,60.01499938964844
Vanguard,VWRP.L,Vanguard FTSE All-World Accumulation UCITS ETF - VWRP.L,2020-05-16,60.01499938964844
Vanguard,VWRP.L,Vanguard FTSE All-World Accumulation UCITS ETF - VWRP.L,2020-05-17,60.01499938964844
Vanguard,VWRP.L,Vanguard FTSE All-World Accumulation UCITS ETF - VWRP.L,2020-05-18,62.119998931884766
Vanguard,VWRP.L,Vanguard FTSE All-World Accumulation UCITS ETF - VWRP.L,2020-05-19,62.0
Vanguard,VWRP.L,Vanguard FTSE All-World Accumulation UCITS ETF - VWRP.L,2020-05-20,62.44499969482422
Vanguard,VWRP.L,Vanguard FTSE All-World Accumulation UCITS ETF - VWRP.L,2020-05-21,61.77000045776367
Vanguard,VWRP.L,Vanguard FTSE All-World Accumulation UCITS ETF - VWRP.L,2020-05-22,61.775001525878906
Vanguard,VWRP.L,Vanguard FTSE All-World Accumulation UCITS ETF - VWRP.L,2020-05-23,61.775001525878906
Vanguard,VWRP.L,Vanguard FTSE All-World Accumulation UCITS ETF - VWRP.L,2020-05-24,61.775001525878906
Vanguard,VWRP.L,Vanguard FTSE All-World Accumulation UCITS ETF - VWRP.L,2020-05-25,61.775001525878906
Vanguard,VWRP.L,Vanguard FTSE All-World Accumulation UCITS ETF - VWRP.L,2020-05-26,62.70000076293945
Vanguard,VWRP.L,Vanguard FTSE All-World Accumulation UCITS ETF - VWRP.L,2020-05-27,63.025001525878906
Vanguard,VWRP.L,Vanguard FTSE All-World Accumulation UCITS ETF - VWRP.L,2020-05-28,63.8849983215332
Vanguard,VWRP.L,Vanguard FTSE All-World Accumulation UCITS ETF - VWRP.L,2020-05-29,62.90999984741211
Vanguard,VWRP.L,Vanguard FTSE All-World Accumulation UCITS ETF - VWRP.L,2020-05-30,62.90999984741211
Vanguard,VWRP.L,Vanguard FTSE All-World Accumulation UCITS ETF - VWRP.L,2020-05-31,62.90999984741211
Vanguard,VWRP.L,Vanguard FTSE All-World Accumulation UCITS ETF - VWRP.L,2020-06-01,63.30500030517578
Vanguard,VWRP.L,Vanguard FTSE All-World Accumulation UCITS ETF - VWRP.L,2020-06-02,63.56999969482422
Vanguard,VWRP.L,Vanguard FTSE All-World Accumulation UCITS ETF - VWRP.L,2020-06-03,64.57499694824219
Vanguard,VWRP.L,Vanguard FTSE All-World Accumulation UCITS ETF - VWRP.L,2020-06-04,64.44000244140625
Vanguard,VWRP.L,Vanguard FTSE All-World Accumulation UCITS ETF - VWRP.L,2020-06-05,65.58499908447266
Vanguard,VWRP.L,Vanguard FTSE All-World Accumulation UCITS ETF - VWRP.L,2020-06-06,65.58499908447266
Vanguard,VWRP.L,Vanguard FTSE All-World Accumulation UCITS ETF - VWRP.L,2020-06-07,65.58499908447266
Vanguard,VWRP.L,Vanguard FTSE All-World Accumulation UCITS ETF - VWRP.L,2020-06-08,65.72000122070312
Vanguard,VWRP.L,Vanguard FTSE All-World Accumulation UCITS ETF - VWRP.L,2020-06-09,65.37999725341797
Vanguard,VWRP.L,Vanguard FTSE All-World Accumulation UCITS ETF - VWRP.L,2020-06-10,65.08999633789062
Vanguard,VWRP.L,Vanguard FTSE All-World Accumulation UCITS ETF - VWRP.L,2020-06-11,63.459999084472656
Vanguard,VWRP.L,Vanguard FTSE All-World Accumulation UCITS ETF - VWRP.L,2020-06-12,63.03499984741211
Vanguard,VWRP.L,Vanguard FTSE All-World Accumulation UCITS ETF - VWRP.L,2020-06-13,63.03499984741211
Vanguard,VWRP.L,Vanguard FTSE All-World Accumulation UCITS ETF - VWRP.L,2020-06-14,63.03499984741211
Vanguard,VWRP.L,Vanguard FTSE All-World Accumulation UCITS ETF - VWRP.L,2020-06-15,62.7599983215332
Vanguard,VWRP.L,Vanguard FTSE All-World Accumulation UCITS ETF - VWRP.L,2020-06-16,64.54000091552734
Vanguard,VWRP.L,Vanguard FTSE All-World Accumulation UCITS ETF - VWRP.L,2020-06-17,64.93000030517578
Vanguard,VWRP.L,Vanguard FTSE All-World Accumulation UCITS ETF - VWRP.L,2020-06-18,65.33000183105469
Vanguard,VWRP.L,Vanguard FTSE All-World Accumulation UCITS ETF - VWRP.L,2020-06-19,66.03500366210938
Vanguard,VWRP.L,Vanguard FTSE All-World Accumulation UCITS ETF - VWRP.L,2020-06-20,66.03500366210938
Vanguard,VWRP.L,Vanguard FTSE All-World Accumulation UCITS ETF - VWRP.L,2020-06-21,66.03500366210938
Vanguard,VWRP.L,Vanguard FTSE All-World Accumulation UCITS ETF - VWRP.L,2020-06-22,65.22000122070312
Vanguard,VWRP.L,Vanguard FTSE All-World Accumulation UCITS ETF - VWRP.L,2020-06-23,65.81500244140625
Vanguard,VWRP.L,Vanguard FTSE All-World Accumulation UCITS ETF - VWRP.L,2020-06-24,64.37999725341797
Vanguard,VWRP.L,Vanguard FTSE All-World Accumulation UCITS ETF - VWRP.L,2020-06-25,64.47000122070312
Vanguard,VWRP.L,Vanguard FTSE All-World Accumulation UCITS ETF - VWRP.L,2020-06-26,64.51000213623047
Vanguard,VWRP.L,Vanguard FTSE All-World Accumulation UCITS ETF - VWRP.L,2020-06-27,64.51000213623047
Vanguard,VWRP.L,Vanguard FTSE All-World Accumulation UCITS ETF - VWRP.L,2020-06-28,64.51000213623047
Vanguard,VWRP.L,Vanguard FTSE All-World Accumulation UCITS ETF - VWRP.L,2020-06-29,65.13500213623047
Vanguard,VWRP.L,Vanguard FTSE All-World Accumulation UCITS ETF - VWRP.L,2020-06-30,64.91999816894531
Vanguard,VWRP.L,Vanguard FTSE All-World Accumulation UCITS ETF - VWRP.L,2020-07-01,64.8550033569336
Vanguard,VWRP.L,Vanguard FTSE All-World Accumulation UCITS ETF - VWRP.L,2020-07-02,65.79000091552734
Vanguard,VWRP.L,Vanguard FTSE All-World Accumulation UCITS ETF - VWRP.L,2020-07-03,65.53500366210938
Vanguard,VWRP.L,Vanguard FTSE All-World Accumulation UCITS ETF - VWRP.L,2020-07-04,65.53500366210938
Vanguard,VWRP.L,Vanguard FTSE All-World Accumulation UCITS ETF - VWRP.L,2020-07-05,65.53500366210938
Vanguard,VWRP.L,Vanguard FTSE All-World Accumulation UCITS ETF - VWRP.L,2020-07-06,66.78500366210938
Vanguard,VWRP.L,Vanguard FTSE All-World Accumulation UCITS ETF - VWRP.L,2020-07-07,66.25
Vanguard,VWRP.L,Vanguard FTSE All-World Accumulation UCITS ETF - VWRP.L,2020-07-08,65.72000122070312
Vanguard,VWRP.L,Vanguard FTSE All-World Accumulation UCITS ETF - VWRP.L,2020-07-09,65.18000030517578
Vanguard,VWRP.L,Vanguard FTSE All-World Accumulation UCITS ETF - VWRP.L,2020-07-10,65.65499877929688
Vanguard,VWRP.L,Vanguard FTSE All-World Accumulation UCITS ETF - VWRP.L,2020-07-11,65.65499877929688
Vanguard,VWRP.L,Vanguard FTSE All-World Accumulation UCITS ETF - VWRP.L,2020-07-12,65.65499877929688
Vanguard,VWRP.L,Vanguard FTSE All-World Accumulation UCITS ETF - VWRP.L,2020-07-13,67.05000305175781
Vanguard,VWRP.L,Vanguard FTSE All-World Accumulation UCITS ETF - VWRP.L,2020-07-14,66.19999694824219
Vanguard,VWRP.L,Vanguard FTSE All-World Accumulation UCITS ETF - VWRP.L,2020-07-15,67.15499877929688
Vanguard,VWRP.L,Vanguard FTSE All-World Accumulation UCITS ETF - VWRP.L,2020-07-16,66.63999938964844
Vanguard,VWRP.L,Vanguard FTSE All-World Accumulation UCITS ETF - VWRP.L,2020-07-17,67.29499816894531
Vanguard,VWRP.L,Vanguard FTSE All-World Accumulation UCITS ETF - VWRP.L,2020-07-18,67.29499816894531
Vanguard,VWRP.L,Vanguard FTSE All-World Accumulation UCITS ETF - VWRP.L,2020-07-19,67.29499816894531
Vanguard,VWRP.L,Vanguard FTSE All-World Accumulation UCITS ETF - VWRP.L,2020-07-20,67.02999877929688
Vanguard,VWRP.L,Vanguard FTSE All-World Accumulation UCITS ETF - VWRP.L,2020-07-21,67.27999877929688
Vanguard,VWRP.L,Vanguard FTSE All-World Accumulation UCITS ETF - VWRP.L,2020-07-22,67.08499908447266
Vanguard,VWRP.L,Vanguard FTSE All-World Accumulation UCITS ETF - VWRP.L,2020-07-23,67.24500274658203
Vanguard,VWRP.L,Vanguard FTSE All-World Accumulation UCITS ETF - VWRP.L,2020-07-24,66.04499816894531
Vanguard,VWRP.L,Vanguard FTSE All-World Accumulation UCITS ETF - VWRP.L,2020-07-25,66.04499816894531
Vanguard,VWRP.L,Vanguard FTSE All-World Accumulation UCITS ETF - VWRP.L,2020-07-26,66.04499816894531
Vanguard,VWRP.L,Vanguard FTSE All-World Accumulation UCITS ETF - VWRP.L,2020-07-27,65.87999725341797
Vanguard,VWRP.L,Vanguard FTSE All-World Accumulation UCITS ETF - VWRP.L,2020-07-28,65.80000305175781
Vanguard,VWRP.L,Vanguard FTSE All-World Accumulation UCITS ETF - VWRP.L,2020-07-29,65.7750015258789
Vanguard,VWRP.L,Vanguard FTSE All-World Accumulation UCITS ETF - VWRP.L,2020-07-30,64.87999725341797
Vanguard,VWRP.L,Vanguard FTSE All-World Accumulation UCITS ETF - VWRP.L,2020-07-31,64.29000091552734
Vanguard,VWRP.L,Vanguard FTSE All-World Accumulation UCITS ETF - VWRP.L,2020-08-01,64.29000091552734
Vanguard,VWRP.L,Vanguard FTSE All-World Accumulation UCITS ETF - VWRP.L,2020-08-02,64.29000091552734
Vanguard,VWRP.L,Vanguard FTSE All-World Accumulation UCITS ETF - VWRP.L,2020-08-03,65.65499877929688
Vanguard,VWRP.L,Vanguard FTSE All-World Accumulation UCITS ETF - VWRP.L,2020-08-04,65.75
Vanguard,VWRP.L,Vanguard FTSE All-World Accumulation UCITS ETF - VWRP.L,2020-08-05,66.05000305175781
Vanguard,VWRP.L,Vanguard FTSE All-World Accumulation UCITS ETF - VWRP.L,2020-08-06,65.84500122070312
Vanguard,VWRP.L,Vanguard FTSE All-World Accumulation UCITS ETF - VWRP.L,2020-08-07,66.32499694824219
Vanguard,VWRP.L,Vanguard FTSE All-World Accumulation UCITS ETF - VWRP.L,2020-08-08,66.32499694824219
Vanguard,VWRP.L,Vanguard FTSE All-World Accumulation UCITS ETF - VWRP.L,2020-08-09,66.32499694824219
Vanguard,VWRP.L,Vanguard FTSE All-World Accumulation UCITS ETF - VWRP.L,2020-08-10,66.20500183105469
Vanguard,VWRP.L,Vanguard FTSE All-World Accumulation UCITS ETF - VWRP.L,2020-08-11,66.98999786376953
Vanguard,VWRP.L,Vanguard FTSE All-World Accumulation UCITS ETF - VWRP.L,2020-08-12,67.5
Vanguard,VWRP.L,Vanguard FTSE All-World Accumulation UCITS ETF - VWRP.L,2020-08-13,67.33499908447266
Vanguard,VWRP.L,Vanguard FTSE All-World Accumulation UCITS ETF - VWRP.L,2020-08-14,66.95999908447266
Vanguard,VWRP.L,Vanguard FTSE All-World Accumulation UCITS ETF - VWRP.L,2020-08-15,66.95999908447266
Vanguard,VWRP.L,Vanguard FTSE All-World Accumulation UCITS ETF - VWRP.L,2020-08-16,66.95999908447266
Vanguard,VWRP.L,Vanguard FTSE All-World Accumulation UCITS ETF - VWRP.L,2020-08-17,67.3499984741211
Vanguard,VWRP.L,Vanguard FTSE All-World Accumulation UCITS ETF - VWRP.L,2020-08-18,66.69999694824219
Vanguard,VWRP.L,Vanguard FTSE All-World Accumulation UCITS ETF - VWRP.L,2020-08-19,67.04499816894531
Vanguard,VWRP.L,Vanguard FTSE All-World Accumulation UCITS ETF - VWRP.L,2020-08-20,66.58999633789062
Vanguard,VWRP.L,Vanguard FTSE All-World Accumulation UCITS ETF - VWRP.L,2020-08-21,67.04000091552734
Vanguard,VWRP.L,Vanguard FTSE All-World Accumulation UCITS ETF - VWRP.L,2020-08-22,67.04000091552734
Vanguard,VWRP.L,Vanguard FTSE All-World Accumulation UCITS ETF - VWRP.L,2020-08-23,67.04000091552734
Vanguard,VWRP.L,Vanguard FTSE All-World Accumulation UCITS ETF - VWRP.L,2020-08-24,67.87000274658203
Vanguard,VWRP.L,Vanguard FTSE All-World Accumulation UCITS ETF - VWRP.L,2020-08-25,67.86000061035156
Vanguard,VWRP.L,Vanguard FTSE All-World Accumulation UCITS ETF - VWRP.L,2020-08-26,68.01499938964844
Vanguard,VWRP.L,Vanguard FTSE All-World Accumulation UCITS ETF - VWRP.L,2020-08-27,68.16999816894531
Vanguard,VWRP.L,Vanguard FTSE All-World Accumulation UCITS ETF - VWRP.L,2020-08-28,67.62000274658203
Vanguard,VWRP.L,Vanguard FTSE All-World Accumulation UCITS ETF - VWRP.L,2020-08-29,67.62000274658203
Vanguard,VWRP.L,Vanguard FTSE All-World Accumulation UCITS ETF - VWRP.L,2020-08-30,67.62000274658203
Vanguard,VWRP.L,Vanguard FTSE All-World Accumulation UCITS ETF - VWRP.L,2020-08-31,67.62000274658203
Vanguard,VWRP.L,Vanguard FTSE All-World Accumulation UCITS ETF - VWRP.L,2020-09-01,67.2699966430664
Vanguard,VWRP.L,Vanguard FTSE All-World Accumulation UCITS ETF - VWRP.L,2020-09-02,68.3499984741211
Vanguard,VWRP.L,Vanguard FTSE All-World Accumulation UCITS ETF - VWRP.L,2020-09-03,67.2750015258789
Vanguard,VWRP.L,Vanguard FTSE All-World Accumulation UCITS ETF - VWRP.L,2020-09-04,66.22000122070312
Vanguard,VWRP.L,Vanguard FTSE All-World Accumulation UCITS ETF - VWRP.L,2020-09-05,66.22000122070312
Vanguard,VWRP.L,Vanguard FTSE All-World Accumulation UCITS ETF - VWRP.L,2020-09-06,66.22000122070312
Vanguard,VWRP.L,Vanguard FTSE All-World Accumulation UCITS ETF - VWRP.L,2020-09-07,67.3949966430664
Vanguard,VWRP.L,Vanguard FTSE All-World Accumulation UCITS ETF - VWRP.L,2020-09-08,66.91999816894531
Vanguard,VWRP.L,Vanguard FTSE All-World Accumulation UCITS ETF - VWRP.L,2020-09-09,67.79000091552734
Vanguard,VWRP.L,Vanguard FTSE All-World Accumulation UCITS ETF - VWRP.L,2020-09-10,68.66000366210938
Vanguard,VWRP.L,Vanguard FTSE All-World Accumulation UCITS ETF - VWRP.L,2020-09-11,68.51499938964844
Vanguard,VWRP.L,Vanguard FTSE All-World Accumulation UCITS ETF - VWRP.L,2020-09-12,68.51499938964844
Vanguard,VWRP.L,Vanguard FTSE All-World Accumulation UCITS ETF - VWRP.L,2020-09-13,68.51499938964844
Vanguard,VWRP.L,Vanguard FTSE All-World Accumulation UCITS ETF - VWRP.L,2020-09-14,68.73999786376953
Vanguard,VWRP.L,Vanguard FTSE All-World Accumulation UCITS ETF - VWRP.L,2020-09-15,69.31999969482422
Vanguard,VWRP.L,Vanguard FTSE All-World Accumulation UCITS ETF - VWRP.L,2020-09-16,68.73999786376953
Vanguard,VWRP.L,Vanguard FTSE All-World Accumulation UCITS ETF - VWRP.L,2020-09-17,68.11000061035156
Vanguard,VWRP.L,Vanguard FTSE All-World Accumulation UCITS ETF - VWRP.L,2020-09-18,67.83999633789062
Vanguard,VWRP.L,Vanguard FTSE All-World Accumulation UCITS ETF - VWRP.L,2020-09-19,67.83999633789062
Vanguard,VWRP.L,Vanguard FTSE All-World Accumulation UCITS ETF - VWRP.L,2020-09-20,67.83999633789062
Vanguard,VWRP.L,Vanguard FTSE All-World Accumulation UCITS ETF - VWRP.L,2020-09-21,66.4800033569336
Vanguard,VWRP.L,Vanguard FTSE All-World Accumulation UCITS ETF - VWRP.L,2020-09-22,67.36499786376953
Vanguard,VWRP.L,Vanguard FTSE All-World Accumulation UCITS ETF - VWRP.L,2020-09-23,67.51000213623047
Vanguard,VWRP.L,Vanguard FTSE All-World Accumulation UCITS ETF - VWRP.L,2020-09-24,66.62000274658203
Vanguard,VWRP.L,Vanguard FTSE All-World Accumulation UCITS ETF - VWRP.L,2020-09-25,67.0999984741211
Vanguard,VWRP.L,Vanguard FTSE All-World Accumulation UCITS ETF - VWRP.L,2020-09-26,67.0999984741211
Vanguard,VWRP.L,Vanguard FTSE All-World Accumulation UCITS ETF - VWRP.L,2020-09-27,67.0999984741211
Vanguard,VWRP.L,Vanguard FTSE All-World Accumulation UCITS ETF - VWRP.L,2020-09-28,67.77999877929688
Vanguard,VWRP.L,Vanguard FTSE All-World Accumulation UCITS ETF - VWRP.L,2020-09-29,67.62000274658203
Vanguard,VWRP.L,Vanguard FTSE All-World Accumulation UCITS ETF - VWRP.L,2020-09-30,67.79499816894531
Vanguard,VWRP.L,Vanguard FTSE All-World Accumulation UCITS ETF - VWRP.L,2020-10-01,68.1449966430664
Vanguard,VWRP.L,Vanguard FTSE All-World Accumulation UCITS ETF - VWRP.L,2020-10-02,67.52999877929688
Vanguard,VWRP.L,Vanguard FTSE All-World Accumulation UCITS ETF - VWRP.L,2020-10-03,67.52999877929688
Vanguard,VWRP.L,Vanguard FTSE All-World Accumulation UCITS ETF - VWRP.L,2020-10-04,67.52999877929688
Vanguard,VWRP.L,Vanguard FTSE All-World Accumulation UCITS ETF - VWRP.L,2020-10-05,68.19000244140625
Vanguard,VWRP.L,Vanguard FTSE All-World Accumulation UCITS ETF - VWRP.L,2020-10-06,68.38999938964844
Vanguard,VWRP.L,Vanguard FTSE All-World Accumulation UCITS ETF - VWRP.L,2020-10-07,68.68000030517578
Vanguard,VWRP.L,Vanguard FTSE All-World Accumulation UCITS ETF - VWRP.L,2020-10-08,69.18000030517578
Vanguard,VWRP.L,Vanguard FTSE All-World Accumulation UCITS ETF - VWRP.L,2020-10-09,69.33499908447266
Vanguard,VWRP.L,Vanguard FTSE All-World Accumulation UCITS ETF - VWRP.L,2020-10-10,69.33499908447266
Vanguard,VWRP.L,Vanguard FTSE All-World Accumulation UCITS ETF - VWRP.L,2020-10-11,69.33499908447266
Vanguard,VWRP.L,Vanguard FTSE All-World Accumulation UCITS ETF - VWRP.L,2020-10-12,69.83999633789062
Vanguard,VWRP.L,Vanguard FTSE All-World Accumulation UCITS ETF - VWRP.L,2020-10-13,70.125
Vanguard,VWRP.L,Vanguard FTSE All-World Accumulation UCITS ETF - VWRP.L,2020-10-14,69.74500274658203
Vanguard,VWRP.L,Vanguard FTSE All-World Accumulation UCITS ETF - VWRP.L,2020-10-15,69.19499969482422
Vanguard,VWRP.L,Vanguard FTSE All-World Accumulation UCITS ETF - VWRP.L,2020-10-16,69.9000015258789
Vanguard,VWRP.L,Vanguard FTSE All-World Accumulation UCITS ETF - VWRP.L,2020-10-17,69.9000015258789
Vanguard,VWRP.L,Vanguard FTSE All-World Accumulation UCITS ETF - VWRP.L,2020-10-18,69.9000015258789
Vanguard,VWRP.L,Vanguard FTSE All-World Accumulation UCITS ETF - VWRP.L,2020-10-19,69.30999755859375
Vanguard,VWRP.L,Vanguard FTSE All-World Accumulation UCITS ETF - VWRP.L,2020-10-20,69.13999938964844
Vanguard,VWRP.L,Vanguard FTSE All-World Accumulation UCITS ETF - VWRP.L,2020-10-21,68.05000305175781
Vanguard,VWRP.L,Vanguard FTSE All-World Accumulation UCITS ETF - VWRP.L,2020-10-22,68.19999694824219
Vanguard,VWRP.L,Vanguard FTSE All-World Accumulation UCITS ETF - VWRP.L,2020-10-23,68.65499877929688
Vanguard,VWRP.L,Vanguard FTSE All-World Accumulation UCITS ETF - VWRP.L,2020-10-24,68.65499877929688
Vanguard,VWRP.L,Vanguard FTSE All-World Accumulation UCITS ETF - VWRP.L,2020-10-25,68.65499877929688
Vanguard,VWRP.L,Vanguard FTSE All-World Accumulation UCITS ETF - VWRP.L,2020-10-26,67.83499908447266
Vanguard,VWRP.L,Vanguard FTSE All-World Accumulation UCITS ETF - VWRP.L,2020-10-27,67.57499694824219
Vanguard,VWRP.L,Vanguard FTSE All-World Accumulation UCITS ETF - VWRP.L,2020-10-28,66.16999816894531
Vanguard,VWRP.L,Vanguard FTSE All-World Accumulation UCITS ETF - VWRP.L,2020-10-29,66.44499969482422
Vanguard,VWRP.L,Vanguard FTSE All-World Accumulation UCITS ETF - VWRP.L,2020-10-30,65.74500274658203
Vanguard,VWRP.L,Vanguard FTSE All-World Accumulation UCITS ETF - VWRP.L,2020-10-31,65.74500274658203
Vanguard,VWRP.L,Vanguard FTSE All-World Accumulation UCITS ETF - VWRP.L,2020-11-01,65.74500274658203
Vanguard,VWRP.L,Vanguard FTSE All-World Accumulation UCITS ETF - VWRP.L,2020-11-02,66.79000091552734
Vanguard,VWRP.L,Vanguard FTSE All-World Accumulation UCITS ETF - VWRP.L,2020-11-03,67.32499694824219
Vanguard,VWRP.L,Vanguard FTSE All-World Accumulation UCITS ETF - VWRP.L,2020-11-04,69.25
Vanguard,VWRP.L,Vanguard FTSE All-World Accumulation UCITS ETF - VWRP.L,2020-11-05,69.8550033569336
Vanguard,VWRP.L,Vanguard FTSE All-World Accumulation UCITS ETF - VWRP.L,2020-11-06,69.43499755859375
Vanguard,VWRP.L,Vanguard FTSE All-World Accumulation UCITS ETF - VWRP.L,2020-11-07,69.43499755859375
Vanguard,VWRP.L,Vanguard FTSE All-World Accumulation UCITS ETF - VWRP.L,2020-11-08,69.43499755859375
Vanguard,VWRP.L,Vanguard FTSE All-World Accumulation UCITS ETF - VWRP.L,2020-11-09,71.66500091552734
Vanguard,VWRP.L,Vanguard FTSE All-World Accumulation UCITS ETF - VWRP.L,2020-11-10,70.24500274658203
Vanguard,VWRP.L,Vanguard FTSE All-World Accumulation UCITS ETF - VWRP.L,2020-11-11,70.88500213623047
Vanguard,VWRP.L,Vanguard FTSE All-World Accumulation UCITS ETF - VWRP.L,2020-11-12,71.02999877929688
Vanguard,VWRP.L,Vanguard FTSE All-World Accumulation UCITS ETF - VWRP.L,2020-11-13,70.875
Vanguard,VWRP.L,Vanguard FTSE All-World Accumulation UCITS ETF - VWRP.L,2020-11-14,70.875
Vanguard,VWRP.L,Vanguard FTSE All-World Accumulation UCITS ETF - VWRP.L,2020-11-15,70.875
Vanguard,VWRP.L,Vanguard FTSE All-World Accumulation UCITS ETF - VWRP.L,2020-11-16,71.875
Vanguard,VWRP.L,Vanguard FTSE All-World Accumulation UCITS ETF - VWRP.L,2020-11-17,71.45999908447266
Vanguard,VWRP.L,Vanguard FTSE All-World Accumulation UCITS ETF - VWRP.L,2020-11-18,71.44000244140625
Vanguard,VWRP.L,Vanguard FTSE All-World Accumulation UCITS ETF - VWRP.L,2020-11-19,71.13999938964844
Vanguard,VWRP.L,Vanguard FTSE All-World Accumulation UCITS ETF - VWRP.L,2020-11-20,71.08999633789062
Vanguard,VWRP.L,Vanguard FTSE All-World Accumulation UCITS ETF - VWRP.L,2020-11-21,71.08999633789062
Vanguard,VWRP.L,Vanguard FTSE All-World Accumulation UCITS ETF - VWRP.L,2020-11-22,71.08999633789062
Vanguard,VWRP.L,Vanguard FTSE All-World Accumulation UCITS ETF - VWRP.L,2020-11-23,71.0199966430664
Vanguard,VWRP.L,Vanguard FTSE All-World Accumulation UCITS ETF - VWRP.L,2020-11-24,71.83499908447266
Vanguard,VWRP.L,Vanguard FTSE All-World Accumulation UCITS ETF - VWRP.L,2020-11-25,71.625
Vanguard,VWRP.L,Vanguard FTSE All-World Accumulation UCITS ETF - VWRP.L,2020-11-26,72.07499694824219
Vanguard,VWRP.L,Vanguard FTSE All-World Accumulation UCITS ETF - VWRP.L,2020-11-27,72.41999816894531
Vanguard,VWRP.L,Vanguard FTSE All-World Accumulation UCITS ETF - VWRP.L,2020-11-28,72.41999816894531
Vanguard,VWRP.L,Vanguard FTSE All-World Accumulation UCITS ETF - VWRP.L,2020-11-29,72.41999816894531
Vanguard,VWRP.L,Vanguard FTSE All-World Accumulation UCITS ETF - VWRP.L,2020-11-30,71.44999694824219
Vanguard,VWRP.L,Vanguard FTSE All-World Accumulation UCITS ETF - VWRP.L,2020-12-01,72.13500213623047
Vanguard,VWRP.L,Vanguard FTSE All-World Accumulation UCITS ETF - VWRP.L,2020-12-02,72.56500244140625
Vanguard,VWRP.L,Vanguard FTSE All-World Accumulation UCITS ETF - VWRP.L,2020-12-03,72.23999786376953
Vanguard,VWRP.L,Vanguard FTSE All-World Accumulation UCITS ETF - VWRP.L,2020-12-04,72.63500213623047
Vanguard,VWRP.L,Vanguard FTSE All-World Accumulation UCITS ETF - VWRP.L,2020-12-05,72.63500213623047
Vanguard,VWRP.L,Vanguard FTSE All-World Accumulation UCITS ETF - VWRP.L,2020-12-06,72.63500213623047
Vanguard,VWRP.L,Vanguard FTSE All-World Accumulation UCITS ETF - VWRP.L,2020-12-07,73.33999633789062
Vanguard,VWRP.L,Vanguard FTSE All-World Accumulation UCITS ETF - VWRP.L,2020-12-08,73.31999969482422
Vanguard,VWRP.L,Vanguard FTSE All-World Accumulation UCITS ETF - VWRP.L,2020-12-09,73.2249984741211
Vanguard,VWRP.L,Vanguard FTSE All-World Accumulation UCITS ETF - VWRP.L,2020-12-10,73.56999969482422
Vanguard,VWRP.L,Vanguard FTSE All-World Accumulation UCITS ETF - VWRP.L,2020-12-11,73.40499877929688
Vanguard,VWRP.L,Vanguard FTSE All-World Accumulation UCITS ETF - VWRP.L,2020-12-12,73.40499877929688
Vanguard,VWRP.L,Vanguard FTSE All-World Accumulation UCITS ETF - VWRP.L,2020-12-13,73.40499877929688
Vanguard,VWRP.L,Vanguard FTSE All-World Accumulation UCITS ETF - VWRP.L,2020-12-14,73.34500122070312
Vanguard,VWRP.L,Vanguard FTSE All-World Accumulation UCITS ETF - VWRP.L,2020-12-15,72.70999908447266
Vanguard,VWRP.L,Vanguard FTSE All-World Accumulation UCITS ETF - VWRP.L,2020-12-16,73.00499725341797
Vanguard,VWRP.L,Vanguard FTSE All-World Accumulation UCITS ETF - VWRP.L,2020-12-17,72.91000366210938
Vanguard,VWRP.L,Vanguard FTSE All-World Accumulation UCITS ETF - VWRP.L,2020-12-18,73.17500305175781
Vanguard,VWRP.L,Vanguard FTSE All-World Accumulation UCITS ETF - VWRP.L,2020-12-19,73.17500305175781
Vanguard,VWRP.L,Vanguard FTSE All-World Accumulation UCITS ETF - VWRP.L,2020-12-20,73.17500305175781
Vanguard,VWRP.L,Vanguard FTSE All-World Accumulation UCITS ETF - VWRP.L,2020-12-21,73.08000183105469
Vanguard,VWRP.L,Vanguard FTSE All-World Accumulation UCITS ETF - VWRP.L,2020-12-22,73.48999786376953
Vanguard,VWRP.L,Vanguard FTSE All-World Accumulation UCITS ETF - VWRP.L,2020-12-23,73.00499725341797
Vanguard,VWRP.L,Vanguard FTSE All-World Accumulation UCITS ETF - VWRP.L,2020-12-24,72.5999984741211
Vanguard,VWRP.L,Vanguard FTSE All-World Accumulation UCITS ETF - VWRP.L,2020-12-25,72.5999984741211
Vanguard,VWRP.L,Vanguard FTSE All-World Accumulation UCITS ETF - VWRP.L,2020-12-26,72.5999984741211
Vanguard,VWRP.L,Vanguard FTSE All-World Accumulation UCITS ETF - VWRP.L,2020-12-27,72.5999984741211
Vanguard,VWRP.L,Vanguard FTSE All-World Accumulation UCITS ETF - VWRP.L,2020-12-28,72.5999984741211
Vanguard,VWRP.L,Vanguard FTSE All-World Accumulation UCITS ETF - VWRP.L,2020-12-29,73.80999755859375
Vanguard,VWRP.L,Vanguard FTSE All-World Accumulation UCITS ETF - VWRP.L,2020-12-30,73.55999755859375
Vanguard,VWRP.L,Vanguard FTSE All-World Accumulation UCITS ETF - VWRP.L,2020-12-31,73.125
Vanguard,VWRP.L,Vanguard FTSE All-World Accumulation UCITS ETF - VWRP.L,2021-01-01,73.125
Vanguard,VWRP.L,Vanguard FTSE All-World Accumulation UCITS ETF - VWRP.L,2021-01-02,73.125
Vanguard,VWRP.L,Vanguard FTSE All-World Accumulation UCITS ETF - VWRP.L,2021-01-03,73.125
Vanguard,VWRP.L,Vanguard FTSE All-World Accumulation UCITS ETF - VWRP.L,2021-01-04,73.2699966430664
Vanguard,VWRP.L,Vanguard FTSE All-World Accumulation UCITS ETF - VWRP.L,2021-01-05,73.29000091552734
Vanguard,VWRP.L,Vanguard FTSE All-World Accumulation UCITS ETF - VWRP.L,2021-01-06,74.54499816894531
Vanguard,VWRP.L,Vanguard FTSE All-World Accumulation UCITS ETF - VWRP.L,2021-01-07,75.08999633789062
Vanguard,VWRP.L,Vanguard FTSE All-World Accumulation UCITS ETF - VWRP.L,2021-01-08,75.44499969482422
Vanguard,VWRP.L,Vanguard FTSE All-World Accumulation UCITS ETF - VWRP.L,2021-01-09,75.44499969482422
Vanguard,VWRP.L,Vanguard FTSE All-World Accumulation UCITS ETF - VWRP.L,2021-01-10,75.44499969482422
Vanguard,VWRP.L,Vanguard FTSE All-World Accumulation UCITS ETF - VWRP.L,2021-01-11,75.69000244140625
Vanguard,VWRP.L,Vanguard FTSE All-World Accumulation UCITS ETF - VWRP.L,2021-01-12,74.94999694824219
Vanguard,VWRP.L,Vanguard FTSE All-World Accumulation UCITS ETF - VWRP.L,2021-01-13,75.02999877929688
Vanguard,VWRP.L,Vanguard FTSE All-World Accumulation UCITS ETF - VWRP.L,2021-01-14,75.12000274658203
Vanguard,VWRP.L,Vanguard FTSE All-World Accumulation UCITS ETF - VWRP.L,2021-01-15,74.67500305175781
Vanguard,VWRP.L,Vanguard FTSE All-World Accumulation UCITS ETF - VWRP.L,2021-01-16,74.67500305175781
Vanguard,VWRP.L,Vanguard FTSE All-World Accumulation UCITS ETF - VWRP.L,2021-01-17,74.67500305175781
Vanguard,VWRP.L,Vanguard FTSE All-World Accumulation UCITS ETF - VWRP.L,2021-01-18,74.81999969482422
Vanguard,VWRP.L,Vanguard FTSE All-World Accumulation UCITS ETF - VWRP.L,2021-01-19,74.93499755859375
Vanguard,VWRP.L,Vanguard FTSE All-World Accumulation UCITS ETF - VWRP.L,2021-01-20,75.6050033569336
Vanguard,VWRP.L,Vanguard FTSE All-World Accumulation UCITS ETF - VWRP.L,2021-01-21,75.3499984741211
Vanguard,VWRP.L,Vanguard FTSE All-World Accumulation UCITS ETF - VWRP.L,2021-01-22,75.4000015258789
Vanguard,VWRP.L,Vanguard FTSE All-World Accumulation UCITS ETF - VWRP.L,2021-01-23,75.4000015258789
Vanguard,VWRP.L,Vanguard FTSE All-World Accumulation UCITS ETF - VWRP.L,2021-01-24,75.4000015258789
Vanguard,VWRP.L,Vanguard FTSE All-World Accumulation UCITS ETF - VWRP.L,2021-01-25,75.11499786376953
Vanguard,VWRP.L,Vanguard FTSE All-World Accumulation UCITS ETF - VWRP.L,2021-01-26,75.1500015258789
Vanguard,VWRP.L,Vanguard FTSE All-World Accumulation UCITS ETF - VWRP.L,2021-01-27,74.125
Vanguard,VWRP.L,Vanguard FTSE All-World Accumulation UCITS ETF - VWRP.L,2021-01-28,74.12000274658203
Vanguard,VWRP.L,Vanguard FTSE All-World Accumulation UCITS ETF - VWRP.L,2021-01-29,72.86000061035156
Vanguard,VWRP.L,Vanguard FTSE All-World Accumulation UCITS ETF - VWRP.L,2021-01-30,72.86000061035156
Vanguard,VWRP.L,Vanguard FTSE All-World Accumulation UCITS ETF - VWRP.L,2021-01-31,72.86000061035156
Vanguard,VWRP.L,Vanguard FTSE All-World Accumulation UCITS ETF - VWRP.L,2021-02-01,73.66500091552734
Vanguard,VWRP.L,Vanguard FTSE All-World Accumulation UCITS ETF - VWRP.L,2021-02-02,75.08999633789062
Vanguard,VWRP.L,Vanguard FTSE All-World Accumulation UCITS ETF - VWRP.L,2021-02-03,75.18000030517578
Vanguard,VWRP.L,Vanguard FTSE All-World Accumulation UCITS ETF - VWRP.L,2021-02-04,75.40499877929688
Vanguard,VWRP.L,Vanguard FTSE All-World Accumulation UCITS ETF - VWRP.L,2021-02-05,75.5999984741211
Vanguard,VWRP.L,Vanguard FTSE All-World Accumulation UCITS ETF - VWRP.L,2021-02-06,75.5999984741211
Vanguard,VWRP.L,Vanguard FTSE All-World Accumulation UCITS ETF - VWRP.L,2021-02-07,75.5999984741211
Vanguard,VWRP.L,Vanguard FTSE All-World Accumulation UCITS ETF - VWRP.L,2021-02-08,76.05000305175781
Vanguard,VWRP.L,Vanguard FTSE All-World Accumulation UCITS ETF - VWRP.L,2021-02-09,75.90499877929688
Vanguard,VWRP.L,Vanguard FTSE All-World Accumulation UCITS ETF - VWRP.L,2021-02-10,75.6500015258789
Vanguard,VWRP.L,Vanguard FTSE All-World Accumulation UCITS ETF - VWRP.L,2021-02-11,76.20999908447266
Vanguard,VWRP.L,Vanguard FTSE All-World Accumulation UCITS ETF - VWRP.L,2021-02-12,76.25499725341797
Vanguard,VWRP.L,Vanguard FTSE All-World Accumulation UCITS ETF - VWRP.L,2021-02-13,76.25499725341797
Vanguard,VWRP.L,Vanguard FTSE All-World Accumulation UCITS ETF - VWRP.L,2021-02-14,76.25499725341797
Vanguard,VWRP.L,Vanguard FTSE All-World Accumulation UCITS ETF - VWRP.L,2021-02-15,76.6500015258789
Vanguard,VWRP.L,Vanguard FTSE All-World Accumulation UCITS ETF - VWRP.L,2021-02-16,76.22000122070312
Vanguard,VWRP.L,Vanguard FTSE All-World Accumulation UCITS ETF - VWRP.L,2021-02-17,75.98999786376953
Vanguard,VWRP.L,Vanguard FTSE All-World Accumulation UCITS ETF - VWRP.L,2021-02-18,75.08999633789062
Vanguard,VWRP.L,Vanguard FTSE All-World Accumulation UCITS ETF - VWRP.L,2021-02-19,75.48500061035156
Vanguard,VWRP.L,Vanguard FTSE All-World Accumulation UCITS ETF - VWRP.L,2021-02-20,75.48500061035156
Vanguard,VWRP.L,Vanguard FTSE All-World Accumulation UCITS ETF - VWRP.L,2021-02-21,75.48500061035156
Vanguard,VWRP.L,Vanguard FTSE All-World Accumulation UCITS ETF - VWRP.L,2021-02-22,74.37000274658203
Vanguard,VWRP.L,Vanguard FTSE All-World Accumulation UCITS ETF - VWRP.L,2021-02-23,73.61000061035156
Vanguard,VWRP.L,Vanguard FTSE All-World Accumulation UCITS ETF - VWRP.L,2021-02-24,74.1449966430664
Vanguard,VWRP.L,Vanguard FTSE All-World Accumulation UCITS ETF - VWRP.L,2021-02-25,73.83499908447266
Vanguard,VWRP.L,Vanguard FTSE All-World Accumulation UCITS ETF - VWRP.L,2021-02-26,73.20500183105469
Vanguard,VWRP.L,Vanguard FTSE All-World Accumulation UCITS ETF - VWRP.L,2021-02-27,73.20500183105469
Vanguard,VWRP.L,Vanguard FTSE All-World Accumulation UCITS ETF - VWRP.L,2021-02-28,73.20500183105469
Vanguard,VWRP.L,Vanguard FTSE All-World Accumulation UCITS ETF - VWRP.L,2021-03-01,74.51000213623047
Vanguard,VWRP.L,Vanguard FTSE All-World Accumulation UCITS ETF - VWRP.L,2021-03-02,74.2300033569336
Vanguard,VWRP.L,Vanguard FTSE All-World Accumulation UCITS ETF - VWRP.L,2021-03-03,73.98500061035156
Vanguard,VWRP.L,Vanguard FTSE All-World Accumulation UCITS ETF - VWRP.L,2021-03-04,73.25499725341797
Vanguard,VWRP.L,Vanguard FTSE All-World Accumulation UCITS ETF - VWRP.L,2021-03-05,72.52999877929688
Vanguard,VWRP.L,Vanguard FTSE All-World Accumulation UCITS ETF - VWRP.L,2021-03-06,72.52999877929688
Vanguard,VWRP.L,Vanguard FTSE All-World Accumulation UCITS ETF - VWRP.L,2021-03-07,72.52999877929688
Vanguard,VWRP.L,Vanguard FTSE All-World Accumulation UCITS ETF - VWRP.L,2021-03-08,74.37999725341797
Vanguard,VWRP.L,Vanguard FTSE All-World Accumulation UCITS ETF - VWRP.L,2021-03-09,74.44999694824219
Vanguard,VWRP.L,Vanguard FTSE All-World Accumulation UCITS ETF - VWRP.L,2021-03-10,74.5999984741211
Vanguard,VWRP.L,Vanguard FTSE All-World Accumulation UCITS ETF - VWRP.L,2021-03-11,75.25
Vanguard,VWRP.L,Vanguard FTSE All-World Accumulation UCITS ETF - VWRP.L,2021-03-12,75.04000091552734
Vanguard,VWRP.L,Vanguard FTSE All-World Accumulation UCITS ETF - VWRP.L,2021-03-13,75.04000091552734
Vanguard,VWRP.L,Vanguard FTSE All-World Accumulation UCITS ETF - VWRP.L,2021-03-14,75.04000091552734
Vanguard,VWRP.L,Vanguard FTSE All-World Accumulation UCITS ETF - VWRP.L,2021-03-15,75.33999633789062
Vanguard,VWRP.L,Vanguard FTSE All-World Accumulation UCITS ETF - VWRP.L,2021-03-16,75.8499984741211
Vanguard,VWRP.L,Vanguard FTSE All-World Accumulation UCITS ETF - VWRP.L,2021-03-17,75.5199966430664
Vanguard,VWRP.L,Vanguard FTSE All-World Accumulation UCITS ETF - VWRP.L,2021-03-18,75.59500122070312
Vanguard,VWRP.L,Vanguard FTSE All-World Accumulation UCITS ETF - VWRP.L,2021-03-19,75.33999633789062
Vanguard,VWRP.L,Vanguard FTSE All-World Accumulation UCITS ETF - VWRP.L,2021-03-20,75.33999633789062
Vanguard,VWRP.L,Vanguard FTSE All-World Accumulation UCITS ETF - VWRP.L,2021-03-21,75.33999633789062
Vanguard,VWRP.L,Vanguard FTSE All-World Accumulation UCITS ETF - VWRP.L,2021-03-22,75.72000122070312
Vanguard,VWRP.L,Vanguard FTSE All-World Accumulation UCITS ETF - VWRP.L,2021-03-23,75.79000091552734
Vanguard,VWRP.L,Vanguard FTSE All-World Accumulation UCITS ETF - VWRP.L,2021-03-24,75.67500305175781
Vanguard,VWRP.L,Vanguard FTSE All-World Accumulation UCITS ETF - VWRP.L,2021-03-25,75.05000305175781
Vanguard,VWRP.L,Vanguard FTSE All-World Accumulation UCITS ETF - VWRP.L,2021-03-26,75.45999908447266
Vanguard,VWRP.L,Vanguard FTSE All-World Accumulation UCITS ETF - VWRP.L,2021-03-27,75.45999908447266
Vanguard,VWRP.L,Vanguard FTSE All-World Accumulation UCITS ETF - VWRP.L,2021-03-28,75.45999908447266
Vanguard,VWRP.L,Vanguard FTSE All-World Accumulation UCITS ETF - VWRP.L,2021-03-29,75.66000366210938
Vanguard,VWRP.L,Vanguard FTSE All-World Accumulation UCITS ETF - VWRP.L,2021-03-30,76.16000366210938
Vanguard,VWRP.L,Vanguard FTSE All-World Accumulation UCITS ETF - VWRP.L,2021-03-31,76.12999725341797
Vanguard,VWRP.L,Vanguard FTSE All-World Accumulation UCITS ETF - VWRP.L,2021-04-01,76.43499755859375
Vanguard,VWRP.L,Vanguard FTSE All-World Accumulation UCITS ETF - VWRP.L,2021-04-02,76.43499755859375
Vanguard,VWRP.L,Vanguard FTSE All-World Accumulation UCITS ETF - VWRP.L,2021-04-03,76.43499755859375
Vanguard,VWRP.L,Vanguard FTSE All-World Accumulation UCITS ETF - VWRP.L,2021-04-04,76.43499755859375
Vanguard,VWRP.L,Vanguard FTSE All-World Accumulation UCITS ETF - VWRP.L,2021-04-05,76.43499755859375
Vanguard,VWRP.L,Vanguard FTSE All-World Accumulation UCITS ETF - VWRP.L,2021-04-06,77.48500061035156
Vanguard,VWRP.L,Vanguard FTSE All-World Accumulation UCITS ETF - VWRP.L,2021-04-07,77.67500305175781
Vanguard,VWRP.L,Vanguard FTSE All-World Accumulation UCITS ETF - VWRP.L,2021-04-08,78.28500366210938
Vanguard,VWRP.L,Vanguard FTSE All-World Accumulation UCITS ETF - VWRP.L,2021-04-09,78.44000244140625
Vanguard,VWRP.L,Vanguard FTSE All-World Accumulation UCITS ETF - VWRP.L,2021-04-10,78.44000244140625
Vanguard,VWRP.L,Vanguard FTSE All-World Accumulation UCITS ETF - VWRP.L,2021-04-11,78.44000244140625
Vanguard,VWRP.L,Vanguard FTSE All-World Accumulation UCITS ETF - VWRP.L,2021-04-12,78.40499877929688
Vanguard,VWRP.L,Vanguard FTSE All-World Accumulation UCITS ETF - VWRP.L,2021-04-13,78.7300033569336
Vanguard,VWRP.L,Vanguard FTSE All-World Accumulation UCITS ETF - VWRP.L,2021-04-14,78.73999786376953
Vanguard,VWRP.L,Vanguard FTSE All-World Accumulation UCITS ETF - VWRP.L,2021-04-15,79.11499786376953
Vanguard,VWRP.L,Vanguard FTSE All-World Accumulation UCITS ETF - VWRP.L,2021-04-16,79.19999694824219
Vanguard,VWRP.L,Vanguard FTSE All-World Accumulation UCITS ETF - VWRP.L,2021-04-17,79.19999694824219
Vanguard,VWRP.L,Vanguard FTSE All-World Accumulation UCITS ETF - VWRP.L,2021-04-18,79.19999694824219
Vanguard,VWRP.L,Vanguard FTSE All-World Accumulation UCITS ETF - VWRP.L,2021-04-19,78.16500091552734
Vanguard,VWRP.L,Vanguard FTSE All-World Accumulation UCITS ETF - VWRP.L,2021-04-20,77.44000244140625
Vanguard,VWRP.L,Vanguard FTSE All-World Accumulation UCITS ETF - VWRP.L,2021-04-21,77.93499755859375
Vanguard,VWRP.L,Vanguard FTSE All-World Accumulation UCITS ETF - VWRP.L,2021-04-22,78.91999816894531
Vanguard,VWRP.L,Vanguard FTSE All-World Accumulation UCITS ETF - VWRP.L,2021-04-23,79.03500366210938
Vanguard,VWRP.L,Vanguard FTSE All-World Accumulation UCITS ETF - VWRP.L,2021-04-24,79.03500366210938
Vanguard,VWRP.L,Vanguard FTSE All-World Accumulation UCITS ETF - VWRP.L,2021-04-25,79.03500366210938
Vanguard,VWRP.L,Vanguard FTSE All-World Accumulation UCITS ETF - VWRP.L,2021-04-26,79.08999633789062
Vanguard,VWRP.L,Vanguard FTSE All-World Accumulation UCITS ETF - VWRP.L,2021-04-27,78.7699966430664
Vanguard,VWRP.L,Vanguard FTSE All-World Accumulation UCITS ETF - VWRP.L,2021-04-28,78.98500061035156
Vanguard,VWRP.L,Vanguard FTSE All-World Accumulation UCITS ETF - VWRP.L,2021-04-29,78.74500274658203
Vanguard,VWRP.L,Vanguard FTSE All-World Accumulation UCITS ETF - VWRP.L,2021-04-30,79.0
Vanguard,VWRP.L,Vanguard FTSE All-World Accumulation UCITS ETF - VWRP.L,2021-05-01,79.0
Vanguard,VWRP.L,Vanguard FTSE All-World Accumulation UCITS ETF - VWRP.L,2021-05-02,79.0
Vanguard,VWRP.L,Vanguard FTSE All-World Accumulation UCITS ETF - VWRP.L,2021-05-03,79.0
Vanguard,VWRP.L,Vanguard FTSE All-World Accumulation UCITS ETF - VWRP.L,2021-05-04,77.7750015258789
Vanguard,VWRP.L,Vanguard FTSE All-World Accumulation UCITS ETF - VWRP.L,2021-05-05,78.5
Vanguard,VWRP.L,Vanguard FTSE All-World Accumulation UCITS ETF - VWRP.L,2021-05-06,78.62000274658203
Vanguard,VWRP.L,Vanguard FTSE All-World Accumulation UCITS ETF - VWRP.L,2021-05-07,79.23500061035156
Vanguard,VWRP.L,Vanguard FTSE All-World Accumulation UCITS ETF - VWRP.L,2021-05-08,79.23500061035156
Vanguard,VWRP.L,Vanguard FTSE All-World Accumulation UCITS ETF - VWRP.L,2021-05-09,79.23500061035156
Vanguard,VWRP.L,Vanguard FTSE All-World Accumulation UCITS ETF - VWRP.L,2021-05-10,78.26499938964844
Vanguard,VWRP.L,Vanguard FTSE All-World Accumulation UCITS ETF - VWRP.L,2021-05-11,76.7249984741211
Vanguard,VWRP.L,Vanguard FTSE All-World Accumulation UCITS ETF - VWRP.L,2021-05-12,76.21499633789062
Vanguard,VWRP.L,Vanguard FTSE All-World Accumulation UCITS ETF - VWRP.L,2021-05-13,76.44499969482422
Vanguard,VWRP.L,Vanguard FTSE All-World Accumulation UCITS ETF - VWRP.L,2021-05-14,77.27999877929688
Vanguard,VWRP.L,Vanguard FTSE All-World Accumulation UCITS ETF - VWRP.L,2021-05-15,77.27999877929688
Vanguard,VWRP.L,Vanguard FTSE All-World Accumulation UCITS ETF - VWRP.L,2021-05-16,77.27999877929688
Vanguard,VWRP.L,Vanguard FTSE All-World Accumulation UCITS ETF - VWRP.L,2021-05-17,76.95999908447266
Vanguard,VWRP.L,Vanguard FTSE All-World Accumulation UCITS ETF - VWRP.L,2021-05-18,77.12000274658203
Vanguard,VWRP.L,Vanguard FTSE All-World Accumulation UCITS ETF - VWRP.L,2021-05-19,76.05000305175781
Vanguard,VWRP.L,Vanguard FTSE All-World Accumulation UCITS ETF - VWRP.L,2021-05-20,77.19499969482422
Vanguard,VWRP.L,Vanguard FTSE All-World Accumulation UCITS ETF - VWRP.L,2021-05-21,77.29499816894531
Vanguard,VWRP.L,Vanguard FTSE All-World Accumulation UCITS ETF - VWRP.L,2021-05-22,77.29499816894531
Vanguard,VWRP.L,Vanguard FTSE All-World Accumulation UCITS ETF - VWRP.L,2021-05-23,77.29499816894531
Vanguard,VWRP.L,Vanguard FTSE All-World Accumulation UCITS ETF - VWRP.L,2021-05-24,77.88999938964844
Vanguard,VWRP.L,Vanguard FTSE All-World Accumulation UCITS ETF - VWRP.L,2021-05-25,78.06999969482422
Vanguard,VWRP.L,Vanguard FTSE All-World Accumulation UCITS ETF - VWRP.L,2021-05-26,78.19999694824219
Vanguard,VWRP.L,Vanguard FTSE All-World Accumulation UCITS ETF - VWRP.L,2021-05-27,78.04000091552734
Vanguard,VWRP.L,Vanguard FTSE All-World Accumulation UCITS ETF - VWRP.L,2021-05-28,78.37000274658203
Vanguard,VWRP.L,Vanguard FTSE All-World Accumulation UCITS ETF - VWRP.L,2021-05-29,78.37000274658203
Vanguard,VWRP.L,Vanguard FTSE All-World Accumulation UCITS ETF - VWRP.L,2021-05-30,78.37000274658203
Vanguard,VWRP.L,Vanguard FTSE All-World Accumulation UCITS ETF - VWRP.L,2021-05-31,78.37000274658203
Vanguard,VWRP.L,Vanguard FTSE All-World Accumulation UCITS ETF - VWRP.L,2021-06-01,78.57499694824219
Vanguard,VWRP.L,Vanguard FTSE All-World Accumulation UCITS ETF - VWRP.L,2021-06-02,78.69999694824219
Vanguard,VWRP.L,Vanguard FTSE All-World Accumulation UCITS ETF - VWRP.L,2021-06-03,78.68000030517578
Vanguard,VWRP.L,Vanguard FTSE All-World Accumulation UCITS ETF - VWRP.L,2021-06-04,78.79499816894531
Vanguard,VWRP.L,Vanguard FTSE All-World Accumulation UCITS ETF - VWRP.L,2021-06-05,78.79499816894531
Vanguard,VWRP.L,Vanguard FTSE All-World Accumulation UCITS ETF - VWRP.L,2021-06-06,78.79499816894531
Vanguard,VWRP.L,Vanguard FTSE All-World Accumulation UCITS ETF - VWRP.L,2021-06-07,78.8499984741211
Vanguard,VWRP.L,Vanguard FTSE All-World Accumulation UCITS ETF - VWRP.L,2021-06-08,78.86000061035156
Vanguard,VWRP.L,Vanguard FTSE All-World Accumulation UCITS ETF - VWRP.L,2021-06-09,79.19000244140625
Vanguard,VWRP.L,Vanguard FTSE All-World Accumulation UCITS ETF - VWRP.L,2021-06-10,79.15499877929688
Vanguard,VWRP.L,Vanguard FTSE All-World Accumulation UCITS ETF - VWRP.L,2021-06-11,79.33000183105469
Vanguard,VWRP.L,Vanguard FTSE All-World Accumulation UCITS ETF - VWRP.L,2021-06-12,79.33000183105469
Vanguard,VWRP.L,Vanguard FTSE All-World Accumulation UCITS ETF - VWRP.L,2021-06-13,79.33000183105469
Vanguard,VWRP.L,Vanguard FTSE All-World Accumulation UCITS ETF - VWRP.L,2021-06-14,79.54499816894531
Vanguard,VWRP.L,Vanguard FTSE All-World Accumulation UCITS ETF - VWRP.L,2021-06-15,79.69000244140625
Vanguard,VWRP.L,Vanguard FTSE All-World Accumulation UCITS ETF - VWRP.L,2021-06-16,79.69999694824219
Vanguard,VWRP.L,Vanguard FTSE All-World Accumulation UCITS ETF - VWRP.L,2021-06-17,79.98500061035156
Vanguard,VWRP.L,Vanguard FTSE All-World Accumulation UCITS ETF - VWRP.L,2021-06-18,79.5999984741211
Vanguard,VWRP.L,Vanguard FTSE All-World Accumulation UCITS ETF - VWRP.L,2021-06-19,79.5999984741211
Vanguard,VWRP.L,Vanguard FTSE All-World Accumulation UCITS ETF - VWRP.L,2021-06-20,79.5999984741211
Vanguard,VWRP.L,Vanguard FTSE All-World Accumulation UCITS ETF - VWRP.L,2021-06-21,79.65499877929688
Vanguard,VWRP.L,Vanguard FTSE All-World Accumulation UCITS ETF - VWRP.L,2021-06-22,79.99500274658203
Vanguard,VWRP.L,Vanguard FTSE All-World Accumulation UCITS ETF - VWRP.L,2021-06-23,79.90499877929688
Vanguard,VWRP.L,Vanguard FTSE All-World Accumulation UCITS ETF - VWRP.L,2021-06-24,80.62000274658203
Vanguard,VWRP.L,Vanguard FTSE All-World Accumulation UCITS ETF - VWRP.L,2021-06-25,80.875
Vanguard,VWRP.L,Vanguard FTSE All-World Accumulation UCITS ETF - VWRP.L,2021-06-26,80.875
Vanguard,VWRP.L,Vanguard FTSE All-World Accumulation UCITS ETF - VWRP.L,2021-06-27,80.875
Vanguard,VWRP.L,Vanguard FTSE All-World Accumulation UCITS ETF - VWRP.L,2021-06-28,80.9000015258789
Vanguard,VWRP.L,Vanguard FTSE All-World Accumulation UCITS ETF - VWRP.L,2021-06-29,81.31999969482422
Vanguard,VWRP.L,Vanguard FTSE All-World Accumulation UCITS ETF - VWRP.L,2021-06-30,81.24500274658203
Vanguard,VWRP.L,Vanguard FTSE All-World Accumulation UCITS ETF - VWRP.L,2021-07-01,81.51000213623047
Vanguard,VWRP.L,Vanguard FTSE All-World Accumulation UCITS ETF - VWRP.L,2021-07-02,81.76000213623047
Vanguard,VWRP.L,Vanguard FTSE All-World Accumulation UCITS ETF - VWRP.L,2021-07-03,81.76000213623047
Vanguard,VWRP.L,Vanguard FTSE All-World Accumulation UCITS ETF - VWRP.L,2021-07-04,81.76000213623047
Vanguard,VWRP.L,Vanguard FTSE All-World Accumulation UCITS ETF - VWRP.L,2021-07-05,81.70999908447266
Vanguard,VWRP.L,Vanguard FTSE All-World Accumulation UCITS ETF - VWRP.L,2021-07-06,81.48999786376953
Vanguard,VWRP.L,Vanguard FTSE All-World Accumulation UCITS ETF - VWRP.L,2021-07-07,81.90499877929688
Vanguard,VWRP.L,Vanguard FTSE All-World Accumulation UCITS ETF - VWRP.L,2021-07-08,80.9749984741211
Vanguard,VWRP.L,Vanguard FTSE All-World Accumulation UCITS ETF - VWRP.L,2021-07-09,81.69999694824219
Vanguard,VWRP.L,Vanguard FTSE All-World Accumulation UCITS ETF - VWRP.L,2021-07-10,81.69999694824219
Vanguard,VWRP.L,Vanguard FTSE All-World Accumulation UCITS ETF - VWRP.L,2021-07-11,81.69999694824219
Vanguard,VWRP.L,Vanguard FTSE All-World Accumulation UCITS ETF - VWRP.L,2021-07-12,81.66000366210938
Vanguard,VWRP.L,Vanguard FTSE All-World Accumulation UCITS ETF - VWRP.L,2021-07-13,82.08000183105469
Vanguard,VWRP.L,Vanguard FTSE All-World Accumulation UCITS ETF - VWRP.L,2021-07-14,81.76000213623047
Vanguard,VWRP.L,Vanguard FTSE All-World Accumulation UCITS ETF - VWRP.L,2021-07-15,81.41999816894531
Vanguard,VWRP.L,Vanguard FTSE All-World Accumulation UCITS ETF - VWRP.L,2021-07-16,81.5999984741211
Vanguard,VWRP.L,Vanguard FTSE All-World Accumulation UCITS ETF - VWRP.L,2021-07-17,81.5999984741211
Vanguard,VWRP.L,Vanguard FTSE All-World Accumulation UCITS ETF - VWRP.L,2021-07-18,81.5999984741211
Vanguard,VWRP.L,Vanguard FTSE All-World Accumulation UCITS ETF - VWRP.L,2021-07-19,80.58000183105469
Vanguard,VWRP.L,Vanguard FTSE All-World Accumulation UCITS ETF - VWRP.L,2021-07-20,81.71499633789062
Vanguard,VWRP.L,Vanguard FTSE All-World Accumulation UCITS ETF - VWRP.L,2021-07-21,81.96499633789062
Vanguard,VWRP.L,Vanguard FTSE All-World Accumulation UCITS ETF - VWRP.L,2021-07-22,81.83499908447266
Vanguard,VWRP.L,Vanguard FTSE All-World Accumulation UCITS ETF - VWRP.L,2021-07-23,82.41999816894531
Vanguard,VWRP.L,Vanguard FTSE All-World Accumulation UCITS ETF - VWRP.L,2021-07-24,82.41999816894531
Vanguard,VWRP.L,Vanguard FTSE All-World Accumulation UCITS ETF - VWRP.L,2021-07-25,82.41999816894531
Vanguard,VWRP.L,Vanguard FTSE All-World Accumulation UCITS ETF - VWRP.L,2021-07-26,82.04000091552734
Vanguard,VWRP.L,Vanguard FTSE All-World Accumulation UCITS ETF - VWRP.L,2021-07-27,80.83000183105469
Vanguard,VWRP.L,Vanguard FTSE All-World Accumulation UCITS ETF - VWRP.L,2021-07-28,81.48999786376953
Vanguard,VWRP.L,Vanguard FTSE All-World Accumulation UCITS ETF - VWRP.L,2021-07-29,81.56999969482422
Vanguard,VWRP.L,Vanguard FTSE All-World Accumulation UCITS ETF - VWRP.L,2021-07-30,81.38500213623047
Vanguard,VWRP.L,Vanguard FTSE All-World Accumulation UCITS ETF - VWRP.L,2021-07-31,81.38500213623047
Vanguard,VWRP.L,Vanguard FTSE All-World Accumulation UCITS ETF - VWRP.L,2021-08-01,81.38500213623047
Vanguard,VWRP.L,Vanguard FTSE All-World Accumulation UCITS ETF - VWRP.L,2021-08-02,81.91999816894531
Vanguard,VWRP.L,Vanguard FTSE All-World Accumulation UCITS ETF - VWRP.L,2021-08-03,81.50499725341797
Vanguard,VWRP.L,Vanguard FTSE All-World Accumulation UCITS ETF - VWRP.L,2021-08-04,81.73500061035156
Vanguard,VWRP.L,Vanguard FTSE All-World Accumulation UCITS ETF - VWRP.L,2021-08-05,81.99500274658203
Vanguard,VWRP.L,Vanguard FTSE All-World Accumulation UCITS ETF - VWRP.L,2021-08-06,82.2249984741211
Vanguard,VWRP.L,Vanguard FTSE All-World Accumulation UCITS ETF - VWRP.L,2021-08-07,82.2249984741211
Vanguard,VWRP.L,Vanguard FTSE All-World Accumulation UCITS ETF - VWRP.L,2021-08-08,82.2249984741211
Vanguard,VWRP.L,Vanguard FTSE All-World Accumulation UCITS ETF - VWRP.L,2021-08-09,82.30999755859375
Vanguard,VWRP.L,Vanguard FTSE All-World Accumulation UCITS ETF - VWRP.L,2021-08-10,82.4800033569336
Vanguard,VWRP.L,Vanguard FTSE All-World Accumulation UCITS ETF - VWRP.L,2021-08-11,82.48999786376953
Vanguard,VWRP.L,Vanguard FTSE All-World Accumulation UCITS ETF - VWRP.L,2021-08-12,82.75
Vanguard,VWRP.L,Vanguard FTSE All-World Accumulation UCITS ETF - VWRP.L,2021-08-13,82.87999725341797
Vanguard,VWRP.L,Vanguard FTSE All-World Accumulation UCITS ETF - VWRP.L,2021-08-14,82.87999725341797
Vanguard,VWRP.L,Vanguard FTSE All-World Accumulation UCITS ETF - VWRP.L,2021-08-15,82.87999725341797
Vanguard,VWRP.L,Vanguard FTSE All-World Accumulation UCITS ETF - VWRP.L,2021-08-16,82.41500091552734
Vanguard,VWRP.L,Vanguard FTSE All-World Accumulation UCITS ETF - VWRP.L,2021-08-17,82.73500061035156
Vanguard,VWRP.L,Vanguard FTSE All-World Accumulation UCITS ETF - VWRP.L,2021-08-18,82.73500061035156
Vanguard,VWRP.L,Vanguard FTSE All-World Accumulation UCITS ETF - VWRP.L,2021-08-19,82.13500213623047
Vanguard,VWRP.L,Vanguard FTSE All-World Accumulation UCITS ETF - VWRP.L,2021-08-20,82.81500244140625
Vanguard,VWRP.L,Vanguard FTSE All-World Accumulation UCITS ETF - VWRP.L,2021-08-21,82.81500244140625
Vanguard,VWRP.L,Vanguard FTSE All-World Accumulation UCITS ETF - VWRP.L,2021-08-22,82.81500244140625
Vanguard,VWRP.L,Vanguard FTSE All-World Accumulation UCITS ETF - VWRP.L,2021-08-23,83.19499969482422
Vanguard,VWRP.L,Vanguard FTSE All-World Accumulation UCITS ETF - VWRP.L,2021-08-24,83.63500213623047
Vanguard,VWRP.L,Vanguard FTSE All-World Accumulation UCITS ETF - VWRP.L,2021-08-25,83.66000366210938
Vanguard,VWRP.L,Vanguard FTSE All-World Accumulation UCITS ETF - VWRP.L,2021-08-26,83.40499877929688
Vanguard,VWRP.L,Vanguard FTSE All-World Accumulation UCITS ETF - VWRP.L,2021-08-27,83.63500213623047
Vanguard,VWRP.L,Vanguard FTSE All-World Accumulation UCITS ETF - VWRP.L,2021-08-28,83.63500213623047
Vanguard,VWRP.L,Vanguard FTSE All-World Accumulation UCITS ETF - VWRP.L,2021-08-29,83.63500213623047
Vanguard,VWRP.L,Vanguard FTSE All-World Accumulation UCITS ETF - VWRP.L,2021-08-30,83.63500213623047
Vanguard,VWRP.L,Vanguard FTSE All-World Accumulation UCITS ETF - VWRP.L,2021-08-31,84.08499908447266
Vanguard,VWRP.L,Vanguard FTSE All-World Accumulation UCITS ETF - VWRP.L,2021-09-01,84.37000274658203
Vanguard,VWRP.L,Vanguard FTSE All-World Accumulation UCITS ETF - VWRP.L,2021-09-02,84.4000015258789
Vanguard,VWRP.L,Vanguard FTSE All-World Accumulation UCITS ETF - VWRP.L,2021-09-03,84.13999938964844
Vanguard,VWRP.L,Vanguard FTSE All-World Accumulation UCITS ETF - VWRP.L,2021-09-04,84.13999938964844
Vanguard,VWRP.L,Vanguard FTSE All-World Accumulation UCITS ETF - VWRP.L,2021-09-05,84.13999938964844
Vanguard,VWRP.L,Vanguard FTSE All-World Accumulation UCITS ETF - VWRP.L,2021-09-06,84.8499984741211
Vanguard,VWRP.L,Vanguard FTSE All-World Accumulation UCITS ETF - VWRP.L,2021-09-07,84.55000305175781
Vanguard,VWRP.L,Vanguard FTSE All-World Accumulation UCITS ETF - VWRP.L,2021-09-08,84.16999816894531
Vanguard,VWRP.L,Vanguard FTSE All-World Accumulation UCITS ETF - VWRP.L,2021-09-09,83.83499908447266
Vanguard,VWRP.L,Vanguard FTSE All-World Accumulation UCITS ETF - VWRP.L,2021-09-10,83.4749984741211
Vanguard,VWRP.L,Vanguard FTSE All-World Accumulation UCITS ETF - VWRP.L,2021-09-11,83.4749984741211
Vanguard,VWRP.L,Vanguard FTSE All-World Accumulation UCITS ETF - VWRP.L,2021-09-12,83.4749984741211
Vanguard,VWRP.L,Vanguard FTSE All-World Accumulation UCITS ETF - VWRP.L,2021-09-13,83.31999969482422
Vanguard,VWRP.L,Vanguard FTSE All-World Accumulation UCITS ETF - VWRP.L,2021-09-14,83.18000030517578
Vanguard,VWRP.L,Vanguard FTSE All-World Accumulation UCITS ETF - VWRP.L,2021-09-15,82.98500061035156
Vanguard,VWRP.L,Vanguard FTSE All-World Accumulation UCITS ETF - VWRP.L,2021-09-16,83.26499938964844
Vanguard,VWRP.L,Vanguard FTSE All-World Accumulation UCITS ETF - VWRP.L,2021-09-17,83.00499725341797
Vanguard,VWRP.L,Vanguard FTSE All-World Accumulation UCITS ETF - VWRP.L,2021-09-18,83.00499725341797
Vanguard,VWRP.L,Vanguard FTSE All-World Accumulation UCITS ETF - VWRP.L,2021-09-19,83.00499725341797
Vanguard,VWRP.L,Vanguard FTSE All-World Accumulation UCITS ETF - VWRP.L,2021-09-20,81.9000015258789
Vanguard,VWRP.L,Vanguard FTSE All-World Accumulation UCITS ETF - VWRP.L,2021-09-21,82.36000061035156
Vanguard,VWRP.L,Vanguard FTSE All-World Accumulation UCITS ETF - VWRP.L,2021-09-22,83.11499786376953
Vanguard,VWRP.L,Vanguard FTSE All-World Accumulation UCITS ETF - VWRP.L,2021-09-23,83.31999969482422
Vanguard,VWRP.L,Vanguard FTSE All-World Accumulation UCITS ETF - VWRP.L,2021-09-24,83.30000305175781
Vanguard,VWRP.L,Vanguard FTSE All-World Accumulation UCITS ETF - VWRP.L,2021-09-25,83.30000305175781
Vanguard,VWRP.L,Vanguard FTSE All-World Accumulation UCITS ETF - VWRP.L,2021-09-26,83.30000305175781
Vanguard,VWRP.L,Vanguard FTSE All-World Accumulation UCITS ETF - VWRP.L,2021-09-27,83.19499969482422
Vanguard,VWRP.L,Vanguard FTSE All-World Accumulation UCITS ETF - VWRP.L,2021-09-28,82.61499786376953
Vanguard,VWRP.L,Vanguard FTSE All-World Accumulation UCITS ETF - VWRP.L,2021-09-29,83.26499938964844
Vanguard,VWRP.L,Vanguard FTSE All-World Accumulation UCITS ETF - VWRP.L,2021-09-30,82.70999908447266
Vanguard,VWRP.L,Vanguard FTSE All-World Accumulation UCITS ETF - VWRP.L,2021-10-01,81.86000061035156
Vanguard,VWRP.L,Vanguard FTSE All-World Accumulation UCITS ETF - VWRP.L,2021-10-02,81.86000061035156
Vanguard,VWRP.L,Vanguard FTSE All-World Accumulation UCITS ETF - VWRP.L,2021-10-03,81.86000061035156
Vanguard,VWRP.L,Vanguard FTSE All-World Accumulation UCITS ETF - VWRP.L,2021-10-04,80.80500030517578
Vanguard,VWRP.L,Vanguard FTSE All-World Accumulation UCITS ETF - VWRP.L,2021-10-05,81.79499816894531
Vanguard,VWRP.L,Vanguard FTSE All-World Accumulation UCITS ETF - VWRP.L,2021-10-06,81.23999786376953
Vanguard,VWRP.L,Vanguard FTSE All-World Accumulation UCITS ETF - VWRP.L,2021-10-07,82.8499984741211
Vanguard,VWRP.L,Vanguard FTSE All-World Accumulation UCITS ETF - VWRP.L,2021-10-08,82.55500030517578
Vanguard,VWRP.L,Vanguard FTSE All-World Accumulation UCITS ETF - VWRP.L,2021-10-09,82.55500030517578
Vanguard,VWRP.L,Vanguard FTSE All-World Accumulation UCITS ETF - VWRP.L,2021-10-10,82.55500030517578
Vanguard,VWRP.L,Vanguard FTSE All-World Accumulation UCITS ETF - VWRP.L,2021-10-11,82.70500183105469
Vanguard,VWRP.L,Vanguard FTSE All-World Accumulation UCITS ETF - VWRP.L,2021-10-12,82.18000030517578
Vanguard,VWRP.L,Vanguard FTSE All-World Accumulation UCITS ETF - VWRP.L,2021-10-13,82.01000213623047
Vanguard,VWRP.L,Vanguard FTSE All-World Accumulation UCITS ETF - VWRP.L,2021-10-14,83.11499786376953
Vanguard,VWRP.L,Vanguard FTSE All-World Accumulation UCITS ETF - VWRP.L,2021-10-15,83.38999938964844
Vanguard,VWRP.L,Vanguard FTSE All-World Accumulation UCITS ETF - VWRP.L,2021-10-16,83.38999938964844
Vanguard,VWRP.L,Vanguard FTSE All-World Accumulation UCITS ETF - VWRP.L,2021-10-17,83.38999938964844
Vanguard,VWRP.L,Vanguard FTSE All-World Accumulation UCITS ETF - VWRP.L,2021-10-18,83.61499786376953
Vanguard,VWRP.L,Vanguard FTSE All-World Accumulation UCITS ETF - VWRP.L,2021-10-19,83.76000213623047
Vanguard,VWRP.L,Vanguard FTSE All-World Accumulation UCITS ETF - VWRP.L,2021-10-20,83.97000122070312
Vanguard,VWRP.L,Vanguard FTSE All-World Accumulation UCITS ETF - VWRP.L,2021-10-21,83.76499938964844
Vanguard,VWRP.L,Vanguard FTSE All-World Accumulation UCITS ETF - VWRP.L,2021-10-22,84.16999816894531
Vanguard,VWRP.L,Vanguard FTSE All-World Accumulation UCITS ETF - VWRP.L,2021-10-23,84.16999816894531
Vanguard,VWRP.L,Vanguard FTSE All-World Accumulation UCITS ETF - VWRP.L,2021-10-24,84.16999816894531
Vanguard,VWRP.L,Vanguard FTSE All-World Accumulation UCITS ETF - VWRP.L,2021-10-25,84.45999908447266
Vanguard,VWRP.L,Vanguard FTSE All-World Accumulation UCITS ETF - VWRP.L,2021-10-26,84.93499755859375
Vanguard,VWRP.L,Vanguard FTSE All-World Accumulation UCITS ETF - VWRP.L,2021-10-27,84.69999694824219
Vanguard,VWRP.L,Vanguard FTSE All-World Accumulation UCITS ETF - VWRP.L,2021-10-28,84.49500274658203
Vanguard,VWRP.L,Vanguard FTSE All-World Accumulation UCITS ETF - VWRP.L,2021-10-29,84.97000122070312
Vanguard,VWRP.L,Vanguard FTSE All-World Accumulation UCITS ETF - VWRP.L,2021-10-30,84.97000122070312
Vanguard,VWRP.L,Vanguard FTSE All-World Accumulation UCITS ETF - VWRP.L,2021-10-31,84.97000122070312
Vanguard,VWRP.L,Vanguard FTSE All-World Accumulation UCITS ETF - VWRP.L,2021-11-01,85.63999938964844
Vanguard,VWRP.L,Vanguard FTSE All-World Accumulation UCITS ETF - VWRP.L,2021-11-02,86.12000274658203
Vanguard,VWRP.L,Vanguard FTSE All-World Accumulation UCITS ETF - VWRP.L,2021-11-03,85.7300033569336
Vanguard,VWRP.L,Vanguard FTSE All-World Accumulation UCITS ETF - VWRP.L,2021-11-04,87.42500305175781
Vanguard,VWRP.L,Vanguard FTSE All-World Accumulation UCITS ETF - VWRP.L,2021-11-05,87.86499786376953
Vanguard,VWRP.L,Vanguard FTSE All-World Accumulation UCITS ETF - VWRP.L,2021-11-06,87.86499786376953
Vanguard,VWRP.L,Vanguard FTSE All-World Accumulation UCITS ETF - VWRP.L,2021-11-07,87.86499786376953
Vanguard,VWRP.L,Vanguard FTSE All-World Accumulation UCITS ETF - VWRP.L,2021-11-08,87.56999969482422
Vanguard,VWRP.L,Vanguard FTSE All-World Accumulation UCITS ETF - VWRP.L,2021-11-09,87.30000305175781
Vanguard,VWRP.L,Vanguard FTSE All-World Accumulation UCITS ETF - VWRP.L,2021-11-10,87.62000274658203
Vanguard,VWRP.L,Vanguard FTSE All-World Accumulation UCITS ETF - VWRP.L,2021-11-11,88.06999969482422
Vanguard,VWRP.L,Vanguard FTSE All-World Accumulation UCITS ETF - VWRP.L,2021-11-12,88.24500274658203
Vanguard,VWRP.L,Vanguard FTSE All-World Accumulation UCITS ETF - VWRP.L,2021-11-13,88.24500274658203
Vanguard,VWRP.L,Vanguard FTSE All-World Accumulation UCITS ETF - VWRP.L,2021-11-14,88.24500274658203
Vanguard,VWRP.L,Vanguard FTSE All-World Accumulation UCITS ETF - VWRP.L,2021-11-15,88.29000091552734
Vanguard,VWRP.L,Vanguard FTSE All-World Accumulation UCITS ETF - VWRP.L,2021-11-16,88.50499725341797
Vanguard,VWRP.L,Vanguard FTSE All-World Accumulation UCITS ETF - VWRP.L,2021-11-17,87.91500091552734
Vanguard,VWRP.L,Vanguard FTSE All-World Accumulation UCITS ETF - VWRP.L,2021-11-18,87.61000061035156
Vanguard,VWRP.L,Vanguard FTSE All-World Accumulation UCITS ETF - VWRP.L,2021-11-19,87.7300033569336
Vanguard,VWRP.L,Vanguard FTSE All-World Accumulation UCITS ETF - VWRP.L,2021-11-20,87.7300033569336
Vanguard,VWRP.L,Vanguard FTSE All-World Accumulation UCITS ETF - VWRP.L,2021-11-21,87.7300033569336
Vanguard,VWRP.L,Vanguard FTSE All-World Accumulation UCITS ETF - VWRP.L,2021-11-22,88.0250015258789
Vanguard,VWRP.L,Vanguard FTSE All-World Accumulation UCITS ETF - VWRP.L,2021-11-23,87.30500030517578
Vanguard,VWRP.L,Vanguard FTSE All-World Accumulation UCITS ETF - VWRP.L,2021-11-24,87.79000091552734
Vanguard,VWRP.L,Vanguard FTSE All-World Accumulation UCITS ETF - VWRP.L,2021-11-25,88.1500015258789
Vanguard,VWRP.L,Vanguard FTSE All-World Accumulation UCITS ETF - VWRP.L,2021-11-26,85.8550033569336
Vanguard,VWRP.L,Vanguard FTSE All-World Accumulation UCITS ETF - VWRP.L,2021-11-27,85.8550033569336
Vanguard,VWRP.L,Vanguard FTSE All-World Accumulation UCITS ETF - VWRP.L,2021-11-28,85.8550033569336
Vanguard,VWRP.L,Vanguard FTSE All-World Accumulation UCITS ETF - VWRP.L,2021-11-29,86.48999786376953
Vanguard,VWRP.L,Vanguard FTSE All-World Accumulation UCITS ETF - VWRP.L,2021-11-30,86.0
Vanguard,VWRP.L,Vanguard FTSE All-World Accumulation UCITS ETF - VWRP.L,2021-12-01,87.01000213623047
Vanguard,VWRP.L,Vanguard FTSE All-World Accumulation UCITS ETF - VWRP.L,2021-12-02,85.73999786376953
Vanguard,VWRP.L,Vanguard FTSE All-World Accumulation UCITS ETF - VWRP.L,2021-12-03,85.55000305175781
Vanguard,VWRP.L,Vanguard FTSE All-World Accumulation UCITS ETF - VWRP.L,2021-12-04,85.55000305175781
Vanguard,VWRP.L,Vanguard FTSE All-World Accumulation UCITS ETF - VWRP.L,2021-12-05,85.55000305175781
Vanguard,VWRP.L,Vanguard FTSE All-World Accumulation UCITS ETF - VWRP.L,2021-12-06,86.25499725341797
Vanguard,VWRP.L,Vanguard FTSE All-World Accumulation UCITS ETF - VWRP.L,2021-12-07,88.26000213623047
Vanguard,VWRP.L,Vanguard FTSE All-World Accumulation UCITS ETF - VWRP.L,2021-12-08,88.37000274658203
Vanguard,VWRP.L,Vanguard FTSE All-World Accumulation UCITS ETF - VWRP.L,2021-12-09,88.45999908447266
Vanguard,VWRP.L,Vanguard FTSE All-World Accumulation UCITS ETF - VWRP.L,2021-12-10,88.08000183105469
Vanguard,VWRP.L,Vanguard FTSE All-World Accumulation UCITS ETF - VWRP.L,2021-12-11,88.08000183105469
Vanguard,VWRP.L,Vanguard FTSE All-World Accumulation UCITS ETF - VWRP.L,2021-12-12,88.08000183105469
Vanguard,VWRP.L,Vanguard FTSE All-World Accumulation UCITS ETF - VWRP.L,2021-12-13,87.56999969482422
Vanguard,VWRP.L,Vanguard FTSE All-World Accumulation UCITS ETF - VWRP.L,2021-12-14,86.68499755859375
Vanguard,VWRP.L,Vanguard FTSE All-World Accumulation UCITS ETF - VWRP.L,2021-12-15,86.72000122070312
Vanguard,VWRP.L,Vanguard FTSE All-World Accumulation UCITS ETF - VWRP.L,2021-12-16,87.70500183105469
Vanguard,VWRP.L,Vanguard FTSE All-World Accumulation UCITS ETF - VWRP.L,2021-12-17,87.22000122070312
Vanguard,VWRP.L,Vanguard FTSE All-World Accumulation UCITS ETF - VWRP.L,2021-12-18,87.22000122070312
Vanguard,VWRP.L,Vanguard FTSE All-World Accumulation UCITS ETF - VWRP.L,2021-12-19,87.22000122070312
Vanguard,VWRP.L,Vanguard FTSE All-World Accumulation UCITS ETF - VWRP.L,2021-12-20,85.5199966430664
Vanguard,VWRP.L,Vanguard FTSE All-World Accumulation UCITS ETF - VWRP.L,2021-12-21,86.52999877929688
Vanguard,VWRP.L,Vanguard FTSE All-World Accumulation UCITS ETF - VWRP.L,2021-12-22,87.07499694824219
Vanguard,VWRP.L,Vanguard FTSE All-World Accumulation UCITS ETF - VWRP.L,2021-12-23,87.58999633789062
Vanguard,VWRP.L,Vanguard FTSE All-World Accumulation UCITS ETF - VWRP.L,2021-12-24,87.44000244140625
Vanguard,VWRP.L,Vanguard FTSE All-World Accumulation UCITS ETF - VWRP.L,2021-12-25,87.44000244140625
Vanguard,VWRP.L,Vanguard FTSE All-World Accumulation UCITS ETF - VWRP.L,2021-12-26,87.44000244140625
Vanguard,VWRP.L,Vanguard FTSE All-World Accumulation UCITS ETF - VWRP.L,2021-12-27,87.44000244140625
Vanguard,VWRP.L,Vanguard FTSE All-World Accumulation UCITS ETF - VWRP.L,2021-12-28,87.44000244140625
Vanguard,VWRP.L,Vanguard FTSE All-World Accumulation UCITS ETF - VWRP.L,2021-12-29,87.75
Vanguard,VWRP.L,Vanguard FTSE All-World Accumulation UCITS ETF - VWRP.L,2021-12-30,88.0199966430664
Vanguard,VWRP.L,Vanguard FTSE All-World Accumulation UCITS ETF - VWRP.L,2021-12-31,87.75
Vanguard,VWRP.L,Vanguard FTSE All-World Accumulation UCITS ETF - VWRP.L,2022-01-01,87.75
Vanguard,VWRP.L,Vanguard FTSE All-World Accumulation UCITS ETF - VWRP.L,2022-01-02,87.75
Vanguard,VWRP.L,Vanguard FTSE All-World Accumulation UCITS ETF - VWRP.L,2022-01-03,87.75
Vanguard,VWRP.L,Vanguard FTSE All-World Accumulation UCITS ETF - VWRP.L,2022-01-04,87.72000122070312
Vanguard,VWRP.L,Vanguard FTSE All-World Accumulation UCITS ETF - VWRP.L,2022-01-05,87.66500091552734
Vanguard,VWRP.L,Vanguard FTSE All-World Accumulation UCITS ETF - VWRP.L,2022-01-06,86.44999694824219
Vanguard,VWRP.L,Vanguard FTSE All-World Accumulation UCITS ETF - VWRP.L,2022-01-07,85.80999755859375
Vanguard,VWRP.L,Vanguard FTSE All-World Accumulation UCITS ETF - VWRP.L,2022-01-08,85.80999755859375
Vanguard,VWRP.L,Vanguard FTSE All-World Accumulation UCITS ETF - VWRP.L,2022-01-09,85.80999755859375
Vanguard,VWRP.L,Vanguard FTSE All-World Accumulation UCITS ETF - VWRP.L,2022-01-10,84.83999633789062
Vanguard,VWRP.L,Vanguard FTSE All-World Accumulation UCITS ETF - VWRP.L,2022-01-11,85.80999755859375
Vanguard,VWRP.L,Vanguard FTSE All-World Accumulation UCITS ETF - VWRP.L,2022-01-12,86.19499969482422
Vanguard,VWRP.L,Vanguard FTSE All-World Accumulation UCITS ETF - VWRP.L,2022-01-13,86.11000061035156
Vanguard,VWRP.L,Vanguard FTSE All-World Accumulation UCITS ETF - VWRP.L,2022-01-14,85.01000213623047
Vanguard,VWRP.L,Vanguard FTSE All-World Accumulation UCITS ETF - VWRP.L,2022-01-15,85.01000213623047
Vanguard,VWRP.L,Vanguard FTSE All-World Accumulation UCITS ETF - VWRP.L,2022-01-16,85.01000213623047
Vanguard,VWRP.L,Vanguard FTSE All-World Accumulation UCITS ETF - VWRP.L,2022-01-17,85.77999877929688
Vanguard,VWRP.L,Vanguard FTSE All-World Accumulation UCITS ETF - VWRP.L,2022-01-18,84.80999755859375
Vanguard,VWRP.L,Vanguard FTSE All-World Accumulation UCITS ETF - VWRP.L,2022-01-19,84.30000305175781
Vanguard,VWRP.L,Vanguard FTSE All-World Accumulation UCITS ETF - VWRP.L,2022-01-20,84.80000305175781
Vanguard,VWRP.L,Vanguard FTSE All-World Accumulation UCITS ETF - VWRP.L,2022-01-21,83.73500061035156
Vanguard,VWRP.L,Vanguard FTSE All-World Accumulation UCITS ETF - VWRP.L,2022-01-22,83.73500061035156
Vanguard,VWRP.L,Vanguard FTSE All-World Accumulation UCITS ETF - VWRP.L,2022-01-23,83.73500061035156
Vanguard,VWRP.L,Vanguard FTSE All-World Accumulation UCITS ETF - VWRP.L,2022-01-24,80.72000122070312
Vanguard,VWRP.L,Vanguard FTSE All-World Accumulation UCITS ETF - VWRP.L,2022-01-25,81.20500183105469
Vanguard,VWRP.L,Vanguard FTSE All-World Accumulation UCITS ETF - VWRP.L,2022-01-26,82.38500213623047
Vanguard,VWRP.L,Vanguard FTSE All-World Accumulation UCITS ETF - VWRP.L,2022-01-27,82.32499694824219
Vanguard,VWRP.L,Vanguard FTSE All-World Accumulation UCITS ETF - VWRP.L,2022-01-28,81.61499786376953
Vanguard,VWRP.L,Vanguard FTSE All-World Accumulation UCITS ETF - VWRP.L,2022-01-29,81.61499786376953
Vanguard,VWRP.L,Vanguard FTSE All-World Accumulation UCITS ETF - VWRP.L,2022-01-30,81.61499786376953
Vanguard,VWRP.L,Vanguard FTSE All-World Accumulation UCITS ETF - VWRP.L,2022-01-31,83.41000366210938
Vanguard,VWRP.L,Vanguard FTSE All-World Accumulation UCITS ETF - VWRP.L,2022-02-01,83.81999969482422
Vanguard,VWRP.L,Vanguard FTSE All-World Accumulation UCITS ETF - VWRP.L,2022-02-02,84.12000274658203
Vanguard,VWRP.L,Vanguard FTSE All-World Accumulation UCITS ETF - VWRP.L,2022-02-03,83.25499725341797
Vanguard,VWRP.L,Vanguard FTSE All-World Accumulation UCITS ETF - VWRP.L,2022-02-04,82.81999969482422
Vanguard,VWRP.L,Vanguard FTSE All-World Accumulation UCITS ETF - VWRP.L,2022-02-05,82.81999969482422
Vanguard,VWRP.L,Vanguard FTSE All-World Accumulation UCITS ETF - VWRP.L,2022-02-06,82.81999969482422
Vanguard,VWRP.L,Vanguard FTSE All-World Accumulation UCITS ETF - VWRP.L,2022-02-07,83.57499694824219
Vanguard,VWRP.L,Vanguard FTSE All-World Accumulation UCITS ETF - VWRP.L,2022-02-08,83.56999969482422
Vanguard,VWRP.L,Vanguard FTSE All-World Accumulation UCITS ETF - VWRP.L,2022-02-09,84.8550033569336
Vanguard,VWRP.L,Vanguard FTSE All-World Accumulation UCITS ETF - VWRP.L,2022-02-10,84.37000274658203
Vanguard,VWRP.L,Vanguard FTSE All-World Accumulation UCITS ETF - VWRP.L,2022-02-11,83.44499969482422
Vanguard,VWRP.L,Vanguard FTSE All-World Accumulation UCITS ETF - VWRP.L,2022-02-12,83.44499969482422
Vanguard,VWRP.L,Vanguard FTSE All-World Accumulation UCITS ETF - VWRP.L,2022-02-13,83.44499969482422
Vanguard,VWRP.L,Vanguard FTSE All-World Accumulation UCITS ETF - VWRP.L,2022-02-14,82.31999969482422
Vanguard,VWRP.L,Vanguard FTSE All-World Accumulation UCITS ETF - VWRP.L,2022-02-15,83.30500030517578
Vanguard,VWRP.L,Vanguard FTSE All-World Accumulation UCITS ETF - VWRP.L,2022-02-16,82.94000244140625
Vanguard,VWRP.L,Vanguard FTSE All-World Accumulation UCITS ETF - VWRP.L,2022-02-17,82.29499816894531
Vanguard,VWRP.L,Vanguard FTSE All-World Accumulation UCITS ETF - VWRP.L,2022-02-18,81.37000274658203
Vanguard,VWRP.L,Vanguard FTSE All-World Accumulation UCITS ETF - VWRP.L,2022-02-19,81.37000274658203
Vanguard,VWRP.L,Vanguard FTSE All-World Accumulation UCITS ETF - VWRP.L,2022-02-20,81.37000274658203
Vanguard,VWRP.L,Vanguard FTSE All-World Accumulation UCITS ETF - VWRP.L,2022-02-21,80.34500122070312
Vanguard,VWRP.L,Vanguard FTSE All-World Accumulation UCITS ETF - VWRP.L,2022-02-22,80.72000122070312
Vanguard,VWRP.L,Vanguard FTSE All-World Accumulation UCITS ETF - VWRP.L,2022-02-23,80.19000244140625
Vanguard,VWRP.L,Vanguard FTSE All-World Accumulation UCITS ETF - VWRP.L,2022-02-24,78.9749984741211
Vanguard,VWRP.L,Vanguard FTSE All-World Accumulation UCITS ETF - VWRP.L,2022-02-25,81.76499938964844
Vanguard,VWRP.L,Vanguard FTSE All-World Accumulation UCITS ETF - VWRP.L,2022-02-26,81.76499938964844
Vanguard,VWRP.L,Vanguard FTSE All-World Accumulation UCITS ETF - VWRP.L,2022-02-27,81.76499938964844
Vanguard,VWRP.L,Vanguard FTSE All-World Accumulation UCITS ETF - VWRP.L,2022-02-28,81.91500091552734
Vanguard,VWRP.L,Vanguard FTSE All-World Accumulation UCITS ETF - VWRP.L,2022-03-01,81.0999984741211
Vanguard,VWRP.L,Vanguard FTSE All-World Accumulation UCITS ETF - VWRP.L,2022-03-02,81.68000030517578
Vanguard,VWRP.L,Vanguard FTSE All-World Accumulation UCITS ETF - VWRP.L,2022-03-03,81.0999984741211
Vanguard,VWRP.L,Vanguard FTSE All-World Accumulation UCITS ETF - VWRP.L,2022-03-04,80.20500183105469
Vanguard,VWRP.L,Vanguard FTSE All-World Accumulation UCITS ETF - VWRP.L,2022-03-05,80.20500183105469
Vanguard,VWRP.L,Vanguard FTSE All-World Accumulation UCITS ETF - VWRP.L,2022-03-06,80.20500183105469
Vanguard,VWRP.L,Vanguard FTSE All-World Accumulation UCITS ETF - VWRP.L,2022-03-07,79.93499755859375
Vanguard,VWRP.L,Vanguard FTSE All-World Accumulation UCITS ETF - VWRP.L,2022-03-08,78.47000122070312
Vanguard,VWRP.L,Vanguard FTSE All-World Accumulation UCITS ETF - VWRP.L,2022-03-09,80.24500274658203
Vanguard,VWRP.L,Vanguard FTSE All-World Accumulation UCITS ETF - VWRP.L,2022-03-10,79.6449966430664
Vanguard,VWRP.L,Vanguard FTSE All-World Accumulation UCITS ETF - VWRP.L,2022-03-11,80.38999938964844
Vanguard,VWRP.L,Vanguard FTSE All-World Accumulation UCITS ETF - VWRP.L,2022-03-12,80.38999938964844
Vanguard,VWRP.L,Vanguard FTSE All-World Accumulation UCITS ETF - VWRP.L,2022-03-13,80.38999938964844
Vanguard,VWRP.L,Vanguard FTSE All-World Accumulation UCITS ETF - VWRP.L,2022-03-14,79.70500183105469
Vanguard,VWRP.L,Vanguard FTSE All-World Accumulation UCITS ETF - VWRP.L,2022-03-15,80.18000030517578
Vanguard,VWRP.L,Vanguard FTSE All-World Accumulation UCITS ETF - VWRP.L,2022-03-16,82.0999984741211
Vanguard,VWRP.L,Vanguard FTSE All-World Accumulation UCITS ETF - VWRP.L,2022-03-17,82.71499633789062
Vanguard,VWRP.L,Vanguard FTSE All-World Accumulation UCITS ETF - VWRP.L,2022-03-18,83.41999816894531
Vanguard,VWRP.L,Vanguard FTSE All-World Accumulation UCITS ETF - VWRP.L,2022-03-19,83.41999816894531
Vanguard,VWRP.L,Vanguard FTSE All-World Accumulation UCITS ETF - VWRP.L,2022-03-20,83.41999816894531
Vanguard,VWRP.L,Vanguard FTSE All-World Accumulation UCITS ETF - VWRP.L,2022-03-21,83.83000183105469
Vanguard,VWRP.L,Vanguard FTSE All-World Accumulation UCITS ETF - VWRP.L,2022-03-22,84.08000183105469
Vanguard,VWRP.L,Vanguard FTSE All-World Accumulation UCITS ETF - VWRP.L,2022-03-23,84.08499908447266
Vanguard,VWRP.L,Vanguard FTSE All-World Accumulation UCITS ETF - VWRP.L,2022-03-24,84.1500015258789
Vanguard,VWRP.L,Vanguard FTSE All-World Accumulation UCITS ETF - VWRP.L,2022-03-25,84.38500213623047
Vanguard,VWRP.L,Vanguard FTSE All-World Accumulation UCITS ETF - VWRP.L,2022-03-26,84.38500213623047
Vanguard,VWRP.L,Vanguard FTSE All-World Accumulation UCITS ETF - VWRP.L,2022-03-27,84.38500213623047
Vanguard,VWRP.L,Vanguard FTSE All-World Accumulation UCITS ETF - VWRP.L,2022-03-28,85.19999694824219
Vanguard,VWRP.L,Vanguard FTSE All-World Accumulation UCITS ETF - VWRP.L,2022-03-29,86.41500091552734
Vanguard,VWRP.L,Vanguard FTSE All-World Accumulation UCITS ETF - VWRP.L,2022-03-30,86.33000183105469
Vanguard,VWRP.L,Vanguard FTSE All-World Accumulation UCITS ETF - VWRP.L,2022-03-31,85.88500213623047
Vanguard,VWRP.L,Vanguard FTSE All-World Accumulation UCITS ETF - VWRP.L,2022-04-01,85.48500061035156
Vanguard,VWRP.L,Vanguard FTSE All-World Accumulation UCITS ETF - VWRP.L,2022-04-02,85.48500061035156
Vanguard,VWRP.L,Vanguard FTSE All-World Accumulation UCITS ETF - VWRP.L,2022-04-03,85.48500061035156
Vanguard,VWRP.L,Vanguard FTSE All-World Accumulation UCITS ETF - VWRP.L,2022-04-04,86.19000244140625
Vanguard,VWRP.L,Vanguard FTSE All-World Accumulation UCITS ETF - VWRP.L,2022-04-05,85.72000122070312
Vanguard,VWRP.L,Vanguard FTSE All-World Accumulation UCITS ETF - VWRP.L,2022-04-06,84.33999633789062
Vanguard,VWRP.L,Vanguard FTSE All-World Accumulation UCITS ETF - VWRP.L,2022-04-07,84.1449966430664
Vanguard,VWRP.L,Vanguard FTSE All-World Accumulation UCITS ETF - VWRP.L,2022-04-08,85.19499969482422
Vanguard,VWRP.L,Vanguard FTSE All-World Accumulation UCITS ETF - VWRP.L,2022-04-09,85.19499969482422
Vanguard,VWRP.L,Vanguard FTSE All-World Accumulation UCITS ETF - VWRP.L,2022-04-10,85.19499969482422
Vanguard,VWRP.L,Vanguard FTSE All-World Accumulation UCITS ETF - VWRP.L,2022-04-11,83.90499877929688
Vanguard,VWRP.L,Vanguard FTSE All-World Accumulation UCITS ETF - VWRP.L,2022-04-12,84.19000244140625
Vanguard,VWRP.L,Vanguard FTSE All-World Accumulation UCITS ETF - VWRP.L,2022-04-13,83.79499816894531
Vanguard,VWRP.L,Vanguard FTSE All-World Accumulation UCITS ETF - VWRP.L,2022-04-14,83.75499725341797
Vanguard,VWRP.L,Vanguard FTSE All-World Accumulation UCITS ETF - VWRP.L,2022-04-15,83.75499725341797
Vanguard,VWRP.L,Vanguard FTSE All-World Accumulation UCITS ETF - VWRP.L,2022-04-16,83.75499725341797
Vanguard,VWRP.L,Vanguard FTSE All-World Accumulation UCITS ETF - VWRP.L,2022-04-17,83.75499725341797
Vanguard,VWRP.L,Vanguard FTSE All-World Accumulation UCITS ETF - VWRP.L,2022-04-18,83.75499725341797
Vanguard,VWRP.L,Vanguard FTSE All-World Accumulation UCITS ETF - VWRP.L,2022-04-19,84.01000213623047
Vanguard,VWRP.L,Vanguard FTSE All-World Accumulation UCITS ETF - VWRP.L,2022-04-20,84.16000366210938
Vanguard,VWRP.L,Vanguard FTSE All-World Accumulation UCITS ETF - VWRP.L,2022-04-21,84.21499633789062
Vanguard,VWRP.L,Vanguard FTSE All-World Accumulation UCITS ETF - VWRP.L,2022-04-22,83.18499755859375
Vanguard,VWRP.L,Vanguard FTSE All-World Accumulation UCITS ETF - VWRP.L,2022-04-23,83.18499755859375
Vanguard,VWRP.L,Vanguard FTSE All-World Accumulation UCITS ETF - VWRP.L,2022-04-24,83.18499755859375
Vanguard,VWRP.L,Vanguard FTSE All-World Accumulation UCITS ETF - VWRP.L,2022-04-25,81.93499755859375
Vanguard,VWRP.L,Vanguard FTSE All-World Accumulation UCITS ETF - VWRP.L,2022-04-26,82.22000122070312
Vanguard,VWRP.L,Vanguard FTSE All-World Accumulation UCITS ETF - VWRP.L,2022-04-27,82.69499969482422
Vanguard,VWRP.L,Vanguard FTSE All-World Accumulation UCITS ETF - VWRP.L,2022-04-28,83.49500274658203
Vanguard,VWRP.L,Vanguard FTSE All-World Accumulation UCITS ETF - VWRP.L,2022-04-29,83.30999755859375
Vanguard,VWRP.L,Vanguard FTSE All-World Accumulation UCITS ETF - VWRP.L,2022-04-30,83.30999755859375
Vanguard,VWRP.L,Vanguard FTSE All-World Accumulation UCITS ETF - VWRP.L,2022-05-01,83.30999755859375
Vanguard,VWRP.L,Vanguard FTSE All-World Accumulation UCITS ETF - VWRP.L,2022-05-02,83.30999755859375
Vanguard,VWRP.L,Vanguard FTSE All-World Accumulation UCITS ETF - VWRP.L,2022-05-03,82.9749984741211
Vanguard,VWRP.L,Vanguard FTSE All-World Accumulation UCITS ETF - VWRP.L,2022-05-04,82.27999877929688
Vanguard,VWRP.L,Vanguard FTSE All-World Accumulation UCITS ETF - VWRP.L,2022-05-05,82.93000030517578
Vanguard,VWRP.L,Vanguard FTSE All-World Accumulation UCITS ETF - VWRP.L,2022-05-06,82.30999755859375
Vanguard,VWRP.L,Vanguard FTSE All-World Accumulation UCITS ETF - VWRP.L,2022-05-07,82.30999755859375
Vanguard,VWRP.L,Vanguard FTSE All-World Accumulation UCITS ETF - VWRP.L,2022-05-08,82.30999755859375
Vanguard,VWRP.L,Vanguard FTSE All-World Accumulation UCITS ETF - VWRP.L,2022-05-09,80.12999725341797
Vanguard,VWRP.L,Vanguard FTSE All-World Accumulation UCITS ETF - VWRP.L,2022-05-10,79.73999786376953
Vanguard,VWRP.L,Vanguard FTSE All-World Accumulation UCITS ETF - VWRP.L,2022-05-11,80.70999908447266
Vanguard,VWRP.L,Vanguard FTSE All-World Accumulation UCITS ETF - VWRP.L,2022-05-12,79.75
Vanguard,VWRP.L,Vanguard FTSE All-World Accumulation UCITS ETF - VWRP.L,2022-05-13,81.4800033569336
Vanguard,VWRP.L,Vanguard FTSE All-World Accumulation UCITS ETF - VWRP.L,2022-05-14,81.4800033569336
Vanguard,VWRP.L,Vanguard FTSE All-World Accumulation UCITS ETF - VWRP.L,2022-05-15,81.4800033569336
Vanguard,VWRP.L,Vanguard FTSE All-World Accumulation UCITS ETF - VWRP.L,2022-05-16,80.98999786376953
Vanguard,VWRP.L,Vanguard FTSE All-World Accumulation UCITS ETF - VWRP.L,2022-05-17,80.91000366210938
Vanguard,VWRP.L,Vanguard FTSE All-World Accumulation UCITS ETF - VWRP.L,2022-05-18,79.99500274658203
Vanguard,VWRP.L,Vanguard FTSE All-World Accumulation UCITS ETF - VWRP.L,2022-05-19,78.48500061035156
Vanguard,VWRP.L,Vanguard FTSE All-World Accumulation UCITS ETF - VWRP.L,2022-05-20,78.4800033569336
Vanguard,VWRP.L,Vanguard FTSE All-World Accumulation UCITS ETF - VWRP.L,2022-05-21,78.4800033569336
Vanguard,VWRP.L,Vanguard FTSE All-World Accumulation UCITS ETF - VWRP.L,2022-05-22,78.4800033569336
Vanguard,VWRP.L,Vanguard FTSE All-World Accumulation UCITS ETF - VWRP.L,2022-05-23,79.46499633789062
Vanguard,VWRP.L,Vanguard FTSE All-World Accumulation UCITS ETF - VWRP.L,2022-05-24,78.49500274658203
Vanguard,VWRP.L,Vanguard FTSE All-World Accumulation UCITS ETF - VWRP.L,2022-05-25,79.43000030517578
Vanguard,VWRP.L,Vanguard FTSE All-World Accumulation UCITS ETF - VWRP.L,2022-05-26,80.58499908447266
Vanguard,VWRP.L,Vanguard FTSE All-World Accumulation UCITS ETF - VWRP.L,2022-05-27,81.67500305175781
Vanguard,VWRP.L,Vanguard FTSE All-World Accumulation UCITS ETF - VWRP.L,2022-05-28,81.67500305175781
Vanguard,VWRP.L,Vanguard FTSE All-World Accumulation UCITS ETF - VWRP.L,2022-05-29,81.67500305175781
Vanguard,VWRP.L,Vanguard FTSE All-World Accumulation UCITS ETF - VWRP.L,2022-05-30,82.5250015258789
Vanguard,VWRP.L,Vanguard FTSE All-World Accumulation UCITS ETF - VWRP.L,2022-05-31,81.8550033569336
Vanguard,VWRP.L,Vanguard FTSE All-World Accumulation UCITS ETF - VWRP.L,2022-06-01,81.91999816894531
Vanguard,VWRP.L,Vanguard FTSE All-World Accumulation UCITS ETF - VWRP.L,2022-06-02,81.91999816894531
Vanguard,VWRP.L,Vanguard FTSE All-World Accumulation UCITS ETF - VWRP.L,2022-06-03,81.91999816894531
Vanguard,VWRP.L,Vanguard FTSE All-World Accumulation UCITS ETF - VWRP.L,2022-06-04,81.91999816894531
Vanguard,VWRP.L,Vanguard FTSE All-World Accumulation UCITS ETF - VWRP.L,2022-06-05,81.91999816894531
Vanguard,VWRP.L,Vanguard FTSE All-World Accumulation UCITS ETF - VWRP.L,2022-06-06,82.54000091552734
Vanguard,VWRP.L,Vanguard FTSE All-World Accumulation UCITS ETF - VWRP.L,2022-06-07,81.97000122070312
Vanguard,VWRP.L,Vanguard FTSE All-World Accumulation UCITS ETF - VWRP.L,2022-06-08,82.65499877929688
Vanguard,VWRP.L,Vanguard FTSE All-World Accumulation UCITS ETF - VWRP.L,2022-06-09,81.45500183105469
Vanguard,VWRP.L,Vanguard FTSE All-World Accumulation UCITS ETF - VWRP.L,2022-06-10,79.50499725341797
Vanguard,VWRP.L,Vanguard FTSE All-World Accumulation UCITS ETF - VWRP.L,2022-06-11,79.50499725341797
Vanguard,VWRP.L,Vanguard FTSE All-World Accumulation UCITS ETF - VWRP.L,2022-06-12,79.50499725341797
Vanguard,VWRP.L,Vanguard FTSE All-World Accumulation UCITS ETF - VWRP.L,2022-06-13,77.88999938964844
Vanguard,VWRP.L,Vanguard FTSE All-World Accumulation UCITS ETF - VWRP.L,2022-06-14,78.3499984741211
Vanguard,VWRP.L,Vanguard FTSE All-World Accumulation UCITS ETF - VWRP.L,2022-06-15,78.66000366210938
Vanguard,VWRP.L,Vanguard FTSE All-World Accumulation UCITS ETF - VWRP.L,2022-06-16,75.30000305175781
Vanguard,VWRP.L,Vanguard FTSE All-World Accumulation UCITS ETF - VWRP.L,2022-06-17,75.88999938964844
Vanguard,VWRP.L,Vanguard FTSE All-World Accumulation UCITS ETF - VWRP.L,2022-06-18,75.88999938964844
Vanguard,VWRP.L,Vanguard FTSE All-World Accumulation UCITS ETF - VWRP.L,2022-06-19,75.88999938964844
Vanguard,VWRP.L,Vanguard FTSE All-World Accumulation UCITS ETF - VWRP.L,2022-06-20,76.3949966430664
Vanguard,VWRP.L,Vanguard FTSE All-World Accumulation UCITS ETF - VWRP.L,2022-06-21,77.25
Vanguard,VWRP.L,Vanguard FTSE All-World Accumulation UCITS ETF - VWRP.L,2022-06-22,77.0199966430664
Vanguard,VWRP.L,Vanguard FTSE All-World Accumulation UCITS ETF - VWRP.L,2022-06-23,77.11000061035156
Vanguard,VWRP.L,Vanguard FTSE All-World Accumulation UCITS ETF - VWRP.L,2022-06-24,78.83999633789062
Vanguard,VWRP.L,Vanguard FTSE All-World Accumulation UCITS ETF - VWRP.L,2022-06-25,78.83999633789062
Vanguard,VWRP.L,Vanguard FTSE All-World Accumulation UCITS ETF - VWRP.L,2022-06-26,78.83999633789062
Vanguard,VWRP.L,Vanguard FTSE All-World Accumulation UCITS ETF - VWRP.L,2022-06-27,79.5250015258789
Vanguard,VWRP.L,Vanguard FTSE All-World Accumulation UCITS ETF - VWRP.L,2022-06-28,79.48999786376953
Vanguard,VWRP.L,Vanguard FTSE All-World Accumulation UCITS ETF - VWRP.L,2022-06-29,78.90499877929688
Vanguard,VWRP.L,Vanguard FTSE All-World Accumulation UCITS ETF - VWRP.L,2022-06-30,77.93499755859375
Vanguard,VWRP.L,Vanguard FTSE All-World Accumulation UCITS ETF - VWRP.L,2022-07-01,78.58999633789062
Vanguard,VWRP.L,Vanguard FTSE All-World Accumulation UCITS ETF - VWRP.L,2022-07-02,78.58999633789062
Vanguard,VWRP.L,Vanguard FTSE All-World Accumulation UCITS ETF - VWRP.L,2022-07-03,78.58999633789062
Vanguard,VWRP.L,Vanguard FTSE All-World Accumulation UCITS ETF - VWRP.L,2022-07-04,78.56500244140625
Vanguard,VWRP.L,Vanguard FTSE All-World Accumulation UCITS ETF - VWRP.L,2022-07-05,78.2750015258789
Vanguard,VWRP.L,Vanguard FTSE All-World Accumulation UCITS ETF - VWRP.L,2022-07-06,79.3499984741211
Vanguard,VWRP.L,Vanguard FTSE All-World Accumulation UCITS ETF - VWRP.L,2022-07-07,80.27999877929688
Vanguard,VWRP.L,Vanguard FTSE All-World Accumulation UCITS ETF - VWRP.L,2022-07-08,80.59500122070312
Vanguard,VWRP.L,Vanguard FTSE All-World Accumulation UCITS ETF - VWRP.L,2022-07-09,80.59500122070312
Vanguard,VWRP.L,Vanguard FTSE All-World Accumulation UCITS ETF - VWRP.L,2022-07-10,80.59500122070312
Vanguard,VWRP.L,Vanguard FTSE All-World Accumulation UCITS ETF - VWRP.L,2022-07-11,80.21499633789062
Vanguard,VWRP.L,Vanguard FTSE All-World Accumulation UCITS ETF - VWRP.L,2022-07-12,80.12000274658203
Vanguard,VWRP.L,Vanguard FTSE All-World Accumulation UCITS ETF - VWRP.L,2022-07-13,79.04000091552734
Vanguard,VWRP.L,Vanguard FTSE All-World Accumulation UCITS ETF - VWRP.L,2022-07-14,78.66000366210938
Vanguard,VWRP.L,Vanguard FTSE All-World Accumulation UCITS ETF - VWRP.L,2022-07-15,79.9749984741211
Vanguard,VWRP.L,Vanguard FTSE All-World Accumulation UCITS ETF - VWRP.L,2022-07-16,79.9749984741211
Vanguard,VWRP.L,Vanguard FTSE All-World Accumulation UCITS ETF - VWRP.L,2022-07-17,79.9749984741211
Vanguard,VWRP.L,Vanguard FTSE All-World Accumulation UCITS ETF - VWRP.L,2022-07-18,80.0999984741211
Vanguard,VWRP.L,Vanguard FTSE All-World Accumulation UCITS ETF - VWRP.L,2022-07-19,80.61499786376953
Vanguard,VWRP.L,Vanguard FTSE All-World Accumulation UCITS ETF - VWRP.L,2022-07-20,81.53500366210938
Vanguard,VWRP.L,Vanguard FTSE All-World Accumulation UCITS ETF - VWRP.L,2022-07-21,81.70999908447266
Vanguard,VWRP.L,Vanguard FTSE All-World Accumulation UCITS ETF - VWRP.L,2022-07-22,81.61499786376953
Vanguard,VWRP.L,Vanguard FTSE All-World Accumulation UCITS ETF - VWRP.L,2022-07-23,81.61499786376953
Vanguard,VWRP.L,Vanguard FTSE All-World Accumulation UCITS ETF - VWRP.L,2022-07-24,81.61499786376953
Vanguard,VWRP.L,Vanguard FTSE All-World Accumulation UCITS ETF - VWRP.L,2022-07-25,81.36000061035156
Vanguard,VWRP.L,Vanguard FTSE All-World Accumulation UCITS ETF - VWRP.L,2022-07-26,80.7249984741211
Vanguard,VWRP.L,Vanguard FTSE All-World Accumulation UCITS ETF - VWRP.L,2022-07-27,81.38999938964844
Vanguard,VWRP.L,Vanguard FTSE All-World Accumulation UCITS ETF - VWRP.L,2022-07-28,82.1500015258789
Vanguard,VWRP.L,Vanguard FTSE All-World Accumulation UCITS ETF - VWRP.L,2022-07-29,82.66500091552734
Vanguard,VWRP.L,Vanguard FTSE All-World Accumulation UCITS ETF - VWRP.L,2022-07-30,82.66500091552734
Vanguard,VWRP.L,Vanguard FTSE All-World Accumulation UCITS ETF - VWRP.L,2022-07-31,82.66500091552734
Vanguard,VWRP.L,Vanguard FTSE All-World Accumulation UCITS ETF - VWRP.L,2022-08-01,82.83499908447266
Vanguard,VWRP.L,Vanguard FTSE All-World Accumulation UCITS ETF - VWRP.L,2022-08-02,82.63999938964844
Vanguard,VWRP.L,Vanguard FTSE All-World Accumulation UCITS ETF - VWRP.L,2022-08-03,83.4800033569336
Vanguard,VWRP.L,Vanguard FTSE All-World Accumulation UCITS ETF - VWRP.L,2022-08-04,83.69999694824219
Vanguard,VWRP.L,Vanguard FTSE All-World Accumulation UCITS ETF - VWRP.L,2022-08-05,83.66500091552734
Vanguard,VWRP.L,Vanguard FTSE All-World Accumulation UCITS ETF - VWRP.L,2022-08-06,83.66500091552734
Vanguard,VWRP.L,Vanguard FTSE All-World Accumulation UCITS ETF - VWRP.L,2022-08-07,83.66500091552734
Vanguard,VWRP.L,Vanguard FTSE All-World Accumulation UCITS ETF - VWRP.L,2022-08-08,84.30000305175781
Vanguard,VWRP.L,Vanguard FTSE All-World Accumulation UCITS ETF - VWRP.L,2022-08-09,83.76000213623047
Vanguard,VWRP.L,Vanguard FTSE All-World Accumulation UCITS ETF - VWRP.L,2022-08-10,84.19999694824219
Vanguard,VWRP.L,Vanguard FTSE All-World Accumulation UCITS ETF - VWRP.L,2022-08-11,84.9800033569336
Vanguard,VWRP.L,Vanguard FTSE All-World Accumulation UCITS ETF - VWRP.L,2022-08-12,85.66000366210938
Vanguard,VWRP.L,Vanguard FTSE All-World Accumulation UCITS ETF - VWRP.L,2022-08-13,85.66000366210938
Vanguard,VWRP.L,Vanguard FTSE All-World Accumulation UCITS ETF - VWRP.L,2022-08-14,85.66000366210938
Vanguard,VWRP.L,Vanguard FTSE All-World Accumulation UCITS ETF - VWRP.L,2022-08-15,86.33499908447266
Vanguard,VWRP.L,Vanguard FTSE All-World Accumulation UCITS ETF - VWRP.L,2022-08-16,86.44999694824219
Vanguard,VWRP.L,Vanguard FTSE All-World Accumulation UCITS ETF - VWRP.L,2022-08-17,86.13500213623047
Vanguard,VWRP.L,Vanguard FTSE All-World Accumulation UCITS ETF - VWRP.L,2022-08-18,86.69000244140625
Vanguard,VWRP.L,Vanguard FTSE All-World Accumulation UCITS ETF - VWRP.L,2022-08-19,86.75
Vanguard,VWRP.L,Vanguard FTSE All-World Accumulation UCITS ETF - VWRP.L,2022-08-20,86.75
Vanguard,VWRP.L,Vanguard FTSE All-World Accumulation UCITS ETF - VWRP.L,2022-08-21,86.75
Vanguard,VWRP.L,Vanguard FTSE All-World Accumulation UCITS ETF - VWRP.L,2022-08-22,85.77999877929688
Vanguard,VWRP.L,Vanguard FTSE All-World Accumulation UCITS ETF - VWRP.L,2022-08-23,85.01499938964844
Vanguard,VWRP.L,Vanguard FTSE All-World Accumulation UCITS ETF - VWRP.L,2022-08-24,85.67500305175781
Vanguard,VWRP.L,Vanguard FTSE All-World Accumulation UCITS ETF - VWRP.L,2022-08-25,85.94499969482422
Vanguard,VWRP.L,Vanguard FTSE All-World Accumulation UCITS ETF - VWRP.L,2022-08-26,85.23999786376953
Vanguard,VWRP.L,Vanguard FTSE All-World Accumulation UCITS ETF - VWRP.L,2022-08-27,85.23999786376953
Vanguard,VWRP.L,Vanguard FTSE All-World Accumulation UCITS ETF - VWRP.L,2022-08-28,85.23999786376953
Vanguard,VWRP.L,Vanguard FTSE All-World Accumulation UCITS ETF - VWRP.L,2022-08-29,85.23999786376953
Vanguard,VWRP.L,Vanguard FTSE All-World Accumulation UCITS ETF - VWRP.L,2022-08-30,83.94999694824219
Vanguard,VWRP.L,Vanguard FTSE All-World Accumulation UCITS ETF - VWRP.L,2022-08-31,83.93499755859375
Vanguard,VWRP.L,Vanguard FTSE All-World Accumulation UCITS ETF - VWRP.L,2022-09-01,82.9749984741211
Vanguard,VWRP.L,Vanguard FTSE All-World Accumulation UCITS ETF - VWRP.L,2022-09-02,84.61499786376953
Vanguard,VWRP.L,Vanguard FTSE All-World Accumulation UCITS ETF - VWRP.L,2022-09-03,84.61499786376953
Vanguard,VWRP.L,Vanguard FTSE All-World Accumulation UCITS ETF - VWRP.L,2022-09-04,84.61499786376953
Vanguard,VWRP.L,Vanguard FTSE All-World Accumulation UCITS ETF - VWRP.L,2022-09-05,83.7699966430664
Vanguard,VWRP.L,Vanguard FTSE All-World Accumulation UCITS ETF - VWRP.L,2022-09-06,83.30000305175781
Vanguard,VWRP.L,Vanguard FTSE All-World Accumulation UCITS ETF - VWRP.L,2022-09-07,83.71499633789062
Vanguard,VWRP.L,Vanguard FTSE All-World Accumulation UCITS ETF - VWRP.L,2022-09-08,84.69499969482422
Vanguard,VWRP.L,Vanguard FTSE All-World Accumulation UCITS ETF - VWRP.L,2022-09-09,85.3499984741211
Vanguard,VWRP.L,Vanguard FTSE All-World Accumulation UCITS ETF - VWRP.L,2022-09-10,85.3499984741211
Vanguard,VWRP.L,Vanguard FTSE All-World Accumulation UCITS ETF - VWRP.L,2022-09-11,85.3499984741211
Vanguard,VWRP.L,Vanguard FTSE All-World Accumulation UCITS ETF - VWRP.L,2022-09-12,85.78500366210938
Vanguard,VWRP.L,Vanguard FTSE All-World Accumulation UCITS ETF - VWRP.L,2022-09-13,84.58499908447266
Vanguard,VWRP.L,Vanguard FTSE All-World Accumulation UCITS ETF - VWRP.L,2022-09-14,83.63500213623047
Vanguard,VWRP.L,Vanguard FTSE All-World Accumulation UCITS ETF - VWRP.L,2022-09-15,83.68000030517578
Vanguard,VWRP.L,Vanguard FTSE All-World Accumulation UCITS ETF - VWRP.L,2022-09-16,82.81500244140625
Vanguard,VWRP.L,Vanguard FTSE All-World Accumulation UCITS ETF - VWRP.L,2022-09-17,82.81500244140625
Vanguard,VWRP.L,Vanguard FTSE All-World Accumulation UCITS ETF - VWRP.L,2022-09-18,82.81500244140625
Vanguard,VWRP.L,Vanguard FTSE All-World Accumulation UCITS ETF - VWRP.L,2022-09-19,82.81500244140625
Vanguard,VWRP.L,Vanguard FTSE All-World Accumulation UCITS ETF - VWRP.L,2022-09-20,82.87999725341797
Vanguard,VWRP.L,Vanguard FTSE All-World Accumulation UCITS ETF - VWRP.L,2022-09-21,83.45999908447266
Vanguard,VWRP.L,Vanguard FTSE All-World Accumulation UCITS ETF - VWRP.L,2022-09-22,81.80500030517578
Vanguard,VWRP.L,Vanguard FTSE All-World Accumulation UCITS ETF - VWRP.L,2022-09-23,82.52999877929688
Vanguard,VWRP.L,Vanguard FTSE All-World Accumulation UCITS ETF - VWRP.L,2022-09-24,82.52999877929688
Vanguard,VWRP.L,Vanguard FTSE All-World Accumulation UCITS ETF - VWRP.L,2022-09-25,82.52999877929688
Vanguard,VWRP.L,Vanguard FTSE All-World Accumulation UCITS ETF - VWRP.L,2022-09-26,83.9000015258789
Vanguard,VWRP.L,Vanguard FTSE All-World Accumulation UCITS ETF - VWRP.L,2022-09-27,83.05500030517578
Vanguard,VWRP.L,Vanguard FTSE All-World Accumulation UCITS ETF - VWRP.L,2022-09-28,83.44000244140625
Vanguard,VWRP.L,Vanguard FTSE All-World Accumulation UCITS ETF - VWRP.L,2022-09-29,80.45500183105469
Vanguard,VWRP.L,Vanguard FTSE All-World Accumulation UCITS ETF - VWRP.L,2022-09-30,80.36499786376953
Vanguard,VWRP.L,Vanguard FTSE All-World Accumulation UCITS ETF - VWRP.L,2022-10-01,80.36499786376953
Vanguard,VWRP.L,Vanguard FTSE All-World Accumulation UCITS ETF - VWRP.L,2022-10-02,80.36499786376953
Vanguard,VWRP.L,Vanguard FTSE All-World Accumulation UCITS ETF - VWRP.L,2022-10-03,79.48999786376953
Vanguard,VWRP.L,Vanguard FTSE All-World Accumulation UCITS ETF - VWRP.L,2022-10-04,81.2699966430664
Vanguard,VWRP.L,Vanguard FTSE All-World Accumulation UCITS ETF - VWRP.L,2022-10-05,81.44999694824219
Vanguard,VWRP.L,Vanguard FTSE All-World Accumulation UCITS ETF - VWRP.L,2022-10-06,82.36000061035156
Vanguard,VWRP.L,Vanguard FTSE All-World Accumulation UCITS ETF - VWRP.L,2022-10-07,80.93499755859375
Vanguard,VWRP.L,Vanguard FTSE All-World Accumulation UCITS ETF - VWRP.L,2022-10-08,80.93499755859375
Vanguard,VWRP.L,Vanguard FTSE All-World Accumulation UCITS ETF - VWRP.L,2022-10-09,80.93499755859375
Vanguard,VWRP.L,Vanguard FTSE All-World Accumulation UCITS ETF - VWRP.L,2022-10-10,80.29000091552734
Vanguard,VWRP.L,Vanguard FTSE All-World Accumulation UCITS ETF - VWRP.L,2022-10-11,79.33000183105469
Vanguard,VWRP.L,Vanguard FTSE All-World Accumulation UCITS ETF - VWRP.L,2022-10-12,79.31500244140625
Vanguard,VWRP.L,Vanguard FTSE All-World Accumulation UCITS ETF - VWRP.L,2022-10-13,78.12000274658203
Vanguard,VWRP.L,Vanguard FTSE All-World Accumulation UCITS ETF - VWRP.L,2022-10-14,78.88999938964844
Vanguard,VWRP.L,Vanguard FTSE All-World Accumulation UCITS ETF - VWRP.L,2022-10-15,78.88999938964844
Vanguard,VWRP.L,Vanguard FTSE All-World Accumulation UCITS ETF - VWRP.L,2022-10-16,78.88999938964844
Vanguard,VWRP.L,Vanguard FTSE All-World Accumulation UCITS ETF - VWRP.L,2022-10-17,78.83499908447266
Vanguard,VWRP.L,Vanguard FTSE All-World Accumulation UCITS ETF - VWRP.L,2022-10-18,79.87000274658203
Vanguard,VWRP.L,Vanguard FTSE All-World Accumulation UCITS ETF - VWRP.L,2022-10-19,80.05000305175781
Vanguard,VWRP.L,Vanguard FTSE All-World Accumulation UCITS ETF - VWRP.L,2022-10-20,80.12999725341797
Vanguard,VWRP.L,Vanguard FTSE All-World Accumulation UCITS ETF - VWRP.L,2022-10-21,80.18499755859375
Vanguard,VWRP.L,Vanguard FTSE All-World Accumulation UCITS ETF - VWRP.L,2022-10-22,80.18499755859375
Vanguard,VWRP.L,Vanguard FTSE All-World Accumulation UCITS ETF - VWRP.L,2022-10-23,80.18499755859375
Vanguard,VWRP.L,Vanguard FTSE All-World Accumulation UCITS ETF - VWRP.L,2022-10-24,80.72000122070312
Vanguard,VWRP.L,Vanguard FTSE All-World Accumulation UCITS ETF - VWRP.L,2022-10-25,80.84500122070312
Vanguard,VWRP.L,Vanguard FTSE All-World Accumulation UCITS ETF - VWRP.L,2022-10-26,80.94999694824219
Vanguard,VWRP.L,Vanguard FTSE All-World Accumulation UCITS ETF - VWRP.L,2022-10-27,80.30000305175781
Vanguard,VWRP.L,Vanguard FTSE All-World Accumulation UCITS ETF - VWRP.L,2022-10-28,80.3499984741211
Vanguard,VWRP.L,Vanguard FTSE All-World Accumulation UCITS ETF - VWRP.L,2022-10-29,80.3499984741211
Vanguard,VWRP.L,Vanguard FTSE All-World Accumulation UCITS ETF - VWRP.L,2022-10-30,80.3499984741211
Vanguard,VWRP.L,Vanguard FTSE All-World Accumulation UCITS ETF - VWRP.L,2022-10-31,81.33499908447266
Vanguard,VWRP.L,Vanguard FTSE All-World Accumulation UCITS ETF - VWRP.L,2022-11-01,81.67500305175781
Vanguard,VWRP.L,Vanguard FTSE All-World Accumulation UCITS ETF - VWRP.L,2022-11-02,81.16999816894531
Vanguard,VWRP.L,Vanguard FTSE All-World Accumulation UCITS ETF - VWRP.L,2022-11-03,81.4800033569336
Vanguard,VWRP.L,Vanguard FTSE All-World Accumulation UCITS ETF - VWRP.L,2022-11-04,81.61499786376953
Vanguard,VWRP.L,Vanguard FTSE All-World Accumulation UCITS ETF - VWRP.L,2022-11-05,81.61499786376953
Vanguard,VWRP.L,Vanguard FTSE All-World Accumulation UCITS ETF - VWRP.L,2022-11-06,81.61499786376953
Vanguard,VWRP.L,Vanguard FTSE All-World Accumulation UCITS ETF - VWRP.L,2022-11-07,81.32499694824219
Vanguard,VWRP.L,Vanguard FTSE All-World Accumulation UCITS ETF - VWRP.L,2022-11-08,81.93000030517578
Vanguard,VWRP.L,Vanguard FTSE All-World Accumulation UCITS ETF - VWRP.L,2022-11-09,82.07499694824219
Vanguard,VWRP.L,Vanguard FTSE All-World Accumulation UCITS ETF - VWRP.L,2022-11-10,82.97000122070312
Vanguard,VWRP.L,Vanguard FTSE All-World Accumulation UCITS ETF - VWRP.L,2022-11-11,83.33499908447266
Vanguard,VWRP.L,Vanguard FTSE All-World Accumulation UCITS ETF - VWRP.L,2022-11-12,83.33499908447266
Vanguard,VWRP.L,Vanguard FTSE All-World Accumulation UCITS ETF - VWRP.L,2022-11-13,83.33499908447266
Vanguard,VWRP.L,Vanguard FTSE All-World Accumulation UCITS ETF - VWRP.L,2022-11-14,83.83499908447266
Vanguard,VWRP.L,Vanguard FTSE All-World Accumulation UCITS ETF - VWRP.L,2022-11-15,83.68000030517578
Vanguard,VWRP.L,Vanguard FTSE All-World Accumulation UCITS ETF - VWRP.L,2022-11-16,82.78500366210938
Vanguard,VWRP.L,Vanguard FTSE All-World Accumulation UCITS ETF - VWRP.L,2022-11-17,82.4800033569336
Vanguard,VWRP.L,Vanguard FTSE All-World Accumulation UCITS ETF - VWRP.L,2022-11-18,82.37000274658203
Vanguard,VWRP.L,Vanguard FTSE All-World Accumulation UCITS ETF - VWRP.L,2022-11-19,82.37000274658203
Vanguard,VWRP.L,Vanguard FTSE All-World Accumulation UCITS ETF - VWRP.L,2022-11-20,82.37000274658203
Vanguard,VWRP.L,Vanguard FTSE All-World Accumulation UCITS ETF - VWRP.L,2022-11-21,82.6449966430664
Vanguard,VWRP.L,Vanguard FTSE All-World Accumulation UCITS ETF - VWRP.L,2022-11-22,82.77999877929688
Vanguard,VWRP.L,Vanguard FTSE All-World Accumulation UCITS ETF - VWRP.L,2022-11-23,82.5250015258789
Vanguard,VWRP.L,Vanguard FTSE All-World Accumulation UCITS ETF - VWRP.L,2022-11-24,82.4800033569336
Vanguard,VWRP.L,Vanguard FTSE All-World Accumulation UCITS ETF - VWRP.L,2022-11-25,82.48999786376953
Vanguard,VWRP.L,Vanguard FTSE All-World Accumulation UCITS ETF - VWRP.L,2022-11-26,82.48999786376953
Vanguard,VWRP.L,Vanguard FTSE All-World Accumulation UCITS ETF - VWRP.L,2022-11-27,82.48999786376953
Vanguard,VWRP.L,Vanguard FTSE All-World Accumulation UCITS ETF - VWRP.L,2022-11-28,82.31500244140625
Vanguard,VWRP.L,Vanguard FTSE All-World Accumulation UCITS ETF - VWRP.L,2022-11-29,82.02999877929688
Vanguard,VWRP.L,Vanguard FTSE All-World Accumulation UCITS ETF - VWRP.L,2022-11-30,82.66999816894531
Vanguard,VWRP.L,Vanguard FTSE All-World Accumulation UCITS ETF - VWRP.L,2022-12-01,82.69999694824219
Vanguard,VWRP.L,Vanguard FTSE All-World Accumulation UCITS ETF - VWRP.L,2022-12-02,82.3499984741211
Vanguard,VWRP.L,Vanguard FTSE All-World Accumulation UCITS ETF - VWRP.L,2022-12-03,82.3499984741211
Vanguard,VWRP.L,Vanguard FTSE All-World Accumulation UCITS ETF - VWRP.L,2022-12-04,82.3499984741211
Vanguard,VWRP.L,Vanguard FTSE All-World Accumulation UCITS ETF - VWRP.L,2022-12-05,82.37999725341797
Vanguard,VWRP.L,Vanguard FTSE All-World Accumulation UCITS ETF - VWRP.L,2022-12-06,80.92500305175781
Vanguard,VWRP.L,Vanguard FTSE All-World Accumulation UCITS ETF - VWRP.L,2022-12-07,80.73500061035156
Vanguard,VWRP.L,Vanguard FTSE All-World Accumulation UCITS ETF - VWRP.L,2022-12-08,81.08999633789062
Vanguard,VWRP.L,Vanguard FTSE All-World Accumulation UCITS ETF - VWRP.L,2022-12-09,80.94000244140625
Vanguard,VWRP.L,Vanguard FTSE All-World Accumulation UCITS ETF - VWRP.L,2022-12-10,80.94000244140625
Vanguard,VWRP.L,Vanguard FTSE All-World Accumulation UCITS ETF - VWRP.L,2022-12-11,80.94000244140625
Vanguard,VWRP.L,Vanguard FTSE All-World Accumulation UCITS ETF - VWRP.L,2022-12-12,80.67500305175781
Vanguard,VWRP.L,Vanguard FTSE All-World Accumulation UCITS ETF - VWRP.L,2022-12-13,81.70500183105469
Vanguard,VWRP.L,Vanguard FTSE All-World Accumulation UCITS ETF - VWRP.L,2022-12-14,81.54000091552734
Vanguard,VWRP.L,Vanguard FTSE All-World Accumulation UCITS ETF - VWRP.L,2022-12-15,79.9800033569336
Vanguard,VWRP.L,Vanguard FTSE All-World Accumulation UCITS ETF - VWRP.L,2022-12-16,79.55500030517578
Vanguard,VWRP.L,Vanguard FTSE All-World Accumulation UCITS ETF - VWRP.L,2022-12-17,79.55500030517578
Vanguard,VWRP.L,Vanguard FTSE All-World Accumulation UCITS ETF - VWRP.L,2022-12-18,79.55500030517578
Vanguard,VWRP.L,Vanguard FTSE All-World Accumulation UCITS ETF - VWRP.L,2022-12-19,79.29000091552734
Vanguard,VWRP.L,Vanguard FTSE All-World Accumulation UCITS ETF - VWRP.L,2022-12-20,79.25
Vanguard,VWRP.L,Vanguard FTSE All-World Accumulation UCITS ETF - VWRP.L,2022-12-21,80.80000305175781
Vanguard,VWRP.L,Vanguard FTSE All-World Accumulation UCITS ETF - VWRP.L,2022-12-22,79.90499877929688
Vanguard,VWRP.L,Vanguard FTSE All-World Accumulation UCITS ETF - VWRP.L,2022-12-23,80.1500015258789
Vanguard,VWRP.L,Vanguard FTSE All-World Accumulation UCITS ETF - VWRP.L,2022-12-24,80.1500015258789
Vanguard,VWRP.L,Vanguard FTSE All-World Accumulation UCITS ETF - VWRP.L,2022-12-25,80.1500015258789
Vanguard,VWRP.L,Vanguard FTSE All-World Accumulation UCITS ETF - VWRP.L,2022-12-26,80.1500015258789
Vanguard,VWRP.L,Vanguard FTSE All-World Accumulation UCITS ETF - VWRP.L,2022-12-27,80.1500015258789
Vanguard,VWRP.L,Vanguard FTSE All-World Accumulation UCITS ETF - VWRP.L,2022-12-28,79.95500183105469
Vanguard,VWRP.L,Vanguard FTSE All-World Accumulation UCITS ETF - VWRP.L,2022-12-29,80.48500061035156
Vanguard,VWRP.L,Vanguard FTSE All-World Accumulation UCITS ETF - VWRP.L,2022-12-30,80.37000274658203
Vanguard,VWRP.L,Vanguard FTSE All-World Accumulation UCITS ETF - VWRP.L,2022-12-31,80.37000274658203
Vanguard,VWRP.L,Vanguard FTSE All-World Accumulation UCITS ETF - VWRP.L,2023-01-01,80.37000274658203
Vanguard,VWRP.L,Vanguard FTSE All-World Accumulation UCITS ETF - VWRP.L,2023-01-02,80.37000274658203
Vanguard,VWRP.L,Vanguard FTSE All-World Accumulation UCITS ETF - VWRP.L,2023-01-03,80.76000213623047
Vanguard,VWRP.L,Vanguard FTSE All-World Accumulation UCITS ETF - VWRP.L,2023-01-04,81.40499877929688
Vanguard,VWRP.L,Vanguard FTSE All-World Accumulation UCITS ETF - VWRP.L,2023-01-05,81.40499877929688
Vanguard,VWRP.L,Vanguard FTSE All-World Accumulation UCITS ETF - VWRP.L,2023-01-06,81.79499816894531
Vanguard,VWRP.L,Vanguard FTSE All-World Accumulation UCITS ETF - VWRP.L,2023-01-07,81.79499816894531
Vanguard,VWRP.L,Vanguard FTSE All-World Accumulation UCITS ETF - VWRP.L,2023-01-08,81.79499816894531
Vanguard,VWRP.L,Vanguard FTSE All-World Accumulation UCITS ETF - VWRP.L,2023-01-09,82.44999694824219
Vanguard,VWRP.L,Vanguard FTSE All-World Accumulation UCITS ETF - VWRP.L,2023-01-10,81.76000213623047
Vanguard,VWRP.L,Vanguard FTSE All-World Accumulation UCITS ETF - VWRP.L,2023-01-11,82.83000183105469
Vanguard,VWRP.L,Vanguard FTSE All-World Accumulation UCITS ETF - VWRP.L,2023-01-12,83.29000091552734
Vanguard,VWRP.L,Vanguard FTSE All-World Accumulation UCITS ETF - VWRP.L,2023-01-13,83.30000305175781
Vanguard,VWRP.L,Vanguard FTSE All-World Accumulation UCITS ETF - VWRP.L,2023-01-14,83.30000305175781
Vanguard,VWRP.L,Vanguard FTSE All-World Accumulation UCITS ETF - VWRP.L,2023-01-15,83.30000305175781
Vanguard,VWRP.L,Vanguard FTSE All-World Accumulation UCITS ETF - VWRP.L,2023-01-16,83.7249984741211
Vanguard,VWRP.L,Vanguard FTSE All-World Accumulation UCITS ETF - VWRP.L,2023-01-17,83.11499786376953
Vanguard,VWRP.L,Vanguard FTSE All-World Accumulation UCITS ETF - VWRP.L,2023-01-18,82.36000061035156
Vanguard,VWRP.L,Vanguard FTSE All-World Accumulation UCITS ETF - VWRP.L,2023-01-19,81.18000030517578
Vanguard,VWRP.L,Vanguard FTSE All-World Accumulation UCITS ETF - VWRP.L,2023-01-20,81.9749984741211
Vanguard,VWRP.L,Vanguard FTSE All-World Accumulation UCITS ETF - VWRP.L,2023-01-21,81.9749984741211
Vanguard,VWRP.L,Vanguard FTSE All-World Accumulation UCITS ETF - VWRP.L,2023-01-22,81.9749984741211
Vanguard,VWRP.L,Vanguard FTSE All-World Accumulation UCITS ETF - VWRP.L,2023-01-23,83.3550033569336
Vanguard,VWRP.L,Vanguard FTSE All-World Accumulation UCITS ETF - VWRP.L,2023-01-24,83.63500213623047
Vanguard,VWRP.L,Vanguard FTSE All-World Accumulation UCITS ETF - VWRP.L,2023-01-25,82.83000183105469
Vanguard,VWRP.L,Vanguard FTSE All-World Accumulation UCITS ETF - VWRP.L,2023-01-26,83.56999969482422
Vanguard,VWRP.L,Vanguard FTSE All-World Accumulation UCITS ETF - VWRP.L,2023-01-27,83.94499969482422
Vanguard,VWRP.L,Vanguard FTSE All-World Accumulation UCITS ETF - VWRP.L,2023-01-28,83.94499969482422
Vanguard,VWRP.L,Vanguard FTSE All-World Accumulation UCITS ETF - VWRP.L,2023-01-29,83.94499969482422
Vanguard,VWRP.L,Vanguard FTSE All-World Accumulation UCITS ETF - VWRP.L,2023-01-30,83.69000244140625
Vanguard,VWRP.L,Vanguard FTSE All-World Accumulation UCITS ETF - VWRP.L,2023-01-31,83.91000366210938
Vanguard,VWRP.L,Vanguard FTSE All-World Accumulation UCITS ETF - VWRP.L,2023-02-01,84.32499694824219
Vanguard,VWRP.L,Vanguard FTSE All-World Accumulation UCITS ETF - VWRP.L,2023-02-02,86.41000366210938
Vanguard,VWRP.L,Vanguard FTSE All-World Accumulation UCITS ETF - VWRP.L,2023-02-03,87.30500030517578
Vanguard,VWRP.L,Vanguard FTSE All-World Accumulation UCITS ETF - VWRP.L,2023-02-04,87.30500030517578
Vanguard,VWRP.L,Vanguard FTSE All-World Accumulation UCITS ETF - VWRP.L,2023-02-05,87.30500030517578
Vanguard,VWRP.L,Vanguard FTSE All-World Accumulation UCITS ETF - VWRP.L,2023-02-06,86.5199966430664
Vanguard,VWRP.L,Vanguard FTSE All-World Accumulation UCITS ETF - VWRP.L,2023-02-07,86.38999938964844
Vanguard,VWRP.L,Vanguard FTSE All-World Accumulation UCITS ETF - VWRP.L,2023-02-08,86.19999694824219
Vanguard,VWRP.L,Vanguard FTSE All-World Accumulation UCITS ETF - VWRP.L,2023-02-09,86.0
Vanguard,VWRP.L,Vanguard FTSE All-World Accumulation UCITS ETF - VWRP.L,2023-02-10,85.57499694824219
Vanguard,VWRP.L,Vanguard FTSE All-World Accumulation UCITS ETF - VWRP.L,2023-02-11,85.57499694824219
Vanguard,VWRP.L,Vanguard FTSE All-World Accumulation UCITS ETF - VWRP.L,2023-02-12,85.57499694824219
Vanguard,VWRP.L,Vanguard FTSE All-World Accumulation UCITS ETF - VWRP.L,2023-02-13,86.01000213623047
Vanguard,VWRP.L,Vanguard FTSE All-World Accumulation UCITS ETF - VWRP.L,2023-02-14,85.58999633789062
Vanguard,VWRP.L,Vanguard FTSE All-World Accumulation UCITS ETF - VWRP.L,2023-02-15,86.73999786376953
Vanguard,VWRP.L,Vanguard FTSE All-World Accumulation UCITS ETF - VWRP.L,2023-02-16,86.76000213623047
Vanguard,VWRP.L,Vanguard FTSE All-World Accumulation UCITS ETF - VWRP.L,2023-02-17,85.66000366210938
Vanguard,VWRP.L,Vanguard FTSE All-World Accumulation UCITS ETF - VWRP.L,2023-02-18,85.66000366210938
Vanguard,VWRP.L,Vanguard FTSE All-World Accumulation UCITS ETF - VWRP.L,2023-02-19,85.66000366210938
Vanguard,VWRP.L,Vanguard FTSE All-World Accumulation UCITS ETF - VWRP.L,2023-02-20,85.80000305175781
Vanguard,VWRP.L,Vanguard FTSE All-World Accumulation UCITS ETF - VWRP.L,2023-02-21,84.19499969482422
Vanguard,VWRP.L,Vanguard FTSE All-World Accumulation UCITS ETF - VWRP.L,2023-02-22,84.13500213623047
Vanguard,VWRP.L,Vanguard FTSE All-World Accumulation UCITS ETF - VWRP.L,2023-02-23,84.23999786376953
Vanguard,VWRP.L,Vanguard FTSE All-World Accumulation UCITS ETF - VWRP.L,2023-02-24,83.96499633789062
Vanguard,VWRP.L,Vanguard FTSE All-World Accumulation UCITS ETF - VWRP.L,2023-02-25,83.96499633789062
Vanguard,VWRP.L,Vanguard FTSE All-World Accumulation UCITS ETF - VWRP.L,2023-02-26,83.96499633789062
Vanguard,VWRP.L,Vanguard FTSE All-World Accumulation UCITS ETF - VWRP.L,2023-02-27,84.12000274658203
Vanguard,VWRP.L,Vanguard FTSE All-World Accumulation UCITS ETF - VWRP.L,2023-02-28,83.36000061035156
Vanguard,VWRP.L,Vanguard FTSE All-World Accumulation UCITS ETF - VWRP.L,2023-03-01,83.7300033569336
Vanguard,VWRP.L,Vanguard FTSE All-World Accumulation UCITS ETF - VWRP.L,2023-03-02,84.16000366210938
Vanguard,VWRP.L,Vanguard FTSE All-World Accumulation UCITS ETF - VWRP.L,2023-03-03,85.26000213623047
Vanguard,VWRP.L,Vanguard FTSE All-World Accumulation UCITS ETF - VWRP.L,2023-03-04,85.26000213623047
Vanguard,VWRP.L,Vanguard FTSE All-World Accumulation UCITS ETF - VWRP.L,2023-03-05,85.26000213623047
Vanguard,VWRP.L,Vanguard FTSE All-World Accumulation UCITS ETF - VWRP.L,2023-03-06,85.72000122070312
Vanguard,VWRP.L,Vanguard FTSE All-World Accumulation UCITS ETF - VWRP.L,2023-03-07,85.63500213623047
Vanguard,VWRP.L,Vanguard FTSE All-World Accumulation UCITS ETF - VWRP.L,2023-03-08,85.56999969482422
Vanguard,VWRP.L,Vanguard FTSE All-World Accumulation UCITS ETF - VWRP.L,2023-03-09,85.02999877929688
Vanguard,VWRP.L,Vanguard FTSE All-World Accumulation UCITS ETF - VWRP.L,2023-03-10,82.82499694824219
Vanguard,VWRP.L,Vanguard FTSE All-World Accumulation UCITS ETF - VWRP.L,2023-03-11,82.82499694824219
Vanguard,VWRP.L,Vanguard FTSE All-World Accumulation UCITS ETF - VWRP.L,2023-03-12,82.82499694824219
Vanguard,VWRP.L,Vanguard FTSE All-World Accumulation UCITS ETF - VWRP.L,2023-03-13,81.2249984741211
Vanguard,VWRP.L,Vanguard FTSE All-World Accumulation UCITS ETF - VWRP.L,2023-03-14,81.8949966430664
Vanguard,VWRP.L,Vanguard FTSE All-World Accumulation UCITS ETF - VWRP.L,2023-03-15,80.66999816894531
Vanguard,VWRP.L,Vanguard FTSE All-World Accumulation UCITS ETF - VWRP.L,2023-03-16,81.93000030517578
Vanguard,VWRP.L,Vanguard FTSE All-World Accumulation UCITS ETF - VWRP.L,2023-03-17,81.18499755859375
Vanguard,VWRP.L,Vanguard FTSE All-World Accumulation UCITS ETF - VWRP.L,2023-03-18,81.18499755859375
Vanguard,VWRP.L,Vanguard FTSE All-World Accumulation UCITS ETF - VWRP.L,2023-03-19,81.18499755859375
Vanguard,VWRP.L,Vanguard FTSE All-World Accumulation UCITS ETF - VWRP.L,2023-03-20,80.93000030517578
Vanguard,VWRP.L,Vanguard FTSE All-World Accumulation UCITS ETF - VWRP.L,2023-03-21,82.41000366210938
Vanguard,VWRP.L,Vanguard FTSE All-World Accumulation UCITS ETF - VWRP.L,2023-03-22,82.51499938964844
Vanguard,VWRP.L,Vanguard FTSE All-World Accumulation UCITS ETF - VWRP.L,2023-03-23,82.18499755859375
Vanguard,VWRP.L,Vanguard FTSE All-World Accumulation UCITS ETF - VWRP.L,2023-03-24,81.56500244140625
Vanguard,VWRP.L,Vanguard FTSE All-World Accumulation UCITS ETF - VWRP.L,2023-03-25,81.56500244140625
Vanguard,VWRP.L,Vanguard FTSE All-World Accumulation UCITS ETF - VWRP.L,2023-03-26,81.56500244140625
Vanguard,VWRP.L,Vanguard FTSE All-World Accumulation UCITS ETF - VWRP.L,2023-03-27,82.0199966430664
Vanguard,VWRP.L,Vanguard FTSE All-World Accumulation UCITS ETF - VWRP.L,2023-03-28,81.70500183105469
Vanguard,VWRP.L,Vanguard FTSE All-World Accumulation UCITS ETF - VWRP.L,2023-03-29,82.5999984741211
Vanguard,VWRP.L,Vanguard FTSE All-World Accumulation UCITS ETF - VWRP.L,2023-03-30,83.1449966430664
Vanguard,VWRP.L,Vanguard FTSE All-World Accumulation UCITS ETF - VWRP.L,2023-03-31,83.70999908447266
Vanguard,VWRP.L,Vanguard FTSE All-World Accumulation UCITS ETF - VWRP.L,2023-04-01,83.70999908447266
Vanguard,VWRP.L,Vanguard FTSE All-World Accumulation UCITS ETF - VWRP.L,2023-04-02,83.70999908447266
Vanguard,VWRP.L,Vanguard FTSE All-World Accumulation UCITS ETF - VWRP.L,2023-04-03,83.9000015258789
Vanguard,VWRP.L,Vanguard FTSE All-World Accumulation UCITS ETF - VWRP.L,2023-04-04,83.30999755859375
Vanguard,VWRP.L,Vanguard FTSE All-World Accumulation UCITS ETF - VWRP.L,2023-04-05,82.88500213623047
Vanguard,VWRP.L,Vanguard FTSE All-World Accumulation UCITS ETF - VWRP.L,2023-04-06,83.29499816894531
Vanguard,VWRP.L,Vanguard FTSE All-World Accumulation UCITS ETF - VWRP.L,2023-04-07,83.29499816894531
Vanguard,VWRP.L,Vanguard FTSE All-World Accumulation UCITS ETF - VWRP.L,2023-04-08,83.29499816894531
Vanguard,VWRP.L,Vanguard FTSE All-World Accumulation UCITS ETF - VWRP.L,2023-04-09,83.29499816894531
Vanguard,VWRP.L,Vanguard FTSE All-World Accumulation UCITS ETF - VWRP.L,2023-04-10,83.29499816894531
Vanguard,VWRP.L,Vanguard FTSE All-World Accumulation UCITS ETF - VWRP.L,2023-04-11,83.87999725341797
Vanguard,VWRP.L,Vanguard FTSE All-World Accumulation UCITS ETF - VWRP.L,2023-04-12,83.70500183105469
Vanguard,VWRP.L,Vanguard FTSE All-World Accumulation UCITS ETF - VWRP.L,2023-04-13,83.82499694824219
Vanguard,VWRP.L,Vanguard FTSE All-World Accumulation UCITS ETF - VWRP.L,2023-04-14,84.3949966430664
Vanguard,VWRP.L,Vanguard FTSE All-World Accumulation UCITS ETF - VWRP.L,2023-04-15,84.3949966430664
Vanguard,VWRP.L,Vanguard FTSE All-World Accumulation UCITS ETF - VWRP.L,2023-04-16,84.3949966430664
Vanguard,VWRP.L,Vanguard FTSE All-World Accumulation UCITS ETF - VWRP.L,2023-04-17,84.875
Vanguard,VWRP.L,Vanguard FTSE All-World Accumulation UCITS ETF - VWRP.L,2023-04-18,84.83000183105469
Vanguard,VWRP.L,Vanguard FTSE All-World Accumulation UCITS ETF - VWRP.L,2023-04-19,84.49500274658203
Vanguard,VWRP.L,Vanguard FTSE All-World Accumulation UCITS ETF - VWRP.L,2023-04-20,84.33000183105469
Vanguard,VWRP.L,Vanguard FTSE All-World Accumulation UCITS ETF - VWRP.L,2023-04-21,84.38500213623047
Vanguard,VWRP.L,Vanguard FTSE All-World Accumulation UCITS ETF - VWRP.L,2023-04-22,84.38500213623047
Vanguard,VWRP.L,Vanguard FTSE All-World Accumulation UCITS ETF - VWRP.L,2023-04-23,84.38500213623047
Vanguard,VWRP.L,Vanguard FTSE All-World Accumulation UCITS ETF - VWRP.L,2023-04-24,84.125
Vanguard,VWRP.L,Vanguard FTSE All-World Accumulation UCITS ETF - VWRP.L,2023-04-25,83.9749984741211
Vanguard,VWRP.L,Vanguard FTSE All-World Accumulation UCITS ETF - VWRP.L,2023-04-26,83.2300033569336
Vanguard,VWRP.L,Vanguard FTSE All-World Accumulation UCITS ETF - VWRP.L,2023-04-27,83.45999908447266
Vanguard,VWRP.L,Vanguard FTSE All-World Accumulation UCITS ETF - VWRP.L,2023-04-28,83.62000274658203
Vanguard,VWRP.L,Vanguard FTSE All-World Accumulation UCITS ETF - VWRP.L,2023-04-29,83.62000274658203
Vanguard,VWRP.L,Vanguard FTSE All-World Accumulation UCITS ETF - VWRP.L,2023-04-30,83.62000274658203
Vanguard,VWRP.L,Vanguard FTSE All-World Accumulation UCITS ETF - VWRP.L,2023-05-01,83.62000274658203
Vanguard,VWRP.L,Vanguard FTSE All-World Accumulation UCITS ETF - VWRP.L,2023-05-02,83.26000213623047
Vanguard,VWRP.L,Vanguard FTSE All-World Accumulation UCITS ETF - VWRP.L,2023-05-03,83.20999908447266
Vanguard,VWRP.L,Vanguard FTSE All-World Accumulation UCITS ETF - VWRP.L,2023-05-04,82.34500122070312
Vanguard,VWRP.L,Vanguard FTSE All-World Accumulation UCITS ETF - VWRP.L,2023-05-05,83.06999969482422
Vanguard,VWRP.L,Vanguard FTSE All-World Accumulation UCITS ETF - VWRP.L,2023-05-06,83.06999969482422
Vanguard,VWRP.L,Vanguard FTSE All-World Accumulation UCITS ETF - VWRP.L,2023-05-07,83.06999969482422
Vanguard,VWRP.L,Vanguard FTSE All-World Accumulation UCITS ETF - VWRP.L,2023-05-08,83.06999969482422
Vanguard,VWRP.L,Vanguard FTSE All-World Accumulation UCITS ETF - VWRP.L,2023-05-09,83.12999725341797
Vanguard,VWRP.L,Vanguard FTSE All-World Accumulation UCITS ETF - VWRP.L,2023-05-10,83.19000244140625
Vanguard,VWRP.L,Vanguard FTSE All-World Accumulation UCITS ETF - VWRP.L,2023-05-11,83.62000274658203
Vanguard,VWRP.L,Vanguard FTSE All-World Accumulation UCITS ETF - VWRP.L,2023-05-12,83.79499816894531
Vanguard,VWRP.L,Vanguard FTSE All-World Accumulation UCITS ETF - VWRP.L,2023-05-13,83.79499816894531
Vanguard,VWRP.L,Vanguard FTSE All-World Accumulation UCITS ETF - VWRP.L,2023-05-14,83.79499816894531
Vanguard,VWRP.L,Vanguard FTSE All-World Accumulation UCITS ETF - VWRP.L,2023-05-15,83.87000274658203
Vanguard,VWRP.L,Vanguard FTSE All-World Accumulation UCITS ETF - VWRP.L,2023-05-16,83.91000366210938
Vanguard,VWRP.L,Vanguard FTSE All-World Accumulation UCITS ETF - VWRP.L,2023-05-17,83.91500091552734
Vanguard,VWRP.L,Vanguard FTSE All-World Accumulation UCITS ETF - VWRP.L,2023-05-18,84.98999786376953
Vanguard,VWRP.L,Vanguard FTSE All-World Accumulation UCITS ETF - VWRP.L,2023-05-19,84.98500061035156
Vanguard,VWRP.L,Vanguard FTSE All-World Accumulation UCITS ETF - VWRP.L,2023-05-20,84.98500061035156
Vanguard,VWRP.L,Vanguard FTSE All-World Accumulation UCITS ETF - VWRP.L,2023-05-21,84.98500061035156
Vanguard,VWRP.L,Vanguard FTSE All-World Accumulation UCITS ETF - VWRP.L,2023-05-22,85.48500061035156
Vanguard,VWRP.L,Vanguard FTSE All-World Accumulation UCITS ETF - VWRP.L,2023-05-23,85.0199966430664
Vanguard,VWRP.L,Vanguard FTSE All-World Accumulation UCITS ETF - VWRP.L,2023-05-24,83.9800033569336
Vanguard,VWRP.L,Vanguard FTSE All-World Accumulation UCITS ETF - VWRP.L,2023-05-25,84.37000274658203
Vanguard,VWRP.L,Vanguard FTSE All-World Accumulation UCITS ETF - VWRP.L,2023-05-26,85.37999725341797
Vanguard,VWRP.L,Vanguard FTSE All-World Accumulation UCITS ETF - VWRP.L,2023-05-27,85.37999725341797
Vanguard,VWRP.L,Vanguard FTSE All-World Accumulation UCITS ETF - VWRP.L,2023-05-28,85.37999725341797
Vanguard,VWRP.L,Vanguard FTSE All-World Accumulation UCITS ETF - VWRP.L,2023-05-29,85.37999725341797
Vanguard,VWRP.L,Vanguard FTSE All-World Accumulation UCITS ETF - VWRP.L,2023-05-30,84.77999877929688
Vanguard,VWRP.L,Vanguard FTSE All-World Accumulation UCITS ETF - VWRP.L,2023-05-31,83.87000274658203
Vanguard,VWRP.L,Vanguard FTSE All-World Accumulation UCITS ETF - VWRP.L,2023-06-01,84.05999755859375
Vanguard,VWRP.L,Vanguard FTSE All-World Accumulation UCITS ETF - VWRP.L,2023-06-02,85.91999816894531
Vanguard,VWRP.L,Vanguard FTSE All-World Accumulation UCITS ETF - VWRP.L,2023-06-03,85.91999816894531
Vanguard,VWRP.L,Vanguard FTSE All-World Accumulation UCITS ETF - VWRP.L,2023-06-04,85.91999816894531
Vanguard,VWRP.L,Vanguard FTSE All-World Accumulation UCITS ETF - VWRP.L,2023-06-05,86.30999755859375
Vanguard,VWRP.L,Vanguard FTSE All-World Accumulation UCITS ETF - VWRP.L,2023-06-06,86.41000366210938
Vanguard,VWRP.L,Vanguard FTSE All-World Accumulation UCITS ETF - VWRP.L,2023-06-07,86.08000183105469
Vanguard,VWRP.L,Vanguard FTSE All-World Accumulation UCITS ETF - VWRP.L,2023-06-08,85.61000061035156
Vanguard,VWRP.L,Vanguard FTSE All-World Accumulation UCITS ETF - VWRP.L,2023-06-09,85.6500015258789
Vanguard,VWRP.L,Vanguard FTSE All-World Accumulation UCITS ETF - VWRP.L,2023-06-10,85.6500015258789
Vanguard,VWRP.L,Vanguard FTSE All-World Accumulation UCITS ETF - VWRP.L,2023-06-11,85.6500015258789
Vanguard,VWRP.L,Vanguard FTSE All-World Accumulation UCITS ETF - VWRP.L,2023-06-12,86.31500244140625
Vanguard,VWRP.L,Vanguard FTSE All-World Accumulation UCITS ETF - VWRP.L,2023-06-13,86.77999877929688
Vanguard,VWRP.L,Vanguard FTSE All-World Accumulation UCITS ETF - VWRP.L,2023-06-14,86.61499786376953
Vanguard,VWRP.L,Vanguard FTSE All-World Accumulation UCITS ETF - VWRP.L,2023-06-15,86.66999816894531
Vanguard,VWRP.L,Vanguard FTSE All-World Accumulation UCITS ETF - VWRP.L,2023-06-16,86.45500183105469
Vanguard,VWRP.L,Vanguard FTSE All-World Accumulation UCITS ETF - VWRP.L,2023-06-17,86.45500183105469
Vanguard,VWRP.L,Vanguard FTSE All-World Accumulation UCITS ETF - VWRP.L,2023-06-18,86.45500183105469
Vanguard,VWRP.L,Vanguard FTSE All-World Accumulation UCITS ETF - VWRP.L,2023-06-19,86.05000305175781
Vanguard,VWRP.L,Vanguard FTSE All-World Accumulation UCITS ETF - VWRP.L,2023-06-20,85.77999877929688
Vanguard,VWRP.L,Vanguard FTSE All-World Accumulation UCITS ETF - VWRP.L,2023-06-21,85.73999786376953
Vanguard,VWRP.L,Vanguard FTSE All-World Accumulation UCITS ETF - VWRP.L,2023-06-22,85.45999908447266
Vanguard,VWRP.L,Vanguard FTSE All-World Accumulation UCITS ETF - VWRP.L,2023-06-23,84.94499969482422
Vanguard,VWRP.L,Vanguard FTSE All-World Accumulation UCITS ETF - VWRP.L,2023-06-24,84.94499969482422
Vanguard,VWRP.L,Vanguard FTSE All-World Accumulation UCITS ETF - VWRP.L,2023-06-25,84.94499969482422
Vanguard,VWRP.L,Vanguard FTSE All-World Accumulation UCITS ETF - VWRP.L,2023-06-26,84.9800033569336
Vanguard,VWRP.L,Vanguard FTSE All-World Accumulation UCITS ETF - VWRP.L,2023-06-27,85.1050033569336
Vanguard,VWRP.L,Vanguard FTSE All-World Accumulation UCITS ETF - VWRP.L,2023-06-28,86.13999938964844
Vanguard,VWRP.L,Vanguard FTSE All-World Accumulation UCITS ETF - VWRP.L,2023-06-29,86.43000030517578
Vanguard,VWRP.L,Vanguard FTSE All-World Accumulation UCITS ETF - VWRP.L,2023-06-30,86.69000244140625
Vanguard,VWRP.L,Vanguard FTSE All-World Accumulation UCITS ETF - VWRP.L,2023-07-01,86.69000244140625
Vanguard,VWRP.L,Vanguard FTSE All-World Accumulation UCITS ETF - VWRP.L,2023-07-02,86.69000244140625
Vanguard,VWRP.L,Vanguard FTSE All-World Accumulation UCITS ETF - VWRP.L,2023-07-03,87.11000061035156
Vanguard,VWRP.L,Vanguard FTSE All-World Accumulation UCITS ETF - VWRP.L,2023-07-04,86.88999938964844
Vanguard,VWRP.L,Vanguard FTSE All-World Accumulation UCITS ETF - VWRP.L,2023-07-05,86.61000061035156
Vanguard,VWRP.L,Vanguard FTSE All-World Accumulation UCITS ETF - VWRP.L,2023-07-06,85.20999908447266
Vanguard,VWRP.L,Vanguard FTSE All-World Accumulation UCITS ETF - VWRP.L,2023-07-07,85.01000213623047
Vanguard,VWRP.L,Vanguard FTSE All-World Accumulation UCITS ETF - VWRP.L,2023-07-08,85.01000213623047
Vanguard,VWRP.L,Vanguard FTSE All-World Accumulation UCITS ETF - VWRP.L,2023-07-09,85.01000213623047
Vanguard,VWRP.L,Vanguard FTSE All-World Accumulation UCITS ETF - VWRP.L,2023-07-10,84.94999694824219
Vanguard,VWRP.L,Vanguard FTSE All-World Accumulation UCITS ETF - VWRP.L,2023-07-11,85.00499725341797
Vanguard,VWRP.L,Vanguard FTSE All-World Accumulation UCITS ETF - VWRP.L,2023-07-12,85.79499816894531
Vanguard,VWRP.L,Vanguard FTSE All-World Accumulation UCITS ETF - VWRP.L,2023-07-13,85.7249984741211
Vanguard,VWRP.L,Vanguard FTSE All-World Accumulation UCITS ETF - VWRP.L,2023-07-14,85.86000061035156
Vanguard,VWRP.L,Vanguard FTSE All-World Accumulation UCITS ETF - VWRP.L,2023-07-15,85.86000061035156
Vanguard,VWRP.L,Vanguard FTSE All-World Accumulation UCITS ETF - VWRP.L,2023-07-16,85.86000061035156
Vanguard,VWRP.L,Vanguard FTSE All-World Accumulation UCITS ETF - VWRP.L,2023-07-17,85.94999694824219
Vanguard,VWRP.L,Vanguard FTSE All-World Accumulation UCITS ETF - VWRP.L,2023-07-18,86.38999938964844
Vanguard,VWRP.L,Vanguard FTSE All-World Accumulation UCITS ETF - VWRP.L,2023-07-19,88.0250015258789
Vanguard,VWRP.L,Vanguard FTSE All-World Accumulation UCITS ETF - VWRP.L,2023-07-20,87.84500122070312
Vanguard,VWRP.L,Vanguard FTSE All-World Accumulation UCITS ETF - VWRP.L,2023-07-21,87.87000274658203
Vanguard,VWRP.L,Vanguard FTSE All-World Accumulation UCITS ETF - VWRP.L,2023-07-22,87.87000274658203
Vanguard,VWRP.L,Vanguard FTSE All-World Accumulation UCITS ETF - VWRP.L,2023-07-23,87.87000274658203
Vanguard,VWRP.L,Vanguard FTSE All-World Accumulation UCITS ETF - VWRP.L,2023-07-24,88.20999908447266
Vanguard,VWRP.L,Vanguard FTSE All-World Accumulation UCITS ETF - VWRP.L,2023-07-25,88.12000274658203
Vanguard,VWRP.L,Vanguard FTSE All-World Accumulation UCITS ETF - VWRP.L,2023-07-26,87.57499694824219
Vanguard,VWRP.L,Vanguard FTSE All-World Accumulation UCITS ETF - VWRP.L,2023-07-27,88.63999938964844
Vanguard,VWRP.L,Vanguard FTSE All-World Accumulation UCITS ETF - VWRP.L,2023-07-28,88.83000183105469
Vanguard,VWRP.L,Vanguard FTSE All-World Accumulation UCITS ETF - VWRP.L,2023-07-29,88.83000183105469
Vanguard,VWRP.L,Vanguard FTSE All-World Accumulation UCITS ETF - VWRP.L,2023-07-30,88.83000183105469
Vanguard,VWRP.L,Vanguard FTSE All-World Accumulation UCITS ETF - VWRP.L,2023-07-31,88.79000091552734
Vanguard,VWRP.L,Vanguard FTSE All-World Accumulation UCITS ETF - VWRP.L,2023-08-01,89.00499725341797
Vanguard,VWRP.L,Vanguard FTSE All-World Accumulation UCITS ETF - VWRP.L,2023-08-02,87.98500061035156
Vanguard,VWRP.L,Vanguard FTSE All-World Accumulation UCITS ETF - VWRP.L,2023-08-03,87.6449966430664
Vanguard,VWRP.L,Vanguard FTSE All-World Accumulation UCITS ETF - VWRP.L,2023-08-04,87.87999725341797
Vanguard,VWRP.L,Vanguard FTSE All-World Accumulation UCITS ETF - VWRP.L,2023-08-05,87.87999725341797
Vanguard,VWRP.L,Vanguard FTSE All-World Accumulation UCITS ETF - VWRP.L,2023-08-06,87.87999725341797
Vanguard,VWRP.L,Vanguard FTSE All-World Accumulation UCITS ETF - VWRP.L,2023-08-07,87.37999725341797
Vanguard,VWRP.L,Vanguard FTSE All-World Accumulation UCITS ETF - VWRP.L,2023-08-08,87.04499816894531
Vanguard,VWRP.L,Vanguard FTSE All-World Accumulation UCITS ETF - VWRP.L,2023-08-09,87.18000030517578
Vanguard,VWRP.L,Vanguard FTSE All-World Accumulation UCITS ETF - VWRP.L,2023-08-10,87.87000274658203
Vanguard,VWRP.L,Vanguard FTSE All-World Accumulation UCITS ETF - VWRP.L,2023-08-11,86.95999908447266
Vanguard,VWRP.L,Vanguard FTSE All-World Accumulation UCITS ETF - VWRP.L,2023-08-12,86.95999908447266
Vanguard,VWRP.L,Vanguard FTSE All-World Accumulation UCITS ETF - VWRP.L,2023-08-13,86.95999908447266
Vanguard,VWRP.L,Vanguard FTSE All-World Accumulation UCITS ETF - VWRP.L,2023-08-14,87.19999694824219
Vanguard,VWRP.L,Vanguard FTSE All-World Accumulation UCITS ETF - VWRP.L,2023-08-15,86.33999633789062
Vanguard,VWRP.L,Vanguard FTSE All-World Accumulation UCITS ETF - VWRP.L,2023-08-16,85.8949966430664
Vanguard,VWRP.L,Vanguard FTSE All-World Accumulation UCITS ETF - VWRP.L,2023-08-17,85.18499755859375
Vanguard,VWRP.L,Vanguard FTSE All-World Accumulation UCITS ETF - VWRP.L,2023-08-18,84.58000183105469
Vanguard,VWRP.L,Vanguard FTSE All-World Accumulation UCITS ETF - VWRP.L,2023-08-19,84.58000183105469
Vanguard,VWRP.L,Vanguard FTSE All-World Accumulation UCITS ETF - VWRP.L,2023-08-20,84.58000183105469
Vanguard,VWRP.L,Vanguard FTSE All-World Accumulation UCITS ETF - VWRP.L,2023-08-21,84.67500305175781
Vanguard,VWRP.L,Vanguard FTSE All-World Accumulation UCITS ETF - VWRP.L,2023-08-22,85.20999908447266
Vanguard,VWRP.L,Vanguard FTSE All-World Accumulation UCITS ETF - VWRP.L,2023-08-23,86.05000305175781
Vanguard,VWRP.L,Vanguard FTSE All-World Accumulation UCITS ETF - VWRP.L,2023-08-24,86.12999725341797
Vanguard,VWRP.L,Vanguard FTSE All-World Accumulation UCITS ETF - VWRP.L,2023-08-25,86.1050033569336
Vanguard,VWRP.L,Vanguard FTSE All-World Accumulation UCITS ETF - VWRP.L,2023-08-26,86.1050033569336
Vanguard,VWRP.L,Vanguard FTSE All-World Accumulation UCITS ETF - VWRP.L,2023-08-27,86.1050033569336
Vanguard,VWRP.L,Vanguard FTSE All-World Accumulation UCITS ETF - VWRP.L,2023-08-28,86.1050033569336
Vanguard,VWRP.L,Vanguard FTSE All-World Accumulation UCITS ETF - VWRP.L,2023-08-29,87.66999816894531
Vanguard,VWRP.L,Vanguard FTSE All-World Accumulation UCITS ETF - VWRP.L,2023-08-30,87.46499633789062
Vanguard,VWRP.L,Vanguard FTSE All-World Accumulation UCITS ETF - VWRP.L,2023-08-31,87.88999938964844
Vanguard,VWRP.L,Vanguard FTSE All-World Accumulation UCITS ETF - VWRP.L,2023-09-01,88.33999633789062
Vanguard,VWRP.L,Vanguard FTSE All-World Accumulation UCITS ETF - VWRP.L,2023-09-02,88.33999633789062
Vanguard,VWRP.L,Vanguard FTSE All-World Accumulation UCITS ETF - VWRP.L,2023-09-03,88.33999633789062
Vanguard,VWRP.L,Vanguard FTSE All-World Accumulation UCITS ETF - VWRP.L,2023-09-04,88.2300033569336
Vanguard,VWRP.L,Vanguard FTSE All-World Accumulation UCITS ETF - VWRP.L,2023-09-05,88.32499694824219
Vanguard,VWRP.L,Vanguard FTSE All-World Accumulation UCITS ETF - VWRP.L,2023-09-06,88.05999755859375
Vanguard,VWRP.L,Vanguard FTSE All-World Accumulation UCITS ETF - VWRP.L,2023-09-07,87.88999938964844
Vanguard,VWRP.L,Vanguard FTSE All-World Accumulation UCITS ETF - VWRP.L,2023-09-08,88.21499633789062
Vanguard,VWRP.L,Vanguard FTSE All-World Accumulation UCITS ETF - VWRP.L,2023-09-09,88.21499633789062
Vanguard,VWRP.L,Vanguard FTSE All-World Accumulation UCITS ETF - VWRP.L,2023-09-10,88.21499633789062
Vanguard,VWRP.L,Vanguard FTSE All-World Accumulation UCITS ETF - VWRP.L,2023-09-11,88.16999816894531
Vanguard,VWRP.L,Vanguard FTSE All-World Accumulation UCITS ETF - VWRP.L,2023-09-12,88.42500305175781
Vanguard,VWRP.L,Vanguard FTSE All-World Accumulation UCITS ETF - VWRP.L,2023-09-13,88.37000274658203
Vanguard,VWRP.L,Vanguard FTSE All-World Accumulation UCITS ETF - VWRP.L,2023-09-14,89.53500366210938
Vanguard,VWRP.L,Vanguard FTSE All-World Accumulation UCITS ETF - VWRP.L,2023-09-15,89.2300033569336
Vanguard,VWRP.L,Vanguard FTSE All-World Accumulation UCITS ETF - VWRP.L,2023-09-16,89.2300033569336
Vanguard,VWRP.L,Vanguard FTSE All-World Accumulation UCITS ETF - VWRP.L,2023-09-17,89.2300033569336
Vanguard,VWRP.L,Vanguard FTSE All-World Accumulation UCITS ETF - VWRP.L,2023-09-18,88.91500091552734
Vanguard,VWRP.L,Vanguard FTSE All-World Accumulation UCITS ETF - VWRP.L,2023-09-19,88.5250015258789
Vanguard,VWRP.L,Vanguard FTSE All-World Accumulation UCITS ETF - VWRP.L,2023-09-20,89.04000091552734
Vanguard,VWRP.L,Vanguard FTSE All-World Accumulation UCITS ETF - VWRP.L,2023-09-21,87.80500030517578
Vanguard,VWRP.L,Vanguard FTSE All-World Accumulation UCITS ETF - VWRP.L,2023-09-22,88.25499725341797
Vanguard,VWRP.L,Vanguard FTSE All-World Accumulation UCITS ETF - VWRP.L,2023-09-23,88.25499725341797
Vanguard,VWRP.L,Vanguard FTSE All-World Accumulation UCITS ETF - VWRP.L,2023-09-24,88.25499725341797
Vanguard,VWRP.L,Vanguard FTSE All-World Accumulation UCITS ETF - VWRP.L,2023-09-25,87.91000366210938
Vanguard,VWRP.L,Vanguard FTSE All-World Accumulation UCITS ETF - VWRP.L,2023-09-26,87.44000244140625
Vanguard,VWRP.L,Vanguard FTSE All-World Accumulation UCITS ETF - VWRP.L,2023-09-27,87.34500122070312
Vanguard,VWRP.L,Vanguard FTSE All-World Accumulation UCITS ETF - VWRP.L,2023-09-28,87.3550033569336
Vanguard,VWRP.L,Vanguard FTSE All-World Accumulation UCITS ETF - VWRP.L,2023-09-29,87.61000061035156
Vanguard,VWRP.L,Vanguard FTSE All-World Accumulation UCITS ETF - VWRP.L,2023-09-30,87.61000061035156
Vanguard,VWRP.L,Vanguard FTSE All-World Accumulation UCITS ETF - VWRP.L,2023-10-01,87.61000061035156
Vanguard,VWRP.L,Vanguard FTSE All-World Accumulation UCITS ETF - VWRP.L,2023-10-02,87.47000122070312
Vanguard,VWRP.L,Vanguard FTSE All-World Accumulation UCITS ETF - VWRP.L,2023-10-03,86.61499786376953
Vanguard,VWRP.L,Vanguard FTSE All-World Accumulation UCITS ETF - VWRP.L,2023-10-04,86.15499877929688
Vanguard,VWRP.L,Vanguard FTSE All-World Accumulation UCITS ETF - VWRP.L,2023-10-05,86.02999877929688
Vanguard,VWRP.L,Vanguard FTSE All-World Accumulation UCITS ETF - VWRP.L,2023-10-06,86.38500213623047
Vanguard,VWRP.L,Vanguard FTSE All-World Accumulation UCITS ETF - VWRP.L,2023-10-07,86.38500213623047
Vanguard,VWRP.L,Vanguard FTSE All-World Accumulation UCITS ETF - VWRP.L,2023-10-08,86.38500213623047
Vanguard,VWRP.L,Vanguard FTSE All-World Accumulation UCITS ETF - VWRP.L,2023-10-09,86.79499816894531
Vanguard,VWRP.L,Vanguard FTSE All-World Accumulation UCITS ETF - VWRP.L,2023-10-10,88.12000274658203
Vanguard,VWRP.L,Vanguard FTSE All-World Accumulation UCITS ETF - VWRP.L,2023-10-11,87.66500091552734
Vanguard,VWRP.L,Vanguard FTSE All-World Accumulation UCITS ETF - VWRP.L,2023-10-12,88.38500213623047
Vanguard,VWRP.L,Vanguard FTSE All-World Accumulation UCITS ETF - VWRP.L,2023-10-13,87.98999786376953
Vanguard,VWRP.L,Vanguard FTSE All-World Accumulation UCITS ETF - VWRP.L,2023-10-14,87.98999786376953
Vanguard,VWRP.L,Vanguard FTSE All-World Accumulation UCITS ETF - VWRP.L,2023-10-15,87.98999786376953
Vanguard,VWRP.L,Vanguard FTSE All-World Accumulation UCITS ETF - VWRP.L,2023-10-16,88.37999725341797
Vanguard,VWRP.L,Vanguard FTSE All-World Accumulation UCITS ETF - VWRP.L,2023-10-17,88.375
Vanguard,VWRP.L,Vanguard FTSE All-World Accumulation UCITS ETF - VWRP.L,2023-10-18,87.78500366210938
Vanguard,VWRP.L,Vanguard FTSE All-World Accumulation UCITS ETF - VWRP.L,2023-10-19,87.23999786376953
Vanguard,VWRP.L,Vanguard FTSE All-World Accumulation UCITS ETF - VWRP.L,2023-10-20,85.7750015258789
Vanguard,VWRP.L,Vanguard FTSE All-World Accumulation UCITS ETF - VWRP.L,2023-10-21,85.7750015258789
Vanguard,VWRP.L,Vanguard FTSE All-World Accumulation UCITS ETF - VWRP.L,2023-10-22,85.7750015258789
Vanguard,VWRP.L,Vanguard FTSE All-World Accumulation UCITS ETF - VWRP.L,2023-10-23,85.33999633789062
Vanguard,VWRP.L,Vanguard FTSE All-World Accumulation UCITS ETF - VWRP.L,2023-10-24,85.93000030517578
Vanguard,VWRP.L,Vanguard FTSE All-World Accumulation UCITS ETF - VWRP.L,2023-10-25,85.70500183105469
Vanguard,VWRP.L,Vanguard FTSE All-World Accumulation UCITS ETF - VWRP.L,2023-10-26,84.80999755859375
Vanguard,VWRP.L,Vanguard FTSE All-World Accumulation UCITS ETF - VWRP.L,2023-10-27,84.4000015258789
Vanguard,VWRP.L,Vanguard FTSE All-World Accumulation UCITS ETF - VWRP.L,2023-10-28,84.4000015258789
Vanguard,VWRP.L,Vanguard FTSE All-World Accumulation UCITS ETF - VWRP.L,2023-10-29,84.4000015258789
Vanguard,VWRP.L,Vanguard FTSE All-World Accumulation UCITS ETF - VWRP.L,2023-10-30,84.56500244140625
Vanguard,VWRP.L,Vanguard FTSE All-World Accumulation UCITS ETF - VWRP.L,2023-10-31,84.95999908447266
Vanguard,VWRP.L,Vanguard FTSE All-World Accumulation UCITS ETF - VWRP.L,2023-11-01,85.81999969482422
Vanguard,VWRP.L,Vanguard FTSE All-World Accumulation UCITS ETF - VWRP.L,2023-11-02,87.26499938964844
Vanguard,VWRP.L,Vanguard FTSE All-World Accumulation UCITS ETF - VWRP.L,2023-11-03,87.33000183105469
Vanguard,VWRP.L,Vanguard FTSE All-World Accumulation UCITS ETF - VWRP.L,2023-11-04,87.33000183105469
Vanguard,VWRP.L,Vanguard FTSE All-World Accumulation UCITS ETF - VWRP.L,2023-11-05,87.33000183105469
Vanguard,VWRP.L,Vanguard FTSE All-World Accumulation UCITS ETF - VWRP.L,2023-11-06,87.18499755859375
Vanguard,VWRP.L,Vanguard FTSE All-World Accumulation UCITS ETF - VWRP.L,2023-11-07,87.80999755859375
Vanguard,VWRP.L,Vanguard FTSE All-World Accumulation UCITS ETF - VWRP.L,2023-11-08,87.68000030517578
Vanguard,VWRP.L,Vanguard FTSE All-World Accumulation UCITS ETF - VWRP.L,2023-11-09,88.08499908447266
Vanguard,VWRP.L,Vanguard FTSE All-World Accumulation UCITS ETF - VWRP.L,2023-11-10,88.12999725341797
Vanguard,VWRP.L,Vanguard FTSE All-World Accumulation UCITS ETF - VWRP.L,2023-11-11,88.12999725341797
Vanguard,VWRP.L,Vanguard FTSE All-World Accumulation UCITS ETF - VWRP.L,2023-11-12,88.12999725341797
Vanguard,VWRP.L,Vanguard FTSE All-World Accumulation UCITS ETF - VWRP.L,2023-11-13,88.5
Vanguard,VWRP.L,Vanguard FTSE All-World Accumulation UCITS ETF - VWRP.L,2023-11-14,88.8949966430664
Vanguard,VWRP.L,Vanguard FTSE All-World Accumulation UCITS ETF - VWRP.L,2023-11-15,89.5250015258789
Vanguard,VWRP.L,Vanguard FTSE All-World Accumulation UCITS ETF - VWRP.L,2023-11-16,89.04000091552734
Vanguard,VWRP.L,Vanguard FTSE All-World Accumulation UCITS ETF - VWRP.L,2023-11-17,89.54000091552734
Vanguard,VWRP.L,Vanguard FTSE All-World Accumulation UCITS ETF - VWRP.L,2023-11-18,89.54000091552734
Vanguard,VWRP.L,Vanguard FTSE All-World Accumulation UCITS ETF - VWRP.L,2023-11-19,89.54000091552734
Vanguard,VWRP.L,Vanguard FTSE All-World Accumulation UCITS ETF - VWRP.L,2023-11-20,89.6500015258789
Vanguard,VWRP.L,Vanguard FTSE All-World Accumulation UCITS ETF - VWRP.L,2023-11-21,89.27999877929688
Vanguard,VWRP.L,Vanguard FTSE All-World Accumulation UCITS ETF - VWRP.L,2023-11-22,90.0199966430664
Vanguard,VWRP.L,Vanguard FTSE All-World Accumulation UCITS ETF - VWRP.L,2023-11-23,89.75499725341797
Vanguard,VWRP.L,Vanguard FTSE All-World Accumulation UCITS ETF - VWRP.L,2023-11-24,89.22000122070312
Vanguard,VWRP.L,Vanguard FTSE All-World Accumulation UCITS ETF - VWRP.L,2023-11-25,89.22000122070312
Vanguard,VWRP.L,Vanguard FTSE All-World Accumulation UCITS ETF - VWRP.L,2023-11-26,89.22000122070312
Vanguard,VWRP.L,Vanguard FTSE All-World Accumulation UCITS ETF - VWRP.L,2023-11-27,89.08000183105469
Vanguard,VWRP.L,Vanguard FTSE All-World Accumulation UCITS ETF - VWRP.L,2023-11-28,88.77999877929688
Vanguard,VWRP.L,Vanguard FTSE All-World Accumulation UCITS ETF - VWRP.L,2023-11-29,88.81999969482422
Vanguard,VWRP.L,Vanguard FTSE All-World Accumulation UCITS ETF - VWRP.L,2023-11-30,88.91999816894531
Vanguard,VWRP.L,Vanguard FTSE All-World Accumulation UCITS ETF - VWRP.L,2023-12-01,89.30500030517578
Vanguard,VWRP.L,Vanguard FTSE All-World Accumulation UCITS ETF - VWRP.L,2023-12-02,89.30500030517578
Vanguard,VWRP.L,Vanguard FTSE All-World Accumulation UCITS ETF - VWRP.L,2023-12-03,89.30500030517578
Vanguard,VWRP.L,Vanguard FTSE All-World Accumulation UCITS ETF - VWRP.L,2023-12-04,89.13500213623047
Vanguard,VWRP.L,Vanguard FTSE All-World Accumulation UCITS ETF - VWRP.L,2023-12-05,89.38999938964844
Vanguard,VWRP.L,Vanguard FTSE All-World Accumulation UCITS ETF - VWRP.L,2023-12-06,89.7750015258789
Vanguard,VWRP.L,Vanguard FTSE All-World Accumulation UCITS ETF - VWRP.L,2023-12-07,89.8499984741211
Vanguard,VWRP.L,Vanguard FTSE All-World Accumulation UCITS ETF - VWRP.L,2023-12-08,90.31500244140625
Vanguard,VWRP.L,Vanguard FTSE All-World Accumulation UCITS ETF - VWRP.L,2023-12-09,90.31500244140625
Vanguard,VWRP.L,Vanguard FTSE All-World Accumulation UCITS ETF - VWRP.L,2023-12-10,90.31500244140625
Vanguard,VWRP.L,Vanguard FTSE All-World Accumulation UCITS ETF - VWRP.L,2023-12-11,90.56999969482422
Vanguard,VWRP.L,Vanguard FTSE All-World Accumulation UCITS ETF - VWRP.L,2023-12-12,90.7699966430664
Vanguard,VWRP.L,Vanguard FTSE All-World Accumulation UCITS ETF - VWRP.L,2023-12-13,91.25499725341797
Vanguard,VWRP.L,Vanguard FTSE All-World Accumulation UCITS ETF - VWRP.L,2023-12-14,91.26000213623047
Vanguard,VWRP.L,Vanguard FTSE All-World Accumulation UCITS ETF - VWRP.L,2023-12-15,91.69999694824219
Vanguard,VWRP.L,Vanguard FTSE All-World Accumulation UCITS ETF - VWRP.L,2023-12-16,91.69999694824219
Vanguard,VWRP.L,Vanguard FTSE All-World Accumulation UCITS ETF - VWRP.L,2023-12-17,91.69999694824219
Vanguard,VWRP.L,Vanguard FTSE All-World Accumulation UCITS ETF - VWRP.L,2023-12-18,92.02999877929688
Vanguard,VWRP.L,Vanguard FTSE All-World Accumulation UCITS ETF - VWRP.L,2023-12-19,91.94999694824219
Vanguard,VWRP.L,Vanguard FTSE All-World Accumulation UCITS ETF - VWRP.L,2023-12-20,92.6500015258789
Vanguard,VWRP.L,Vanguard FTSE All-World Accumulation UCITS ETF - VWRP.L,2023-12-21,92.33000183105469
Vanguard,VWRP.L,Vanguard FTSE All-World Accumulation UCITS ETF - VWRP.L,2023-12-22,92.04499816894531
Vanguard,VWRP.L,Vanguard FTSE All-World Accumulation UCITS ETF - VWRP.L,2023-12-23,92.04499816894531
Vanguard,VWRP.L,Vanguard FTSE All-World Accumulation UCITS ETF - VWRP.L,2023-12-24,92.04499816894531
Vanguard,VWRP.L,Vanguard FTSE All-World Accumulation UCITS ETF - VWRP.L,2023-12-25,92.04499816894531
Vanguard,VWRP.L,Vanguard FTSE All-World Accumulation UCITS ETF - VWRP.L,2023-12-26,92.04499816894531
Vanguard,VWRP.L,Vanguard FTSE All-World Accumulation UCITS ETF - VWRP.L,2023-12-27,92.36000061035156
Vanguard,VWRP.L,Vanguard FTSE All-World Accumulation UCITS ETF - VWRP.L,2023-12-28,92.98500061035156
Vanguard,VWRP.L,Vanguard FTSE All-World Accumulation UCITS ETF - VWRP.L,2023-12-29,92.94000244140625
Vanguard,VWRP.L,Vanguard FTSE All-World Accumulation UCITS ETF - VWRP.L,2023-12-30,92.94000244140625
Vanguard,VWRP.L,Vanguard FTSE All-World Accumulation UCITS ETF - VWRP.L,2023-12-31,92.94000244140625
Vanguard,VWRP.L,Vanguard FTSE All-World Accumulation UCITS ETF - VWRP.L,2024-01-01,92.94000244140625
Vanguard,VWRP.L,Vanguard FTSE All-World Accumulation UCITS ETF - VWRP.L,2024-01-02,92.93000030517578
Vanguard,VWRP.L,Vanguard FTSE All-World Accumulation UCITS ETF - VWRP.L,2024-01-03,92.04000091552734
Vanguard,VWRP.L,Vanguard FTSE All-World Accumulation UCITS ETF - VWRP.L,2024-01-04,92.0
Vanguard,VWRP.L,Vanguard FTSE All-World Accumulation UCITS ETF - VWRP.L,2024-01-05,91.56999969482422
Vanguard,VWRP.L,Vanguard FTSE All-World Accumulation UCITS ETF - VWRP.L,2024-01-06,91.56999969482422
Vanguard,VWRP.L,Vanguard FTSE All-World Accumulation UCITS ETF - VWRP.L,2024-01-07,91.56999969482422
Vanguard,VWRP.L,Vanguard FTSE All-World Accumulation UCITS ETF - VWRP.L,2024-01-08,91.62999725341797
Vanguard,VWRP.L,Vanguard FTSE All-World Accumulation UCITS ETF - VWRP.L,2024-01-09,92.08000183105469
Vanguard,VWRP.L,Vanguard FTSE All-World Accumulation UCITS ETF - VWRP.L,2024-01-10,92.20999908447266
Vanguard,VWRP.L,Vanguard FTSE All-World Accumulation UCITS ETF - VWRP.L,2024-01-11,91.98500061035156
Vanguard,VWRP.L,Vanguard FTSE All-World Accumulation UCITS ETF - VWRP.L,2024-01-12,92.47000122070312
Vanguard,VWRP.L,Vanguard FTSE All-World Accumulation UCITS ETF - VWRP.L,2024-01-13,92.47000122070312
Vanguard,VWRP.L,Vanguard FTSE All-World Accumulation UCITS ETF - VWRP.L,2024-01-14,92.47000122070312
Vanguard,VWRP.L,Vanguard FTSE All-World Accumulation UCITS ETF - VWRP.L,2024-01-15,92.45500183105469
Vanguard,VWRP.L,Vanguard FTSE All-World Accumulation UCITS ETF - VWRP.L,2024-01-16,92.55999755859375
Vanguard,VWRP.L,Vanguard FTSE All-World Accumulation UCITS ETF - VWRP.L,2024-01-17,91.44000244140625
Vanguard,VWRP.L,Vanguard FTSE All-World Accumulation UCITS ETF - VWRP.L,2024-01-18,91.8499984741211
Vanguard,VWRP.L,Vanguard FTSE All-World Accumulation UCITS ETF - VWRP.L,2024-01-19,92.45999908447266
Vanguard,VWRP.L,Vanguard FTSE All-World Accumulation UCITS ETF - VWRP.L,2024-01-20,92.45999908447266
Vanguard,VWRP.L,Vanguard FTSE All-World Accumulation UCITS ETF - VWRP.L,2024-01-21,92.45999908447266
Vanguard,VWRP.L,Vanguard FTSE All-World Accumulation UCITS ETF - VWRP.L,2024-01-22,93.05999755859375
Vanguard,VWRP.L,Vanguard FTSE All-World Accumulation UCITS ETF - VWRP.L,2024-01-23,93.19000244140625
Vanguard,VWRP.L,Vanguard FTSE All-World Accumulation UCITS ETF - VWRP.L,2024-01-24,93.72000122070312
Vanguard,VWRP.L,Vanguard FTSE All-World Accumulation UCITS ETF - VWRP.L,2024-01-25,93.91000366210938
Vanguard,VWRP.L,Vanguard FTSE All-World Accumulation UCITS ETF - VWRP.L,2024-01-26,94.08000183105469
Vanguard,VWRP.L,Vanguard FTSE All-World Accumulation UCITS ETF - VWRP.L,2024-01-27,94.08000183105469
Vanguard,VWRP.L,Vanguard FTSE All-World Accumulation UCITS ETF - VWRP.L,2024-01-28,94.08000183105469
Vanguard,VWRP.L,Vanguard FTSE All-World Accumulation UCITS ETF - VWRP.L,2024-01-29,94.18499755859375
Vanguard,VWRP.L,Vanguard FTSE All-World Accumulation UCITS ETF - VWRP.L,2024-01-30,94.70500183105469
Vanguard,VWRP.L,Vanguard FTSE All-World Accumulation UCITS ETF - VWRP.L,2024-01-31,93.9749984741211
Vanguard,VWRP.L,Vanguard FTSE All-World Accumulation UCITS ETF - VWRP.L,2024-02-01,93.62999725341797
Vanguard,VWRP.L,Vanguard FTSE All-World Accumulation UCITS ETF - VWRP.L,2024-02-02,95.05000305175781
Vanguard,VWRP.L,Vanguard FTSE All-World Accumulation UCITS ETF - VWRP.L,2024-02-03,95.05000305175781
Vanguard,VWRP.L,Vanguard FTSE All-World Accumulation UCITS ETF - VWRP.L,2024-02-04,95.05000305175781
Vanguard,VWRP.L,Vanguard FTSE All-World Accumulation UCITS ETF - VWRP.L,2024-02-05,95.5199966430664
Vanguard,VWRP.L,Vanguard FTSE All-World Accumulation UCITS ETF - VWRP.L,2024-02-06,95.66999816894531
Vanguard,VWRP.L,Vanguard FTSE All-World Accumulation UCITS ETF - VWRP.L,2024-02-07,95.88999938964844
Vanguard,VWRP.L,Vanguard FTSE All-World Accumulation UCITS ETF - VWRP.L,2024-02-08,95.97000122070312
Vanguard,VWRP.L,Vanguard FTSE All-World Accumulation UCITS ETF - VWRP.L,2024-02-09,96.12999725341797
Vanguard,VWRP.L,Vanguard FTSE All-World Accumulation UCITS ETF - VWRP.L,2024-02-10,96.12999725341797
Vanguard,VWRP.L,Vanguard FTSE All-World Accumulation UCITS ETF - VWRP.L,2024-02-11,96.12999725341797
Vanguard,VWRP.L,Vanguard FTSE All-World Accumulation UCITS ETF - VWRP.L,2024-02-12,96.86000061035156
Vanguard,VWRP.L,Vanguard FTSE All-World Accumulation UCITS ETF - VWRP.L,2024-02-13,95.62000274658203
Vanguard,VWRP.L,Vanguard FTSE All-World Accumulation UCITS ETF - VWRP.L,2024-02-14,96.30999755859375
Vanguard,VWRP.L,Vanguard FTSE All-World Accumulation UCITS ETF - VWRP.L,2024-02-15,96.76000213623047
Vanguard,VWRP.L,Vanguard FTSE All-World Accumulation UCITS ETF - VWRP.L,2024-02-16,97.2699966430664
Vanguard,VWRP.L,Vanguard FTSE All-World Accumulation UCITS ETF - VWRP.L,2024-02-17,97.2699966430664
Vanguard,VWRP.L,Vanguard FTSE All-World Accumulation UCITS ETF - VWRP.L,2024-02-18,97.2699966430664
Vanguard,VWRP.L,Vanguard FTSE All-World Accumulation UCITS ETF - VWRP.L,2024-02-19,97.12999725341797
Vanguard,VWRP.L,Vanguard FTSE All-World Accumulation UCITS ETF - VWRP.L,2024-02-20,96.19999694824219
Vanguard,VWRP.L,Vanguard FTSE All-World Accumulation UCITS ETF - VWRP.L,2024-02-21,96.31999969482422
Vanguard,VWRP.L,Vanguard FTSE All-World Accumulation UCITS ETF - VWRP.L,2024-02-22,97.66500091552734
Vanguard,VWRP.L,Vanguard FTSE All-World Accumulation UCITS ETF - VWRP.L,2024-02-23,97.82499694824219
Vanguard,VWRP.L,Vanguard FTSE All-World Accumulation UCITS ETF - VWRP.L,2024-02-24,97.82499694824219
Vanguard,VWRP.L,Vanguard FTSE All-World Accumulation UCITS ETF - VWRP.L,2024-02-25,97.82499694824219
Vanguard,VWRP.L,Vanguard FTSE All-World Accumulation UCITS ETF - VWRP.L,2024-02-26,97.65499877929688
Vanguard,VWRP.L,Vanguard FTSE All-World Accumulation UCITS ETF - VWRP.L,2024-02-27,97.5199966430664
Vanguard,VWRP.L,Vanguard FTSE All-World Accumulation UCITS ETF - VWRP.L,2024-02-28,97.51000213623047
Vanguard,VWRP.L,Vanguard FTSE All-World Accumulation UCITS ETF - VWRP.L,2024-02-29,97.69999694824219
Vanguard,VWRP.L,Vanguard FTSE All-World Accumulation UCITS ETF - VWRP.L,2024-03-01,98.52999877929688
Vanguard,VWRP.L,Vanguard FTSE All-World Accumulation UCITS ETF - VWRP.L,2024-03-02,98.52999877929688
Vanguard,VWRP.L,Vanguard FTSE All-World Accumulation UCITS ETF - VWRP.L,2024-03-03,98.52999877929688
Vanguard,VWRP.L,Vanguard FTSE All-World Accumulation UCITS ETF - VWRP.L,2024-03-04,98.30000305175781
Vanguard,VWRP.L,Vanguard FTSE All-World Accumulation UCITS ETF - VWRP.L,2024-03-05,97.4800033569336
Vanguard,VWRP.L,Vanguard FTSE All-World Accumulation UCITS ETF - VWRP.L,2024-03-06,98.01000213623047
Vanguard,VWRP.L,Vanguard FTSE All-World Accumulation UCITS ETF - VWRP.L,2024-03-07,98.37000274658203
Vanguard,VWRP.L,Vanguard FTSE All-World Accumulation UCITS ETF - VWRP.L,2024-03-08,98.0
Vanguard,VWRP.L,Vanguard FTSE All-World Accumulation UCITS ETF - VWRP.L,2024-03-09,98.0
Vanguard,VWRP.L,Vanguard FTSE All-World Accumulation UCITS ETF - VWRP.L,2024-03-10,98.0
Vanguard,VWRP.L,Vanguard FTSE All-World Accumulation UCITS ETF - VWRP.L,2024-03-11,97.63999938964844
Vanguard,VWRP.L,Vanguard FTSE All-World Accumulation UCITS ETF - VWRP.L,2024-03-12,98.62999725341797
Vanguard,VWRP.L,Vanguard FTSE All-World Accumulation UCITS ETF - VWRP.L,2024-03-13,98.66500091552734
Vanguard,VWRP.L,Vanguard FTSE All-World Accumulation UCITS ETF - VWRP.L,2024-03-14,98.58000183105469
Vanguard,VWRP.L,Vanguard FTSE All-World Accumulation UCITS ETF - VWRP.L,2024-03-15,98.1500015258789
Vanguard,VWRP.L,Vanguard FTSE All-World Accumulation UCITS ETF - VWRP.L,2024-03-16,98.1500015258789
Vanguard,VWRP.L,Vanguard FTSE All-World Accumulation UCITS ETF - VWRP.L,2024-03-17,98.1500015258789
Vanguard,VWRP.L,Vanguard FTSE All-World Accumulation UCITS ETF - VWRP.L,2024-03-18,98.875
Vanguard,VWRP.L,Vanguard FTSE All-World Accumulation UCITS ETF - VWRP.L,2024-03-19,98.8550033569336
Vanguard,VWRP.L,Vanguard FTSE All-World Accumulation UCITS ETF - VWRP.L,2024-03-20,99.13999938964844
Vanguard,VWRP.L,Vanguard FTSE All-World Accumulation UCITS ETF - VWRP.L,2024-03-21,100.91999816894531
Vanguard,VWRP.L,Vanguard FTSE All-World Accumulation UCITS ETF - VWRP.L,2024-03-22,100.91999816894531
Vanguard,VWRP.L,Vanguard FTSE All-World Accumulation UCITS ETF - VWRP.L,2024-03-23,100.91999816894531
Vanguard,VWRP.L,Vanguard FTSE All-World Accumulation UCITS ETF - VWRP.L,2024-03-24,100.91999816894531
Vanguard,VWRP.L,Vanguard FTSE All-World Accumulation UCITS ETF - VWRP.L,2024-03-25,100.55999755859375
Vanguard,VWRP.L,Vanguard FTSE All-World Accumulation UCITS ETF - VWRP.L,2024-03-26,100.80000305175781
Vanguard,VWRP.L,Vanguard FTSE All-World Accumulation UCITS ETF - VWRP.L,2024-03-27,100.6500015258789
Vanguard,VWRP.L,Vanguard FTSE All-World Accumulation UCITS ETF - VWRP.L,2024-03-28,101.08000183105469
Vanguard,VWRP.L,Vanguard FTSE All-World Accumulation UCITS ETF - VWRP.L,2024-03-29,101.08000183105469
Vanguard,VWRP.L,Vanguard FTSE All-World Accumulation UCITS ETF - VWRP.L,2024-03-30,101.08000183105469
Vanguard,VWRP.L,Vanguard FTSE All-World Accumulation UCITS ETF - VWRP.L,2024-03-31,101.08000183105469
Vanguard,VWRP.L,Vanguard FTSE All-World Accumulation UCITS ETF - VWRP.L,2024-04-01,101.08000183105469
Vanguard,VWRP.L,Vanguard FTSE All-World Accumulation UCITS ETF - VWRP.L,2024-04-02,100.62999725341797
Vanguard,VWRP.L,Vanguard FTSE All-World Accumulation UCITS ETF - VWRP.L,2024-04-03,100.73999786376953
Vanguard,VWRP.L,Vanguard FTSE All-World Accumulation UCITS ETF - VWRP.L,2024-04-04,100.95999908447266
Vanguard,VWRP.L,Vanguard FTSE All-World Accumulation UCITS ETF - VWRP.L,2024-04-05,100.23999786376953
Vanguard,VWRP.L,Vanguard FTSE All-World Accumulation UCITS ETF - VWRP.L,2024-04-06,100.23999786376953
Vanguard,VWRP.L,Vanguard FTSE All-World Accumulation UCITS ETF - VWRP.L,2024-04-07,100.23999786376953
Vanguard,VWRP.L,Vanguard FTSE All-World Accumulation UCITS ETF - VWRP.L,2024-04-08,100.5
Vanguard,VWRP.L,Vanguard FTSE All-World Accumulation UCITS ETF - VWRP.L,2024-04-09,99.88500213623047
Vanguard,VWRP.L,Vanguard FTSE All-World Accumulation UCITS ETF - VWRP.L,2024-04-10,100.22000122070312
Vanguard,VWRP.L,Vanguard FTSE All-World Accumulation UCITS ETF - VWRP.L,2024-04-11,100.29000091552734
Vanguard,VWRP.L,Vanguard FTSE All-World Accumulation UCITS ETF - VWRP.L,2024-04-12,100.55000305175781
Vanguard,VWRP.L,Vanguard FTSE All-World Accumulation UCITS ETF - VWRP.L,2024-04-13,100.55000305175781
Vanguard,VWRP.L,Vanguard FTSE All-World Accumulation UCITS ETF - VWRP.L,2024-04-14,100.55000305175781
Vanguard,VWRP.L,Vanguard FTSE All-World Accumulation UCITS ETF - VWRP.L,2024-04-15,100.0999984741211
Vanguard,VWRP.L,Vanguard FTSE All-World Accumulation UCITS ETF - VWRP.L,2024-04-16,98.7699966430664
Vanguard,VWRP.L,Vanguard FTSE All-World Accumulation UCITS ETF - VWRP.L,2024-04-17,98.19000244140625
Vanguard,VWRP.L,Vanguard FTSE All-World Accumulation UCITS ETF - VWRP.L,2024-04-18,98.62000274658203
Vanguard,VWRP.L,Vanguard FTSE All-World Accumulation UCITS ETF - VWRP.L,2024-04-19,98.19999694824219
Vanguard,VWRP.L,Vanguard FTSE All-World Accumulation UCITS ETF - VWRP.L,2024-04-20,98.19999694824219
Vanguard,VWRP.L,Vanguard FTSE All-World Accumulation UCITS ETF - VWRP.L,2024-04-21,98.19999694824219
Vanguard,VWRP.L,Vanguard FTSE All-World Accumulation UCITS ETF - VWRP.L,2024-04-22,98.78500366210938
Vanguard,VWRP.L,Vanguard FTSE All-World Accumulation UCITS ETF - VWRP.L,2024-04-23,99.38999938964844
Vanguard,VWRP.L,Vanguard FTSE All-World Accumulation UCITS ETF - VWRP.L,2024-04-24,99.48500061035156
Vanguard,VWRP.L,Vanguard FTSE All-World Accumulation UCITS ETF - VWRP.L,2024-04-25,98.2300033569336
Vanguard,VWRP.L,Vanguard FTSE All-World Accumulation UCITS ETF - VWRP.L,2024-04-26,99.83999633789062
Vanguard,VWRP.L,Vanguard FTSE All-World Accumulation UCITS ETF - VWRP.L,2024-04-27,99.83999633789062
Vanguard,VWRP.L,Vanguard FTSE All-World Accumulation UCITS ETF - VWRP.L,2024-04-28,99.83999633789062
Vanguard,VWRP.L,Vanguard FTSE All-World Accumulation UCITS ETF - VWRP.L,2024-04-29,99.55000305175781
Vanguard,VWRP.L,Vanguard FTSE All-World Accumulation UCITS ETF - VWRP.L,2024-04-30,99.19000244140625
Vanguard,VWRP.L,Vanguard FTSE All-World Accumulation UCITS ETF - VWRP.L,2024-05-01,98.5199966430664
Vanguard,VWRP.L,Vanguard FTSE All-World Accumulation UCITS ETF - VWRP.L,2024-05-02,99.08000183105469
Vanguard,VWRP.L,Vanguard FTSE All-World Accumulation UCITS ETF - VWRP.L,2024-05-03,100.03500366210938
Vanguard,VWRP.L,Vanguard FTSE All-World Accumulation UCITS ETF - VWRP.L,2024-05-04,100.03500366210938
Vanguard,VWRP.L,Vanguard FTSE All-World Accumulation UCITS ETF - VWRP.L,2024-05-05,100.03500366210938
Vanguard,VWRP.L,Vanguard FTSE All-World Accumulation UCITS ETF - VWRP.L,2024-05-06,100.03500366210938
Vanguard,VWRP.L,Vanguard FTSE All-World Accumulation UCITS ETF - VWRP.L,2024-05-07,101.44000244140625
Vanguard,VWRP.L,Vanguard FTSE All-World Accumulation UCITS ETF - VWRP.L,2024-05-08,101.55999755859375
Vanguard,VWRP.L,Vanguard FTSE All-World Accumulation UCITS ETF - VWRP.L,2024-05-09,101.83999633789062
Vanguard,VWRP.L,Vanguard FTSE All-World Accumulation UCITS ETF - VWRP.L,2024-05-10,102.13999938964844
Vanguard,VWRP.L,Vanguard FTSE All-World Accumulation UCITS ETF - VWRP.L,2024-05-11,102.13999938964844
Vanguard,VWRP.L,Vanguard FTSE All-World Accumulation UCITS ETF - VWRP.L,2024-05-12,102.13999938964844
Vanguard,VWRP.L,Vanguard FTSE All-World Accumulation UCITS ETF - VWRP.L,2024-05-13,101.9800033569336
Vanguard,VWRP.L,Vanguard FTSE All-World Accumulation UCITS ETF - VWRP.L,2024-05-14,101.87999725341797
Vanguard,VWRP.L,Vanguard FTSE All-World Accumulation UCITS ETF - VWRP.L,2024-05-15,102.41999816894531
Vanguard,VWRP.L,Vanguard FTSE All-World Accumulation UCITS ETF - VWRP.L,2024-05-16,102.76000213623047
Vanguard,VWRP.L,Vanguard FTSE All-World Accumulation UCITS ETF - VWRP.L,2024-05-17,102.30000305175781
Vanguard,VWRP.L,Vanguard FTSE All-World Accumulation UCITS ETF - VWRP.L,2024-05-18,102.30000305175781
Vanguard,VWRP.L,Vanguard FTSE All-World Accumulation UCITS ETF - VWRP.L,2024-05-19,102.30000305175781
Vanguard,VWRP.L,Vanguard FTSE All-World Accumulation UCITS ETF - VWRP.L,2024-05-20,102.72000122070312
Vanguard,VWRP.L,Vanguard FTSE All-World Accumulation UCITS ETF - VWRP.L,2024-05-21,102.27999877929688
Vanguard,VWRP.L,Vanguard FTSE All-World Accumulation UCITS ETF - VWRP.L,2024-05-22,102.08000183105469
Vanguard,VWRP.L,Vanguard FTSE All-World Accumulation UCITS ETF - VWRP.L,2024-05-23,102.05999755859375
Vanguard,VWRP.L,Vanguard FTSE All-World Accumulation UCITS ETF - VWRP.L,2024-05-24,101.70999908447266
Vanguard,VWRP.L,Vanguard FTSE All-World Accumulation UCITS ETF - VWRP.L,2024-05-25,101.70999908447266
Vanguard,VWRP.L,Vanguard FTSE All-World Accumulation UCITS ETF - VWRP.L,2024-05-26,101.70999908447266
Vanguard,VWRP.L,Vanguard FTSE All-World Accumulation UCITS ETF - VWRP.L,2024-05-27,101.70999908447266
Vanguard,VWRP.L,Vanguard FTSE All-World Accumulation UCITS ETF - VWRP.L,2024-05-28,101.45999908447266
Vanguard,VWRP.L,Vanguard FTSE All-World Accumulation UCITS ETF - VWRP.L,2024-05-29,100.94000244140625
Vanguard,VWRP.L,Vanguard FTSE All-World Accumulation UCITS ETF - VWRP.L,2024-05-30,100.62000274658203
Vanguard,VWRP.L,Vanguard FTSE All-World Accumulation UCITS ETF - VWRP.L,2024-05-31,100.12000274658203
Vanguard,VWRP.L,Vanguard FTSE All-World Accumulation UCITS ETF - VWRP.L,2024-06-01,100.12000274658203
Vanguard,VWRP.L,Vanguard FTSE All-World Accumulation UCITS ETF - VWRP.L,2024-06-02,100.12000274658203
Vanguard,VWRP.L,Vanguard FTSE All-World Accumulation UCITS ETF - VWRP.L,2024-06-03,100.81999969482422
Vanguard,VWRP.L,Vanguard FTSE All-World Accumulation UCITS ETF - VWRP.L,2024-06-04,100.41999816894531
Vanguard,VWRP.L,Vanguard FTSE All-World Accumulation UCITS ETF - VWRP.L,2024-06-05,101.66000366210938
Vanguard,VWRP.L,Vanguard FTSE All-World Accumulation UCITS ETF - VWRP.L,2024-06-06,102.05000305175781
Vanguard,VWRP.L,Vanguard FTSE All-World Accumulation UCITS ETF - VWRP.L,2024-06-07,102.31999969482422
Vanguard,VWRP.L,Vanguard FTSE All-World Accumulation UCITS ETF - VWRP.L,2024-06-08,102.31999969482422
Vanguard,VWRP.L,Vanguard FTSE All-World Accumulation UCITS ETF - VWRP.L,2024-06-09,102.31999969482422
Vanguard,VWRP.L,Vanguard FTSE All-World Accumulation UCITS ETF - VWRP.L,2024-06-10,102.11000061035156
Vanguard,VWRP.L,Vanguard FTSE All-World Accumulation UCITS ETF - VWRP.L,2024-06-11,101.77999877929688
Vanguard,VWRP.L,Vanguard FTSE All-World Accumulation UCITS ETF - VWRP.L,2024-06-12,102.54000091552734
Vanguard,VWRP.L,Vanguard FTSE All-World Accumulation UCITS ETF - VWRP.L,2024-06-13,102.27999877929688
Vanguard,VWRP.L,Vanguard FTSE All-World Accumulation UCITS ETF - VWRP.L,2024-06-14,102.66000366210938
Vanguard,VWRP.L,Vanguard FTSE All-World Accumulation UCITS ETF - VWRP.L,2024-06-15,102.66000366210938
Vanguard,VWRP.L,Vanguard FTSE All-World Accumulation UCITS ETF - VWRP.L,2024-06-16,102.66000366210938
Vanguard,VWRP.L,Vanguard FTSE All-World Accumulation UCITS ETF - VWRP.L,2024-06-17,102.87999725341797
Vanguard,VWRP.L,Vanguard FTSE All-World Accumulation UCITS ETF - VWRP.L,2024-06-18,103.51000213623047
Vanguard,VWRP.L,Vanguard FTSE All-World Accumulation UCITS ETF - VWRP.L,2024-06-19,103.55999755859375
Vanguard,VWRP.L,Vanguard FTSE All-World Accumulation UCITS ETF - VWRP.L,2024-06-20,103.95999908447266
Vanguard,VWRP.L,Vanguard FTSE All-World Accumulation UCITS ETF - VWRP.L,2024-06-21,103.80000305175781
Vanguard,VWRP.L,Vanguard FTSE All-World Accumulation UCITS ETF - VWRP.L,2024-06-22,103.80000305175781
Vanguard,VWRP.L,Vanguard FTSE All-World Accumulation UCITS ETF - VWRP.L,2024-06-23,103.80000305175781
Vanguard,VWRP.L,Vanguard FTSE All-World Accumulation UCITS ETF - VWRP.L,2024-06-24,103.87999725341797
Vanguard,VWRP.L,Vanguard FTSE All-World Accumulation UCITS ETF - VWRP.L,2024-06-25,103.63999938964844
Vanguard,VWRP.L,Vanguard FTSE All-World Accumulation UCITS ETF - VWRP.L,2024-06-26,103.87999725341797
Vanguard,VWRP.L,Vanguard FTSE All-World Accumulation UCITS ETF - VWRP.L,2024-06-27,103.91000366210938
Vanguard,VWRP.L,Vanguard FTSE All-World Accumulation UCITS ETF - VWRP.L,2024-06-28,104.44000244140625
Vanguard,VWRP.L,Vanguard FTSE All-World Accumulation UCITS ETF - VWRP.L,2024-06-29,104.44000244140625
Vanguard,VWRP.L,Vanguard FTSE All-World Accumulation UCITS ETF - VWRP.L,2024-06-30,104.44000244140625
Vanguard,VWRP.L,Vanguard FTSE All-World Accumulation UCITS ETF - VWRP.L,2024-07-01,103.95999908447266
Vanguard,VWRP.L,Vanguard FTSE All-World Accumulation UCITS ETF - VWRP.L,2024-07-02,103.87999725341797
Vanguard,VWRP.L,Vanguard FTSE All-World Accumulation UCITS ETF - VWRP.L,2024-07-03,104.20999908447266
Vanguard,VWRP.L,Vanguard FTSE All-World Accumulation UCITS ETF - VWRP.L,2024-07-04,104.58000183105469
Vanguard,VWRP.L,Vanguard FTSE All-World Accumulation UCITS ETF - VWRP.L,2024-07-05,104.36000061035156
Vanguard,VWRP.L,Vanguard FTSE All-World Accumulation UCITS ETF - VWRP.L,2024-07-06,104.36000061035156
Vanguard,VWRP.L,Vanguard FTSE All-World Accumulation UCITS ETF - VWRP.L,2024-07-07,104.36000061035156
Vanguard,VWRP.L,Vanguard FTSE All-World Accumulation UCITS ETF - VWRP.L,2024-07-08,104.45999908447266
Vanguard,VWRP.L,Vanguard FTSE All-World Accumulation UCITS ETF - VWRP.L,2024-07-09,104.63999938964844
Vanguard,VWRP.L,Vanguard FTSE All-World Accumulation UCITS ETF - VWRP.L,2024-07-10,104.86000061035156
Vanguard,VWRP.L,Vanguard FTSE All-World Accumulation UCITS ETF - VWRP.L,2024-07-11,104.54000091552734
Vanguard,VWRP.L,Vanguard FTSE All-World Accumulation UCITS ETF - VWRP.L,2024-07-12,104.80000305175781
Vanguard,VWRP.L,Vanguard FTSE All-World Accumulation UCITS ETF - VWRP.L,2024-07-13,104.80000305175781
Vanguard,VWRP.L,Vanguard FTSE All-World Accumulation UCITS ETF - VWRP.L,2024-07-14,104.80000305175781
Vanguard,VWRP.L,Vanguard FTSE All-World Accumulation UCITS ETF - VWRP.L,2024-07-15,104.81999969482422
Vanguard,VWRP.L,Vanguard FTSE All-World Accumulation UCITS ETF - VWRP.L,2024-07-16,104.98999786376953
Vanguard,VWRP.L,Vanguard FTSE All-World Accumulation UCITS ETF - VWRP.L,2024-07-17,103.87999725341797
Vanguard,VWRP.L,Vanguard FTSE All-World Accumulation UCITS ETF - VWRP.L,2024-07-18,103.36000061035156
Vanguard,VWRP.L,Vanguard FTSE All-World Accumulation UCITS ETF - VWRP.L,2024-07-19,102.94000244140625
Vanguard,VWRP.L,Vanguard FTSE All-World Accumulation UCITS ETF - VWRP.L,2024-07-20,102.94000244140625
Vanguard,VWRP.L,Vanguard FTSE All-World Accumulation UCITS ETF - VWRP.L,2024-07-21,102.94000244140625
Vanguard,VWRP.L,Vanguard FTSE All-World Accumulation UCITS ETF - VWRP.L,2024-07-22,103.4000015258789
Vanguard,VWRP.L,Vanguard FTSE All-World Accumulation UCITS ETF - VWRP.L,2024-07-23,103.95999908447266
Vanguard,VWRP.L,Vanguard FTSE All-World Accumulation UCITS ETF - VWRP.L,2024-07-24,102.16999816894531
Vanguard,VWRP.L,Vanguard FTSE All-World Accumulation UCITS ETF - VWRP.L,2024-07-25,102.04000091552734
Vanguard,VWRP.L,Vanguard FTSE All-World Accumulation UCITS ETF - VWRP.L,2024-07-26,102.45999908447266
Vanguard,VWRP.L,Vanguard FTSE All-World Accumulation UCITS ETF - VWRP.L,2024-07-27,102.45999908447266
Vanguard,VWRP.L,Vanguard FTSE All-World Accumulation UCITS ETF - VWRP.L,2024-07-28,102.45999908447266
Vanguard,VWRP.L,Vanguard FTSE All-World Accumulation UCITS ETF - VWRP.L,2024-07-29,102.33999633789062
Vanguard,VWRP.L,Vanguard FTSE All-World Accumulation UCITS ETF - VWRP.L,2024-07-30,102.43000030517578
Vanguard,VWRP.L,Vanguard FTSE All-World Accumulation UCITS ETF - VWRP.L,2024-07-31,104.12000274658203
Vanguard,VWRP.L,Vanguard FTSE All-World Accumulation UCITS ETF - VWRP.L,2024-08-01,103.30000305175781
Vanguard,VWRP.L,Vanguard FTSE All-World Accumulation UCITS ETF - VWRP.L,2024-08-02,100.19999694824219
Vanguard,VWRP.L,Vanguard FTSE All-World Accumulation UCITS ETF - VWRP.L,2024-08-03,100.19999694824219
Vanguard,VWRP.L,Vanguard FTSE All-World Accumulation UCITS ETF - VWRP.L,2024-08-04,100.19999694824219
Vanguard,VWRP.L,Vanguard FTSE All-World Accumulation UCITS ETF - VWRP.L,2024-08-05,98.62000274658203
Vanguard,VWRP.L,Vanguard FTSE All-World Accumulation UCITS ETF - VWRP.L,2024-08-06,99.36499786376953
Vanguard,VWRP.L,Vanguard FTSE All-World Accumulation UCITS ETF - VWRP.L,2024-08-07,100.87999725341797
Vanguard,VWRP.L,Vanguard FTSE All-World Accumulation UCITS ETF - VWRP.L,2024-08-08,100.79000091552734
Vanguard,VWRP.L,Vanguard FTSE All-World Accumulation UCITS ETF - VWRP.L,2024-08-09,100.9800033569336
Vanguard,VWRP.L,Vanguard FTSE All-World Accumulation UCITS ETF - VWRP.L,2024-08-10,100.9800033569336
Vanguard,VWRP.L,Vanguard FTSE All-World Accumulation UCITS ETF - VWRP.L,2024-08-11,100.9800033569336
Vanguard,VWRP.L,Vanguard FTSE All-World Accumulation UCITS ETF - VWRP.L,2024-08-12,101.13999938964844
Vanguard,VWRP.L,Vanguard FTSE All-World Accumulation UCITS ETF - VWRP.L,2024-08-13,101.91999816894531
Vanguard,VWRP.L,Vanguard FTSE All-World Accumulation UCITS ETF - VWRP.L,2024-08-14,102.54000091552734
Vanguard,VWRP.L,Vanguard FTSE All-World Accumulation UCITS ETF - VWRP.L,2024-08-15,103.81999969482422
Vanguard,VWRP.L,Vanguard FTSE All-World Accumulation UCITS ETF - VWRP.L,2024-08-16,103.7699966430664
Vanguard,VWRP.L,Vanguard FTSE All-World Accumulation UCITS ETF - VWRP.L,2024-08-17,103.7699966430664
Vanguard,VWRP.L,Vanguard FTSE All-World Accumulation UCITS ETF - VWRP.L,2024-08-18,103.7699966430664
Vanguard,VWRP.L,Vanguard FTSE All-World Accumulation UCITS ETF - VWRP.L,2024-08-19,104.12000274658203
Vanguard,VWRP.L,Vanguard FTSE All-World Accumulation UCITS ETF - VWRP.L,2024-08-20,103.72000122070312
Vanguard,VWRP.L,Vanguard FTSE All-World Accumulation UCITS ETF - VWRP.L,2024-08-21,103.86000061035156
Vanguard,VWRP.L,Vanguard FTSE All-World Accumulation UCITS ETF - VWRP.L,2024-08-22,103.52999877929688
Vanguard,VWRP.L,Vanguard FTSE All-World Accumulation UCITS ETF - VWRP.L,2024-08-23,103.3499984741211
Vanguard,VWRP.L,Vanguard FTSE All-World Accumulation UCITS ETF - VWRP.L,2024-08-24,103.3499984741211
Vanguard,VWRP.L,Vanguard FTSE All-World Accumulation UCITS ETF - VWRP.L,2024-08-25,103.3499984741211
Vanguard,VWRP.L,Vanguard FTSE All-World Accumulation UCITS ETF - VWRP.L,2024-08-26,103.3499984741211
Vanguard,VWRP.L,Vanguard FTSE All-World Accumulation UCITS ETF - VWRP.L,2024-08-27,102.94000244140625
Vanguard,VWRP.L,Vanguard FTSE All-World Accumulation UCITS ETF - VWRP.L,2024-08-28,102.86000061035156
Vanguard,VWRP.L,Vanguard FTSE All-World Accumulation UCITS ETF - VWRP.L,2024-08-29,103.80000305175781
Vanguard,VWRP.L,Vanguard FTSE All-World Accumulation UCITS ETF - VWRP.L,2024-08-30,103.55000305175781
Vanguard,VWRP.L,Vanguard FTSE All-World Accumulation UCITS ETF - VWRP.L,2024-08-31,103.55000305175781
Vanguard,VWRP.L,Vanguard FTSE All-World Accumulation UCITS ETF - VWRP.L,2024-09-01,103.55000305175781
Vanguard,VWRP.L,Vanguard FTSE All-World Accumulation UCITS ETF - VWRP.L,2024-09-02,104.12000274658203
Vanguard,VWRP.L,Vanguard FTSE All-World Accumulation UCITS ETF - VWRP.L,2024-09-03,103.16000366210938
Vanguard,VWRP.L,Vanguard FTSE All-World Accumulation UCITS ETF - VWRP.L,2024-09-04,102.05999755859375
Vanguard,VWRP.L,Vanguard FTSE All-World Accumulation UCITS ETF - VWRP.L,2024-09-05,101.45999908447266
Vanguard,VWRP.L,Vanguard FTSE All-World Accumulation UCITS ETF - VWRP.L,2024-09-06,100.23999786376953
Vanguard,VWRP.L,Vanguard FTSE All-World Accumulation UCITS ETF - VWRP.L,2024-09-07,100.23999786376953
Vanguard,VWRP.L,Vanguard FTSE All-World Accumulation UCITS ETF - VWRP.L,2024-09-08,100.23999786376953
Vanguard,VWRP.L,Vanguard FTSE All-World Accumulation UCITS ETF - VWRP.L,2024-09-09,101.45999908447266
Vanguard,VWRP.L,Vanguard FTSE All-World Accumulation UCITS ETF - VWRP.L,2024-09-10,101.54000091552734
Vanguard,VWRP.L,Vanguard FTSE All-World Accumulation UCITS ETF - VWRP.L,2024-09-11,101.23999786376953
Vanguard,VWRP.L,Vanguard FTSE All-World Accumulation UCITS ETF - VWRP.L,2024-09-12,102.81999969482422
Vanguard,VWRP.L,Vanguard FTSE All-World Accumulation UCITS ETF - VWRP.L,2024-09-13,103.45999908447266
Vanguard,VWRP.L,Vanguard FTSE All-World Accumulation UCITS ETF - VWRP.L,2024-09-14,103.45999908447266
Vanguard,VWRP.L,Vanguard FTSE All-World Accumulation UCITS ETF - VWRP.L,2024-09-15,103.45999908447266
Vanguard,VWRP.L,Vanguard FTSE All-World Accumulation UCITS ETF - VWRP.L,2024-09-16,102.87999725341797
Vanguard,VWRP.L,Vanguard FTSE All-World Accumulation UCITS ETF - VWRP.L,2024-09-17,103.80000305175781
Vanguard,VWRP.L,Vanguard FTSE All-World Accumulation UCITS ETF - VWRP.L,2024-09-18,102.95999908447266
Vanguard,VWRP.L,Vanguard FTSE All-World Accumulation UCITS ETF - VWRP.L,2024-09-19,104.0999984741211
Vanguard,VWRP.L,Vanguard FTSE All-World Accumulation UCITS ETF - VWRP.L,2024-09-20,103.41999816894531
Vanguard,VWRP.L,Vanguard FTSE All-World Accumulation UCITS ETF - VWRP.L,2024-09-21,103.41999816894531
Vanguard,VWRP.L,Vanguard FTSE All-World Accumulation UCITS ETF - VWRP.L,2024-09-22,103.41999816894531
Vanguard,VWRP.L,Vanguard FTSE All-World Accumulation UCITS ETF - VWRP.L,2024-09-23,103.5
Vanguard,VWRP.L,Vanguard FTSE All-World Accumulation UCITS ETF - VWRP.L,2024-09-24,103.70999908447266
Vanguard,VWRP.L,Vanguard FTSE All-World Accumulation UCITS ETF - VWRP.L,2024-09-25,104.0199966430664
Vanguard,VWRP.L,Vanguard FTSE All-World Accumulation UCITS ETF - VWRP.L,2024-09-26,104.31999969482422
Vanguard,VWRP.L,Vanguard FTSE All-World Accumulation UCITS ETF - VWRP.L,2024-09-27,104.69999694824219
Vanguard,VWRP.L,Vanguard FTSE All-World Accumulation UCITS ETF - VWRP.L,2024-09-28,104.69999694824219
Vanguard,VWRP.L,Vanguard FTSE All-World Accumulation UCITS ETF - VWRP.L,2024-09-29,104.69999694824219
Vanguard,VWRP.L,Vanguard FTSE All-World Accumulation UCITS ETF - VWRP.L,2024-09-30,104.12000274658203
Vanguard,VWRP.L,Vanguard FTSE All-World Accumulation UCITS ETF - VWRP.L,2024-10-01,104.45999908447266
Vanguard,VWRP.L,Vanguard FTSE All-World Accumulation UCITS ETF - VWRP.L,2024-10-02,104.97000122070312
Vanguard,VWRP.L,Vanguard FTSE All-World Accumulation UCITS ETF - VWRP.L,2024-10-03,105.63999938964844
Vanguard,VWRP.L,Vanguard FTSE All-World Accumulation UCITS ETF - VWRP.L,2024-10-04,105.91999816894531
Vanguard,VWRP.L,Vanguard FTSE All-World Accumulation UCITS ETF - VWRP.L,2024-10-05,105.91999816894531
Vanguard,VWRP.L,Vanguard FTSE All-World Accumulation UCITS ETF - VWRP.L,2024-10-06,105.91999816894531
Vanguard,VWRP.L,Vanguard FTSE All-World Accumulation UCITS ETF - VWRP.L,2024-10-07,106.52999877929688
Vanguard,VWRP.L,Vanguard FTSE All-World Accumulation UCITS ETF - VWRP.L,2024-10-08,106.16999816894531
Vanguard,VWRP.L,Vanguard FTSE All-World Accumulation UCITS ETF - VWRP.L,2024-10-09,106.62000274658203
Vanguard,VWRP.L,Vanguard FTSE All-World Accumulation UCITS ETF - VWRP.L,2024-10-10,106.91000366210938
Vanguard,VWRP.L,Vanguard FTSE All-World Accumulation UCITS ETF - VWRP.L,2024-10-11,107.37999725341797
Vanguard,VWRP.L,Vanguard FTSE All-World Accumulation UCITS ETF - VWRP.L,2024-10-12,107.37999725341797
Vanguard,VWRP.L,Vanguard FTSE All-World Accumulation UCITS ETF - VWRP.L,2024-10-13,107.37999725341797
Vanguard,VWRP.L,Vanguard FTSE All-World Accumulation UCITS ETF - VWRP.L,2024-10-14,107.94000244140625
Vanguard,VWRP.L,Vanguard FTSE All-World Accumulation UCITS ETF - VWRP.L,2024-10-15,107.12000274658203
Vanguard,VWRP.L,Vanguard FTSE All-World Accumulation UCITS ETF - VWRP.L,2024-10-16,107.63999938964844
Vanguard,VWRP.L,Vanguard FTSE All-World Accumulation UCITS ETF - VWRP.L,2024-10-17,108.04000091552734
Vanguard,VWRP.L,Vanguard FTSE All-World Accumulation UCITS ETF - VWRP.L,2024-10-18,107.9800033569336
Vanguard,VWRP.L,Vanguard FTSE All-World Accumulation UCITS ETF - VWRP.L,2024-10-19,107.9800033569336
Vanguard,VWRP.L,Vanguard FTSE All-World Accumulation UCITS ETF - VWRP.L,2024-10-20,107.9800033569336
Vanguard,VWRP.L,Vanguard FTSE All-World Accumulation UCITS ETF - VWRP.L,2024-10-21,107.5999984741211
Vanguard,VWRP.L,Vanguard FTSE All-World Accumulation UCITS ETF - VWRP.L,2024-10-22,107.69999694824219
Vanguard,VWRP.L,Vanguard FTSE All-World Accumulation UCITS ETF - VWRP.L,2024-10-23,107.30000305175781
Vanguard,VWRP.L,Vanguard FTSE All-World Accumulation UCITS ETF - VWRP.L,2024-10-24,107.16000366210938
Vanguard,VWRP.L,Vanguard FTSE All-World Accumulation UCITS ETF - VWRP.L,2024-10-25,107.5199966430664
Vanguard,VWRP.L,Vanguard FTSE All-World Accumulation UCITS ETF - VWRP.L,2024-10-26,107.5199966430664
Vanguard,VWRP.L,Vanguard FTSE All-World Accumulation UCITS ETF - VWRP.L,2024-10-27,107.5199966430664
Vanguard,VWRP.L,Vanguard FTSE All-World Accumulation UCITS ETF - VWRP.L,2024-10-28,107.4800033569336
Vanguard,VWRP.L,Vanguard FTSE All-World Accumulation UCITS ETF - VWRP.L,2024-10-29,107.26000213623047
Vanguard,VWRP.L,Vanguard FTSE All-World Accumulation UCITS ETF - VWRP.L,2024-10-30,107.12000274658203
Vanguard,VWRP.L,Vanguard FTSE All-World Accumulation UCITS ETF - VWRP.L,2024-10-31,106.4800033569336
Vanguard,VWRP.L,Vanguard FTSE All-World Accumulation UCITS ETF - VWRP.L,2024-11-01,106.5999984741211
Vanguard,VWRP.L,Vanguard FTSE All-World Accumulation UCITS ETF - VWRP.L,2024-11-02,106.5999984741211
Vanguard,VWRP.L,Vanguard FTSE All-World Accumulation UCITS ETF - VWRP.L,2024-11-03,106.5999984741211
Vanguard,VWRP.L,Vanguard FTSE All-World Accumulation UCITS ETF - VWRP.L,2024-11-04,106.16000366210938
Vanguard,VWRP.L,Vanguard FTSE All-World Accumulation UCITS ETF - VWRP.L,2024-11-05,106.54000091552734
Vanguard,VWRP.L,Vanguard FTSE All-World Accumulation UCITS ETF - VWRP.L,2024-11-06,108.63999938964844
Vanguard,VWRP.L,Vanguard FTSE All-World Accumulation UCITS ETF - VWRP.L,2024-11-07,109.22000122070312
Vanguard,VWRP.L,Vanguard FTSE All-World Accumulation UCITS ETF - VWRP.L,2024-11-08,109.5199966430664
Vanguard,VWRP.L,Vanguard FTSE All-World Accumulation UCITS ETF - VWRP.L,2024-11-09,109.5199966430664
Vanguard,VWRP.L,Vanguard FTSE All-World Accumulation UCITS ETF - VWRP.L,2024-11-10,109.5199966430664
Vanguard,VWRP.L,Vanguard FTSE All-World Accumulation UCITS ETF - VWRP.L,2024-11-11,110.26000213623047
Vanguard,VWRP.L,Vanguard FTSE All-World Accumulation UCITS ETF - VWRP.L,2024-11-12,110.33999633789062
Vanguard,VWRP.L,Vanguard FTSE All-World Accumulation UCITS ETF - VWRP.L,2024-11-13,110.55999755859375
Vanguard,VWRP.L,Vanguard FTSE All-World Accumulation UCITS ETF - VWRP.L,2024-11-14,110.5999984741211
Vanguard,VWRP.L,Vanguard FTSE All-World Accumulation UCITS ETF - VWRP.L,2024-11-15,109.69999694824219
Vanguard,VWRP.L,Vanguard FTSE All-World Accumulation UCITS ETF - VWRP.L,2024-11-16,109.69999694824219
Vanguard,VWRP.L,Vanguard FTSE All-World Accumulation UCITS ETF - VWRP.L,2024-11-17,109.69999694824219
Vanguard,VWRP.L,Vanguard FTSE All-World Accumulation UCITS ETF - VWRP.L,2024-11-18,110.19999694824219
Vanguard,VWRP.L,Vanguard FTSE All-World Accumulation UCITS ETF - VWRP.L,2024-11-19,110.0
Vanguard,VWRP.L,Vanguard FTSE All-World Accumulation UCITS ETF - VWRP.L,2024-11-20,109.66000366210938
Vanguard,VWRP.L,Vanguard FTSE All-World Accumulation UCITS ETF - VWRP.L,2024-11-21,111.0
Vanguard,VWRP.L,Vanguard FTSE All-World Accumulation UCITS ETF - VWRP.L,2024-11-22,112.0199966430664
Vanguard,VWRP.L,Vanguard FTSE All-World Accumulation UCITS ETF - VWRP.L,2024-11-23,112.0199966430664
Vanguard,VWRP.L,Vanguard FTSE All-World Accumulation UCITS ETF - VWRP.L,2024-11-24,112.0199966430664
Vanguard,VWRP.L,Vanguard FTSE All-World Accumulation UCITS ETF - VWRP.L,2024-11-25,112.27999877929688
Vanguard,VWRP.L,Vanguard FTSE All-World Accumulation UCITS ETF - VWRP.L,2024-11-26,112.33999633789062
Vanguard,VWRP.L,Vanguard FTSE All-World Accumulation UCITS ETF - VWRP.L,2024-11-27,111.27999877929688
Vanguard,VWRP.L,Vanguard FTSE All-World Accumulation UCITS ETF - VWRP.L,2024-11-28,111.5199966430664
Vanguard,VWRP.L,Vanguard FTSE All-World Accumulation UCITS ETF - VWRP.L,2024-11-29,111.7699966430664
Vanguard,VWRP.L,Vanguard FTSE All-World Accumulation UCITS ETF - VWRP.L,2024-11-30,111.7699966430664
Vanguard,VWRP.L,Vanguard FTSE All-World Accumulation UCITS ETF - VWRP.L,2024-12-01,111.7699966430664
Vanguard,VWRP.L,Vanguard FTSE All-World Accumulation UCITS ETF - VWRP.L,2024-12-02,112.5999984741211
Vanguard,VWRP.L,Vanguard FTSE All-World Accumulation UCITS ETF - VWRP.L,2024-12-03,112.62000274658203
Vanguard,VWRP.L,Vanguard FTSE All-World Accumulation UCITS ETF - VWRP.L,2024-12-04,112.69999694824219
Vanguard,VWRP.L,Vanguard FTSE All-World Accumulation UCITS ETF - VWRP.L,2024-12-05,112.68000030517578
Vanguard,VWRP.L,Vanguard FTSE All-World Accumulation UCITS ETF - VWRP.L,2024-12-06,112.76000213623047
Vanguard,VWRP.L,Vanguard FTSE All-World Accumulation UCITS ETF - VWRP.L,2024-12-07,112.76000213623047
Vanguard,VWRP.L,Vanguard FTSE All-World Accumulation UCITS ETF - VWRP.L,2024-12-08,112.76000213623047
Vanguard,VWRP.L,Vanguard FTSE All-World Accumulation UCITS ETF - VWRP.L,2024-12-09,112.4800033569336
Vanguard,VWRP.L,Vanguard FTSE All-World Accumulation UCITS ETF - VWRP.L,2024-12-10,112.05999755859375
Vanguard,VWRP.L,Vanguard FTSE All-World Accumulation UCITS ETF - VWRP.L,2024-12-11,112.54000091552734
Vanguard,VWRP.L,Vanguard FTSE All-World Accumulation UCITS ETF - VWRP.L,2024-12-12,112.73999786376953
Vanguard,VWRP.L,Vanguard FTSE All-World Accumulation UCITS ETF - VWRP.L,2024-12-13,112.9000015258789
Vanguard,VWRP.L,Vanguard FTSE All-World Accumulation UCITS ETF - VWRP.L,2024-12-14,112.9000015258789
Vanguard,VWRP.L,Vanguard FTSE All-World Accumulation UCITS ETF - VWRP.L,2024-12-15,112.9000015258789
Vanguard,VWRP.L,Vanguard FTSE All-World Accumulation UCITS ETF - VWRP.L,2024-12-16,112.4800033569336
Vanguard,VWRP.L,Vanguard FTSE All-World Accumulation UCITS ETF - VWRP.L,2024-12-17,111.94000244140625
Vanguard,VWRP.L,Vanguard FTSE All-World Accumulation UCITS ETF - VWRP.L,2024-12-18,112.08000183105469
Vanguard,VWRP.L,Vanguard FTSE All-World Accumulation UCITS ETF - VWRP.L,2024-12-19,110.66000366210938
Vanguard,VWRP.L,Vanguard FTSE All-World Accumulation UCITS ETF - VWRP.L,2024-12-20,110.91000366210938
Vanguard,VWRP.L,Vanguard FTSE All-World Accumulation UCITS ETF - VWRP.L,2024-12-21,110.91000366210938
Vanguard,VWRP.L,Vanguard FTSE All-World Accumulation UCITS ETF - VWRP.L,2024-12-22,110.91000366210938
Vanguard,VWRP.L,Vanguard FTSE All-World Accumulation UCITS ETF - VWRP.L,2024-12-23,111.13999938964844
Vanguard,VWRP.L,Vanguard FTSE All-World Accumulation UCITS ETF - VWRP.L,2024-12-24,111.5999984741211
Vanguard,VWRP.L,Vanguard FTSE All-World Accumulation UCITS ETF - VWRP.L,2024-12-25,111.5999984741211
Vanguard,VWRP.L,Vanguard FTSE All-World Accumulation UCITS ETF - VWRP.L,2024-12-26,111.5999984741211
Vanguard,VWRP.L,Vanguard FTSE All-World Accumulation UCITS ETF - VWRP.L,2024-12-27,111.23999786376953
Vanguard,VWRP.L,Vanguard FTSE All-World Accumulation UCITS ETF - VWRP.L,2024-12-28,111.23999786376953
Vanguard,VWRP.L,Vanguard FTSE All-World Accumulation UCITS ETF - VWRP.L,2024-12-29,111.23999786376953
Vanguard,VWRP.L,Vanguard FTSE All-World Accumulation UCITS ETF - VWRP.L,2024-12-30,110.80000305175781
Vanguard,VWRP.L,Vanguard FTSE All-World Accumulation UCITS ETF - VWRP.L,2024-12-31,111.16000366210938
Vanguard,VWRP.L,Vanguard FTSE All-World Accumulation UCITS ETF - VWRP.L,2025-01-01,111.16000366210938
Vanguard,VWRP.L,Vanguard FTSE All-World Accumulation UCITS ETF - VWRP.L,2025-01-02,112.1500015258789
Vanguard,VWRP.L,Vanguard FTSE All-World Accumulation UCITS ETF - VWRP.L,2025-01-03,112.08999633789062
Vanguard,VWRP.L,Vanguard FTSE All-World Accumulation UCITS ETF - VWRP.L,2025-01-04,112.08999633789062
Vanguard,VWRP.L,Vanguard FTSE All-World Accumulation UCITS ETF - VWRP.L,2025-01-05,112.08999633789062
Vanguard,VWRP.L,Vanguard FTSE All-World Accumulation UCITS ETF - VWRP.L,2025-01-06,112.8499984741211
Vanguard,VWRP.L,Vanguard FTSE All-World Accumulation UCITS ETF - VWRP.L,2025-01-07,112.19000244140625
Vanguard,VWRP.L,Vanguard FTSE All-World Accumulation UCITS ETF - VWRP.L,2025-01-08,112.5999984741211
Vanguard,VWRP.L,Vanguard FTSE All-World Accumulation UCITS ETF - VWRP.L,2025-01-09,113.0199966430664
Vanguard,VWRP.L,Vanguard FTSE All-World Accumulation UCITS ETF - VWRP.L,2025-01-10,112.22000122070312
Vanguard,VWRP.L,Vanguard FTSE All-World Accumulation UCITS ETF - VWRP.L,2025-01-11,112.22000122070312
Vanguard,VWRP.L,Vanguard FTSE All-World Accumulation UCITS ETF - VWRP.L,2025-01-12,112.22000122070312
Vanguard,VWRP.L,Vanguard FTSE All-World Accumulation UCITS ETF - VWRP.L,2025-01-13,112.01000213623047
Vanguard,VWRP.L,Vanguard FTSE All-World Accumulation UCITS ETF - VWRP.L,2025-01-14,112.47000122070312
Vanguard,VWRP.L,Vanguard FTSE All-World Accumulation UCITS ETF - VWRP.L,2025-01-15,113.87999725341797
Vanguard,VWRP.L,Vanguard FTSE All-World Accumulation UCITS ETF - VWRP.L,2025-01-16,114.36000061035156
Vanguard,VWRP.L,Vanguard FTSE All-World Accumulation UCITS ETF - VWRP.L,2025-01-17,115.77999877929688
Vanguard,VWRP.L,Vanguard FTSE All-World Accumulation UCITS ETF - VWRP.L,2025-01-18,115.77999877929688
Vanguard,VWRP.L,Vanguard FTSE All-World Accumulation UCITS ETF - VWRP.L,2025-01-19,115.77999877929688
Vanguard,VWRP.L,Vanguard FTSE All-World Accumulation UCITS ETF - VWRP.L,2025-01-20,115.4000015258789
Vanguard,VWRP.L,Vanguard FTSE All-World Accumulation UCITS ETF - VWRP.L,2025-01-21,115.36000061035156
Vanguard,VWRP.L,Vanguard FTSE All-World Accumulation UCITS ETF - VWRP.L,2025-01-22,116.19999694824219
Vanguard,VWRP.L,Vanguard FTSE All-World Accumulation UCITS ETF - VWRP.L,2025-01-23,116.12999725341797
Vanguard,VWRP.L,Vanguard FTSE All-World Accumulation UCITS ETF - VWRP.L,2025-01-24,115.4000015258789
Vanguard,VWRP.L,Vanguard FTSE All-World Accumulation UCITS ETF - VWRP.L,2025-01-25,115.4000015258789
Vanguard,VWRP.L,Vanguard FTSE All-World Accumulation UCITS ETF - VWRP.L,2025-01-26,115.4000015258789
Vanguard,VWRP.L,Vanguard FTSE All-World Accumulation UCITS ETF - VWRP.L,2025-01-27,113.5199966430664
Vanguard,VWRP.L,Vanguard FTSE All-World Accumulation UCITS ETF - VWRP.L,2025-01-28,114.5199966430664
Vanguard,VWRP.L,Vanguard FTSE All-World Accumulation UCITS ETF - VWRP.L,2025-01-29,114.86000061035156
Vanguard,VWRP.L,Vanguard FTSE All-World Accumulation UCITS ETF - VWRP.L,2025-01-30,115.12000274658203
Vanguard,VWRP.L,Vanguard FTSE All-World Accumulation UCITS ETF - VWRP.L,2025-01-31,116.16000366210938
Vanguard,VWRP.L,Vanguard FTSE All-World Accumulation UCITS ETF - VWRP.L,2025-02-01,116.16000366210938
Vanguard,VWRP.L,Vanguard FTSE All-World Accumulation UCITS ETF - VWRP.L,2025-02-02,116.16000366210938
Vanguard,VWRP.L,Vanguard FTSE All-World Accumulation UCITS ETF - VWRP.L,2025-02-03,114.33999633789062
Vanguard,VWRP.L,Vanguard FTSE All-World Accumulation UCITS ETF - VWRP.L,2025-02-04,114.5999984741211
Vanguard,VWRP.L,Vanguard FTSE All-World Accumulation UCITS ETF - VWRP.L,2025-02-05,114.30999755859375
Vanguard,VWRP.L,Vanguard FTSE All-World Accumulation UCITS ETF - VWRP.L,2025-02-06,115.80999755859375
Vanguard,VWRP.L,Vanguard FTSE All-World Accumulation UCITS ETF - VWRP.L,2025-02-07,115.5999984741211
Vanguard,VWRP.L,Vanguard FTSE All-World Accumulation UCITS ETF - VWRP.L,2025-02-08,115.5999984741211
Vanguard,VWRP.L,Vanguard FTSE All-World Accumulation UCITS ETF - VWRP.L,2025-02-09,115.5999984741211
Vanguard,VWRP.L,Vanguard FTSE All-World Accumulation UCITS ETF - VWRP.L,2025-02-10,116.16000366210938
Vanguard,VWRP.L,Vanguard FTSE All-World Accumulation UCITS ETF - VWRP.L,2025-02-11,115.91999816894531
Vanguard,VWRP.L,Vanguard FTSE All-World Accumulation UCITS ETF - VWRP.L,2025-02-12,115.41000366210938
Vanguard,VWRP.L,Vanguard FTSE All-World Accumulation UCITS ETF - VWRP.L,2025-02-13,115.63999938964844
Vanguard,VWRP.L,Vanguard FTSE All-World Accumulation UCITS ETF - VWRP.L,2025-02-14,115.4800033569336
Vanguard,VWRP.L,Vanguard FTSE All-World Accumulation UCITS ETF - VWRP.L,2025-02-15,115.4800033569336
Vanguard,VWRP.L,Vanguard FTSE All-World Accumulation UCITS ETF - VWRP.L,2025-02-16,115.4800033569336
Vanguard,VWRP.L,Vanguard FTSE All-World Accumulation UCITS ETF - VWRP.L,2025-02-17,115.83999633789062
Vanguard,VWRP.L,Vanguard FTSE All-World Accumulation UCITS ETF - VWRP.L,2025-02-18,115.73999786376953
Vanguard,VWRP.L,Vanguard FTSE All-World Accumulation UCITS ETF - VWRP.L,2025-02-19,115.87999725341797
Vanguard,VWRP.L,Vanguard FTSE All-World Accumulation UCITS ETF - VWRP.L,2025-02-20,114.9800033569336
Vanguard,VWRP.L,Vanguard FTSE All-World Accumulation UCITS ETF - VWRP.L,2025-02-21,114.93000030517578
Vanguard,VWRP.L,Vanguard FTSE All-World Accumulation UCITS ETF - VWRP.L,2025-02-22,114.93000030517578
Vanguard,VWRP.L,Vanguard FTSE All-World Accumulation UCITS ETF - VWRP.L,2025-02-23,114.93000030517578
Vanguard,VWRP.L,Vanguard FTSE All-World Accumulation UCITS ETF - VWRP.L,2025-02-24,113.83999633789062
Vanguard,VWRP.L,Vanguard FTSE All-World Accumulation UCITS ETF - VWRP.L,2025-02-25,112.41999816894531
Vanguard,VWRP.L,Vanguard FTSE All-World Accumulation UCITS ETF - VWRP.L,2025-02-26,113.5999984741211
Vanguard,VWRP.L,Vanguard FTSE All-World Accumulation UCITS ETF - VWRP.L,2025-02-27,113.19000244140625
Vanguard,VWRP.L,Vanguard FTSE All-World Accumulation UCITS ETF - VWRP.L,2025-02-28,112.05000305175781
Vanguard,VWRP.L,Vanguard FTSE All-World Accumulation UCITS ETF - VWRP.L,2025-03-01,112.05000305175781
Vanguard,VWRP.L,Vanguard FTSE All-World Accumulation UCITS ETF - VWRP.L,2025-03-02,112.05000305175781
Vanguard,VWRP.L,Vanguard FTSE All-World Accumulation UCITS ETF - VWRP.L,2025-03-03,112.36000061035156
Vanguard,VWRP.L,Vanguard FTSE All-World Accumulation UCITS ETF - VWRP.L,2025-03-04,109.19999694824219
Vanguard,VWRP.L,Vanguard FTSE All-World Accumulation UCITS ETF - VWRP.L,2025-03-05,109.1500015258789
Vanguard,VWRP.L,Vanguard FTSE All-World Accumulation UCITS ETF - VWRP.L,2025-03-06,109.63999938964844
Vanguard,VWRP.L,Vanguard FTSE All-World Accumulation UCITS ETF - VWRP.L,2025-03-07,107.81999969482422
Vanguard,VWRP.L,Vanguard FTSE All-World Accumulation UCITS ETF - VWRP.L,2025-03-08,107.81999969482422
Vanguard,VWRP.L,Vanguard FTSE All-World Accumulation UCITS ETF - VWRP.L,2025-03-09,107.81999969482422
Vanguard,VWRP.L,Vanguard FTSE All-World Accumulation UCITS ETF - VWRP.L,2025-03-10,106.98999786376953
Vanguard,VWRP.L,Vanguard FTSE All-World Accumulation UCITS ETF - VWRP.L,2025-03-11,105.43000030517578
Vanguard,VWRP.L,Vanguard FTSE All-World Accumulation UCITS ETF - VWRP.L,2025-03-12,106.23999786376953
Vanguard,VWRP.L,Vanguard FTSE All-World Accumulation UCITS ETF - VWRP.L,2025-03-13,105.41999816894531
Vanguard,VWRP.L,Vanguard FTSE All-World Accumulation UCITS ETF - VWRP.L,2025-03-14,106.95999908447266
Vanguard,VWRP.L,Vanguard FTSE All-World Accumulation UCITS ETF - VWRP.L,2025-03-15,106.95999908447266
Vanguard,VWRP.L,Vanguard FTSE All-World Accumulation UCITS ETF - VWRP.L,2025-03-16,106.95999908447266
Vanguard,VWRP.L,Vanguard FTSE All-World Accumulation UCITS ETF - VWRP.L,2025-03-17,107.3499984741211
Vanguard,VWRP.L,Vanguard FTSE All-World Accumulation UCITS ETF - VWRP.L,2025-03-18,107.05000305175781
Vanguard,VWRP.L,Vanguard FTSE All-World Accumulation UCITS ETF - VWRP.L,2025-03-19,107.73999786376953
Vanguard,VWRP.L,Vanguard FTSE All-World Accumulation UCITS ETF - VWRP.L,2025-03-20,107.63999938964844
Vanguard,VWRP.L,Vanguard FTSE All-World Accumulation UCITS ETF - VWRP.L,2025-03-21,107.63999938964844
Vanguard,VWRP.L,Vanguard FTSE All-World Accumulation UCITS ETF - VWRP.L,2025-03-22,107.63999938964844
Vanguard,VWRP.L,Vanguard FTSE All-World Accumulation UCITS ETF - VWRP.L,2025-03-23,107.63999938964844
Vanguard,VWRP.L,Vanguard FTSE All-World Accumulation UCITS ETF - VWRP.L,2025-03-24,109.05999755859375
Vanguard,VWRP.L,Vanguard FTSE All-World Accumulation UCITS ETF - VWRP.L,2025-03-25,108.98999786376953
Vanguard,VWRP.L,Vanguard FTSE All-World Accumulation UCITS ETF - VWRP.L,2025-03-26,108.73999786376953
Vanguard,VWRP.L,Vanguard FTSE All-World Accumulation UCITS ETF - VWRP.L,2025-03-27,107.94000244140625
Vanguard,VWRP.L,Vanguard FTSE All-World Accumulation UCITS ETF - VWRP.L,2025-03-28,106.18000030517578
Vanguard,VWRP.L,Vanguard FTSE All-World Accumulation UCITS ETF - VWRP.L,2025-03-29,106.18000030517578
Vanguard,VWRP.L,Vanguard FTSE All-World Accumulation UCITS ETF - VWRP.L,2025-03-30,106.18000030517578
Vanguard,VWRP.L,Vanguard FTSE All-World Accumulation UCITS ETF - VWRP.L,2025-03-31,105.41999816894531
Vanguard,VWRP.L,Vanguard FTSE All-World Accumulation UCITS ETF - VWRP.L,2025-04-01,106.62000274658203
Vanguard,VWRP.L,Vanguard FTSE All-World Accumulation UCITS ETF - VWRP.L,2025-04-02,106.55999755859375
Vanguard,VWRP.L,Vanguard FTSE All-World Accumulation UCITS ETF - VWRP.L,2025-04-03,102.33999633789062
Vanguard,VWRP.L,Vanguard FTSE All-World Accumulation UCITS ETF - VWRP.L,2025-04-04,98.38999938964844
Vanguard,VWRP.L,Vanguard FTSE All-World Accumulation UCITS ETF - VWRP.L,2025-04-05,98.38999938964844
Vanguard,VWRP.L,Vanguard FTSE All-World Accumulation UCITS ETF - VWRP.L,2025-04-06,98.38999938964844
Vanguard,VWRP.L,Vanguard FTSE All-World Accumulation UCITS ETF - VWRP.L,2025-04-07,96.22000122070312
Vanguard,VWRP.L,Vanguard FTSE All-World Accumulation UCITS ETF - VWRP.L,2025-04-08,99.05000305175781
Vanguard,VWRP.L,Vanguard FTSE All-World Accumulation UCITS ETF - VWRP.L,2025-04-09,95.69999694824219
Vanguard,VWRP.L,Vanguard FTSE All-World Accumulation UCITS ETF - VWRP.L,2025-04-10,99.16999816894531
Vanguard,VWRP.L,Vanguard FTSE All-World Accumulation UCITS ETF - VWRP.L,2025-04-11,98.8949966430664
Vanguard,VWRP.L,Vanguard FTSE All-World Accumulation UCITS ETF - VWRP.L,2025-04-12,98.8949966430664
Vanguard,VWRP.L,Vanguard FTSE All-World Accumulation UCITS ETF - VWRP.L,2025-04-13,98.8949966430664
Vanguard,VWRP.L,Vanguard FTSE All-World Accumulation UCITS ETF - VWRP.L,2025-04-14,101.0199966430664
Vanguard,VWRP.L,Vanguard FTSE All-World Accumulation UCITS ETF - VWRP.L,2025-04-15,100.9800033569336
Vanguard,VWRP.L,Vanguard FTSE All-World Accumulation UCITS ETF - VWRP.L,2025-04-16,100.44000244140625
Vanguard,VWRP.L,Vanguard FTSE All-World Accumulation UCITS ETF - VWRP.L,2025-04-17,99.31500244140625
Vanguard,VWRP.L,Vanguard FTSE All-World Accumulation UCITS ETF - VWRP.L,2025-04-18,99.31500244140625
Vanguard,VWRP.L,Vanguard FTSE All-World Accumulation UCITS ETF - VWRP.L,2025-04-19,99.31500244140625
Vanguard,VWRP.L,Vanguard FTSE All-World Accumulation UCITS ETF - VWRP.L,2025-04-20,99.31500244140625
Vanguard,VWRP.L,Vanguard FTSE All-World Accumulation UCITS ETF - VWRP.L,2025-04-21,99.31500244140625
Vanguard,VWRP.L,Vanguard FTSE All-World Accumulation UCITS ETF - VWRP.L,2025-04-22,98.81999969482422
Vanguard,VWRP.L,Vanguard FTSE All-World Accumulation UCITS ETF - VWRP.L,2025-04-23,101.44000244140625
Vanguard,VWRP.L,Vanguard FTSE All-World Accumulation UCITS ETF - VWRP.L,2025-04-24,101.9000015258789
Vanguard,VWRP.L,Vanguard FTSE All-World Accumulation UCITS ETF - VWRP.L,2025-04-25,102.33999633789062
Vanguard,VWRP.L,Vanguard FTSE All-World Accumulation UCITS ETF - VWRP.L,2025-04-26,102.33999633789062
Vanguard,VWRP.L,Vanguard FTSE All-World Accumulation UCITS ETF - VWRP.L,2025-04-27,102.33999633789062
Vanguard,VWRP.L,Vanguard FTSE All-World Accumulation UCITS ETF - VWRP.L,2025-04-28,102.04000091552734
Vanguard,VWRP.L,Vanguard FTSE All-World Accumulation UCITS ETF - VWRP.L,2025-04-29,102.63999938964844
Vanguard,VWRP.L,Vanguard FTSE All-World Accumulation UCITS ETF - VWRP.L,2025-04-30,102.8499984741211
Vanguard,VWRP.L,Vanguard FTSE All-World Accumulation UCITS ETF - VWRP.L,2025-05-01,104.91999816894531
Vanguard,VWRP.L,Vanguard FTSE All-World Accumulation UCITS ETF - VWRP.L,2025-05-02,105.7699966430664
Vanguard,VWRP.L,Vanguard FTSE All-World Accumulation UCITS ETF - VWRP.L,2025-05-03,105.7699966430664
Vanguard,VWRP.L,Vanguard FTSE All-World Accumulation UCITS ETF - VWRP.L,2025-05-04,105.7699966430664
Vanguard,VWRP.L,Vanguard FTSE All-World Accumulation UCITS ETF - VWRP.L,2025-05-05,105.7699966430664
Vanguard,VWRP.L,Vanguard FTSE All-World Accumulation UCITS ETF - VWRP.L,2025-05-06,104.9800033569336
Vanguard,VWRP.L,Vanguard FTSE All-World Accumulation UCITS ETF - VWRP.L,2025-05-07,104.69999694824219
Vanguard,VWRP.L,Vanguard FTSE All-World Accumulation UCITS ETF - VWRP.L,2025-05-08,105.87999725341797
Vanguard,VWRP.L,Vanguard FTSE All-World Accumulation UCITS ETF - VWRP.L,2025-05-09,105.83999633789062
Vanguard,VWRP.L,Vanguard FTSE All-World Accumulation UCITS ETF - VWRP.L,2025-05-10,105.83999633789062
Vanguard,VWRP.L,Vanguard FTSE All-World Accumulation UCITS ETF - VWRP.L,2025-05-11,105.83999633789062
Vanguard,VWRP.L,Vanguard FTSE All-World Accumulation UCITS ETF - VWRP.L,2025-05-12,108.4800033569336
Vanguard,VWRP.L,Vanguard FTSE All-World Accumulation UCITS ETF - VWRP.L,2025-05-13,109.16000366210938
Vanguard,VWRP.L,Vanguard FTSE All-World Accumulation UCITS ETF - VWRP.L,2025-05-14,109.01000213623047
Vanguard,VWRP.L,Vanguard FTSE All-World Accumulation UCITS ETF - VWRP.L,2025-05-15,109.2699966430664
Vanguard,VWRP.L,Vanguard FTSE All-World Accumulation UCITS ETF - VWRP.L,2025-05-16,109.8499984741211
Vanguard,VWRP.L,Vanguard FTSE All-World Accumulation UCITS ETF - VWRP.L,2025-05-17,109.8499984741211
Vanguard,VWRP.L,Vanguard FTSE All-World Accumulation UCITS ETF - VWRP.L,2025-05-18,109.8499984741211
Vanguard,VWRP.L,Vanguard FTSE All-World Accumulation UCITS ETF - VWRP.L,2025-05-19,109.41000366210938
Vanguard,VWRP.L,Vanguard FTSE All-World Accumulation UCITS ETF - VWRP.L,2025-05-20,109.66000366210938
Vanguard,VWRP.L,Vanguard FTSE All-World Accumulation UCITS ETF - VWRP.L,2025-05-21,109.11000061035156
Vanguard,VWRP.L,Vanguard FTSE All-World Accumulation UCITS ETF - VWRP.L,2025-05-22,107.79000091552734
Vanguard,VWRP.L,Vanguard FTSE All-World Accumulation UCITS ETF - VWRP.L,2025-05-23,106.77999877929688
Vanguard,VWRP.L,Vanguard FTSE All-World Accumulation UCITS ETF - VWRP.L,2025-05-24,106.77999877929688
Vanguard,VWRP.L,Vanguard FTSE All-World Accumulation UCITS ETF - VWRP.L,2025-05-25,106.77999877929688
Vanguard,VWRP.L,Vanguard FTSE All-World Accumulation UCITS ETF - VWRP.L,2025-05-26,106.77999877929688
Vanguard,VWRP.L,Vanguard FTSE All-World Accumulation UCITS ETF - VWRP.L,2025-05-27,108.25
Vanguard,VWRP.L,Vanguard FTSE All-World Accumulation UCITS ETF - VWRP.L,2025-05-28,108.3499984741211
Vanguard,VWRP.L,Vanguard FTSE All-World Accumulation UCITS ETF - VWRP.L,2025-05-29,108.5199966430664
Vanguard,VWRP.L,Vanguard FTSE All-World Accumulation UCITS ETF - VWRP.L,2025-05-30,108.18000030517578
Vanguard,VWRP.L,Vanguard FTSE All-World Accumulation UCITS ETF - VWRP.L,2025-05-31,108.18000030517578
Vanguard,VWRP.L,Vanguard FTSE All-World Accumulation UCITS ETF - VWRP.L,2025-06-01,108.18000030517578
Vanguard,VWRP.L,Vanguard FTSE All-World Accumulation UCITS ETF - VWRP.L,2025-06-02,107.9000015258789
Vanguard,VWRP.L,Vanguard FTSE All-World Accumulation UCITS ETF - VWRP.L,2025-06-03,108.86000061035156
Vanguard,VWRP.L,Vanguard FTSE All-World Accumulation UCITS ETF - VWRP.L,2025-06-04,109.12000274658203
Vanguard,VWRP.L,Vanguard FTSE All-World Accumulation UCITS ETF - VWRP.L,2025-06-05,109.22000122070312
Vanguard,VWRP.L,Vanguard FTSE All-World Accumulation UCITS ETF - VWRP.L,2025-06-06,109.62000274658203
Vanguard,VWRP.L,Vanguard FTSE All-World Accumulation UCITS ETF - VWRP.L,2025-06-07,109.62000274658203
Vanguard,VWRP.L,Vanguard FTSE All-World Accumulation UCITS ETF - VWRP.L,2025-06-08,109.62000274658203
Vanguard,VWRP.L,Vanguard FTSE All-World Accumulation UCITS ETF - VWRP.L,2025-06-09,109.66000366210938
Vanguard,VWRP.L,Vanguard FTSE All-World Accumulation UCITS ETF - VWRP.L,2025-06-10,110.13999938964844
Vanguard,VWRP.L,Vanguard FTSE All-World Accumulation UCITS ETF - VWRP.L,2025-06-11,110.54000091552734
Vanguard,VWRP.L,Vanguard FTSE All-World Accumulation UCITS ETF - VWRP.L,2025-06-12,110.08000183105469
Vanguard,VWRP.L,Vanguard FTSE All-World Accumulation UCITS ETF - VWRP.L,2025-06-13,109.41000366210938
Vanguard,VWRP.L,Vanguard FTSE All-World Accumulation UCITS ETF - VWRP.L,2025-06-14,109.41000366210938
Vanguard,VWRP.L,Vanguard FTSE All-World Accumulation UCITS ETF - VWRP.L,2025-06-15,109.41000366210938
Vanguard,VWRP.L,Vanguard FTSE All-World Accumulation UCITS ETF - VWRP.L,2025-06-16,110.12000274658203
Vanguard,VWRP.L,Vanguard FTSE All-World Accumulation UCITS ETF - VWRP.L,2025-06-17,110.0
Vanguard,VWRP.L,Vanguard FTSE All-World Accumulation UCITS ETF - VWRP.L,2025-06-18,110.12999725341797
Vanguard,VWRP.L,Vanguard FTSE All-World Accumulation UCITS ETF - VWRP.L,2025-06-19,109.0
Vanguard,VWRP.L,Vanguard FTSE All-World Accumulation UCITS ETF - VWRP.L,2025-06-20,109.38999938964844
Vanguard,VWRP.L,Vanguard FTSE All-World Accumulation UCITS ETF - VWRP.L,2025-06-21,109.38999938964844
Vanguard,VWRP.L,Vanguard FTSE All-World Accumulation UCITS ETF - VWRP.L,2025-06-22,109.38999938964844
Vanguard,VWRP.L,Vanguard FTSE All-World Accumulation UCITS ETF - VWRP.L,2025-06-23,109.2699966430664
Vanguard,VWRP.L,Vanguard FTSE All-World Accumulation UCITS ETF - VWRP.L,2025-06-24,110.13999938964844
Vanguard,VWRP.L,Vanguard FTSE All-World Accumulation UCITS ETF - VWRP.L,2025-06-25,110.18000030517578
Vanguard,VWRP.L,Vanguard FTSE All-World Accumulation UCITS ETF - VWRP.L,2025-06-26,110.04000091552734
Vanguard,VWRP.L,Vanguard FTSE All-World Accumulation UCITS ETF - VWRP.L,2025-06-27,111.0999984741211
Vanguard,VWRP.L,Vanguard FTSE All-World Accumulation UCITS ETF - VWRP.L,2025-06-28,111.0999984741211
Vanguard,VWRP.L,Vanguard FTSE All-World Accumulation UCITS ETF - VWRP.L,2025-06-29,111.0999984741211
Vanguard,VWRP.L,Vanguard FTSE All-World Accumulation UCITS ETF - VWRP.L,2025-06-30,111.25
Vanguard,VWRP.L,Vanguard FTSE All-World Accumulation UCITS ETF - VWRP.L,2025-07-01,111.26000213623047
Vanguard,VWRP.L,Vanguard FTSE All-World Accumulation UCITS ETF - VWRP.L,2025-07-02,112.44000244140625
Vanguard,VWRP.L,Vanguard FTSE All-World Accumulation UCITS ETF - VWRP.L,2025-07-03,112.9800033569336
Vanguard,VWRP.L,Vanguard FTSE All-World Accumulation UCITS ETF - VWRP.L,2025-07-04,112.5
Vanguard,VWRP.L,Vanguard FTSE All-World Accumulation UCITS ETF - VWRP.L,2025-07-05,112.5
Vanguard,VWRP.L,Vanguard FTSE All-World Accumulation UCITS ETF - VWRP.L,2025-07-06,112.5
Vanguard,VWRP.L,Vanguard FTSE All-World Accumulation UCITS ETF - VWRP.L,2025-07-07,112.44000244140625
Vanguard,VWRP.L,Vanguard FTSE All-World Accumulation UCITS ETF - VWRP.L,2025-07-08,112.7300033569336
Vanguard,VWRP.L,Vanguard FTSE All-World Accumulation UCITS ETF - VWRP.L,2025-07-09,112.95999908447266
Vanguard,VWRP.L,Vanguard FTSE All-World Accumulation UCITS ETF - VWRP.L,2025-07-10,113.63999938964844
Vanguard,VWRP.L,Vanguard FTSE All-World Accumulation UCITS ETF - VWRP.L,2025-07-11,113.66000366210938
Vanguard,VWRP.L,Vanguard FTSE All-World Accumulation UCITS ETF - VWRP.L,2025-07-12,113.66000366210938
Vanguard,VWRP.L,Vanguard FTSE All-World Accumulation UCITS ETF - VWRP.L,2025-07-13,113.66000366210938
Vanguard,VWRP.L,Vanguard FTSE All-World Accumulation UCITS ETF - VWRP.L,2025-07-14,114.22000122070312
Vanguard,VWRP.L,Vanguard FTSE All-World Accumulation UCITS ETF - VWRP.L,2025-07-15,114.63999938964844
Vanguard,VWRP.L,Vanguard FTSE All-World Accumulation UCITS ETF - VWRP.L,2025-07-16,113.4000015258789
Vanguard,VWRP.L,Vanguard FTSE All-World Accumulation UCITS ETF - VWRP.L,2025-07-17,114.97000122070312
Vanguard,VWRP.L,Vanguard FTSE All-World Accumulation UCITS ETF - VWRP.L,2025-07-18,114.95999908447266
Vanguard,VWRP.L,Vanguard FTSE All-World Accumulation UCITS ETF - VWRP.L,2025-07-19,114.95999908447266
Vanguard,VWRP.L,Vanguard FTSE All-World Accumulation UCITS ETF - VWRP.L,2025-07-20,114.95999908447266
Vanguard,VWRP.L,Vanguard FTSE All-World Accumulation UCITS ETF - VWRP.L,2025-07-21,115.08000183105469
Vanguard,VWRP.L,Vanguard FTSE All-World Accumulation UCITS ETF - VWRP.L,2025-07-22,114.5999984741211
Vanguard,VWRP.L,Vanguard FTSE All-World Accumulation UCITS ETF - VWRP.L,2025-07-23,114.9800033569336
Vanguard,VWRP.L,Vanguard FTSE All-World Accumulation UCITS ETF - VWRP.L,2025-07-24,115.91999816894531
Vanguard,VWRP.L,Vanguard FTSE All-World Accumulation UCITS ETF - VWRP.L,2025-07-25,116.5
Vanguard,VWRP.L,Vanguard FTSE All-World Accumulation UCITS ETF - VWRP.L,2025-07-26,116.5
Vanguard,VWRP.L,Vanguard FTSE All-World Accumulation UCITS ETF - VWRP.L,2025-07-27,116.5
Vanguard,VWRP.L,Vanguard FTSE All-World Accumulation UCITS ETF - VWRP.L,2025-07-28,116.55999755859375
Vanguard,VWRP.L,Vanguard FTSE All-World Accumulation UCITS ETF - VWRP.L,2025-07-29,116.83999633789062
Vanguard,VWRP.L,Vanguard FTSE All-World Accumulation UCITS ETF - VWRP.L,2025-07-30,117.16999816894531
Vanguard,VWRP.L,Vanguard FTSE All-World Accumulation UCITS ETF - VWRP.L,2025-07-31,117.4800033569336
Vanguard,VWRP.L,Vanguard FTSE All-World Accumulation UCITS ETF - VWRP.L,2025-08-01,115.08000183105469
Vanguard,VWRP.L,Vanguard FTSE All-World Accumulation UCITS ETF - VWRP.L,2025-08-02,115.08000183105469
Vanguard,VWRP.L,Vanguard FTSE All-World Accumulation UCITS ETF - VWRP.L,2025-08-03,115.08000183105469
Vanguard,VWRP.L,Vanguard FTSE All-World Accumulation UCITS ETF - VWRP.L,2025-08-04,116.22000122070312
Vanguard,VWRP.L,Vanguard FTSE All-World Accumulation UCITS ETF - VWRP.L,2025-08-05,116.05999755859375
Vanguard,VWRP.L,Vanguard FTSE All-World Accumulation UCITS ETF - VWRP.L,2025-08-06,116.44000244140625
Vanguard,VWRP.L,Vanguard FTSE All-World Accumulation UCITS ETF - VWRP.L,2025-08-07,116.1500015258789
Vanguard,VWRP.L,Vanguard FTSE All-World Accumulation UCITS ETF - VWRP.L,2025-08-08,116.41999816894531
Vanguard,VWRP.L,Vanguard FTSE All-World Accumulation UCITS ETF - VWRP.L,2025-08-09,116.41999816894531
Vanguard,VWRP.L,Vanguard FTSE All-World Accumulation UCITS ETF - VWRP.L,2025-08-10,116.41999816894531
Vanguard,VWRP.L,Vanguard FTSE All-World Accumulation UCITS ETF - VWRP.L,2025-08-11,116.81999969482422
Vanguard,VWRP.L,Vanguard FTSE All-World Accumulation UCITS ETF - VWRP.L,2025-08-12,116.66000366210938
Vanguard,VWRP.L,Vanguard FTSE All-World Accumulation UCITS ETF - VWRP.L,2025-08-13,116.88999938964844
Vanguard,VWRP.L,Vanguard FTSE All-World Accumulation UCITS ETF - VWRP.L,2025-08-14,116.86000061035156
Vanguard,VWRP.L,Vanguard FTSE All-World Accumulation UCITS ETF - VWRP.L,2025-08-15,116.88999938964844
Vanguard,VWRP.L,Vanguard FTSE All-World Accumulation UCITS ETF - VWRP.L,2025-08-16,116.88999938964844
Vanguard,VWRP.L,Vanguard FTSE All-World Accumulation UCITS ETF - VWRP.L,2025-08-17,116.88999938964844
Vanguard,VWRP.L,Vanguard FTSE All-World Accumulation UCITS ETF - VWRP.L,2025-08-18,117.26000213623047
Vanguard,VWRP.L,Vanguard FTSE All-World Accumulation UCITS ETF - VWRP.L,2025-08-19,117.4000015258789
Vanguard,VWRP.L,Vanguard FTSE All-World Accumulation UCITS ETF - VWRP.L,2025-08-20,116.95999908447266
Vanguard,VWRP.L,Vanguard FTSE All-World Accumulation UCITS ETF - VWRP.L,2025-08-21,117.30000305175781
Vanguard,VWRP.L,Vanguard FTSE All-World Accumulation UCITS ETF - VWRP.L,2025-08-22,118.05999755859375
Vanguard,VWRP.L,Vanguard FTSE All-World Accumulation UCITS ETF - VWRP.L,2025-08-23,118.05999755859375
Vanguard,VWRP.L,Vanguard FTSE All-World Accumulation UCITS ETF - VWRP.L,2025-08-24,118.05999755859375
Vanguard,VWRP.L,Vanguard FTSE All-World Accumulation UCITS ETF - VWRP.L,2025-08-25,118.05999755859375
Vanguard,VWRP.L,Vanguard FTSE All-World Accumulation UCITS ETF - VWRP.L,2025-08-26,117.55999755859375
Vanguard,VWRP.L,Vanguard FTSE All-World Accumulation UCITS ETF - VWRP.L,2025-08-27,117.95999908447266
Vanguard,VWRP.L,Vanguard FTSE All-World Accumulation UCITS ETF - VWRP.L,2025-08-28,117.83999633789062
Vanguard,VWRP.L,Vanguard FTSE All-World Accumulation UCITS ETF - VWRP.L,2025-08-29,117.31999969482422
Vanguard,VWRP.L,Vanguard FTSE All-World Accumulation UCITS ETF - VWRP.L,2025-08-30,117.31999969482422
Vanguard,VWRP.L,Vanguard FTSE All-World Accumulation UCITS ETF - VWRP.L,2025-08-31,117.31999969482422
Vanguard,VWRP.L,Vanguard FTSE All-World Accumulation UCITS ETF - VWRP.L,2025-09-01,117.4000015258789
Vanguard,VWRP.L,Vanguard FTSE All-World Accumulation UCITS ETF - VWRP.L,2025-09-02,117.13999938964844
Vanguard,VWRP.L,Vanguard FTSE All-World Accumulation UCITS ETF - VWRP.L,2025-09-03,117.5
Vanguard,VWRP.L,Vanguard FTSE All-World Accumulation UCITS ETF - VWRP.L,2025-09-04,118.16000366210938
Vanguard,VWRP.L,Vanguard FTSE All-World Accumulation UCITS ETF - VWRP.L,2025-09-05,117.61000061035156
Vanguard,VWRP.L,Vanguard FTSE All-World Accumulation UCITS ETF - VWRP.L,2025-09-06,117.61000061035156
Vanguard,VWRP.L,Vanguard FTSE All-World Accumulation UCITS ETF - VWRP.L,2025-09-07,117.61000061035156
Vanguard,VWRP.L,Vanguard FTSE All-World Accumulation UCITS ETF - VWRP.L,2025-09-08,118.33999633789062
Vanguard,VWRP.L,Vanguard FTSE All-World Accumulation UCITS ETF - VWRP.L,2025-09-09,118.36000061035156
Vanguard,VWRP.L,Vanguard FTSE All-World Accumulation UCITS ETF - VWRP.L,2025-09-10,118.83999633789062
Vanguard,VWRP.L,Vanguard FTSE All-World Accumulation UCITS ETF - VWRP.L,2025-09-11,119.54000091552734
Vanguard,VWRP.L,Vanguard FTSE All-World Accumulation UCITS ETF - VWRP.L,2025-09-12,119.5999984741211
Vanguard,VWRP.L,Vanguard FTSE All-World Accumulation UCITS ETF - VWRP.L,2025-09-13,119.5999984741211
Vanguard,VWRP.L,Vanguard FTSE All-World Accumulation UCITS ETF - VWRP.L,2025-09-14,119.5999984741211
Vanguard,VWRP.L,Vanguard FTSE All-World Accumulation UCITS ETF - VWRP.L,2025-09-15,119.83000183105469
Vanguard,VWRP.L,Vanguard FTSE All-World Accumulation UCITS ETF - VWRP.L,2025-09-16,119.29000091552734
Vanguard,VWRP.L,Vanguard FTSE All-World Accumulation UCITS ETF - VWRP.L,2025-09-17,119.30000305175781
Vanguard,VWRP.L,Vanguard FTSE All-World Accumulation UCITS ETF - VWRP.L,2025-09-18,120.7300033569336
Vanguard,VWRP.L,Vanguard FTSE All-World Accumulation UCITS ETF - VWRP.L,2025-09-19,121.16999816894531
Vanguard,VWRP.L,Vanguard FTSE All-World Accumulation UCITS ETF - VWRP.L,2025-09-20,121.16999816894531
Vanguard,VWRP.L,Vanguard FTSE All-World Accumulation UCITS ETF - VWRP.L,2025-09-21,121.16999816894531
Vanguard,VWRP.L,Vanguard FTSE All-World Accumulation UCITS ETF - VWRP.L,2025-09-22,121.41999816894531
Vanguard,VWRP.L,Vanguard FTSE All-World Accumulation UCITS ETF - VWRP.L,2025-09-23,121.70999908447266
Vanguard,VWRP.L,Vanguard FTSE All-World Accumulation UCITS ETF - VWRP.L,2025-09-24,121.5999984741211
Vanguard,VWRP.L,Vanguard FTSE All-World Accumulation UCITS ETF - VWRP.L,2025-09-25,121.72000122070312
Vanguard,VWRP.L,Vanguard FTSE All-World Accumulation UCITS ETF - VWRP.L,2025-09-26,121.37999725341797
Vanguard,VWRP.L,Vanguard FTSE All-World Accumulation UCITS ETF - VWRP.L,2025-09-27,121.37999725341797
Vanguard,VWRP.L,Vanguard FTSE All-World Accumulation UCITS ETF - VWRP.L,2025-09-28,121.37999725341797
Vanguard,VWRP.L,Vanguard FTSE All-World Accumulation UCITS ETF - VWRP.L,2025-09-29,121.95999908447266
Vanguard,VWRP.L,Vanguard FTSE All-World Accumulation UCITS ETF - VWRP.L,2025-09-30,121.66000366210938
Vanguard,VWRP.L,Vanguard FTSE All-World Accumulation UCITS ETF - VWRP.L,2025-10-01,122.27999877929688
Vanguard,VWRP.L,Vanguard FTSE All-World Accumulation UCITS ETF - VWRP.L,2025-10-02,122.95999908447266
Vanguard,VWRP.L,Vanguard FTSE All-World Accumulation UCITS ETF - VWRP.L,2025-10-03,123.36000061035156
Vanguard,VWRP.L,Vanguard FTSE All-World Accumulation UCITS ETF - VWRP.L,2025-10-04,123.36000061035156
Vanguard,VWRP.L,Vanguard FTSE All-World Accumulation UCITS ETF - VWRP.L,2025-10-05,123.36000061035156
Vanguard,VWRP.L,Vanguard FTSE All-World Accumulation UCITS ETF - VWRP.L,2025-10-06,123.4800033569336
Vanguard,VWRP.L,Vanguard FTSE All-World Accumulation UCITS ETF - VWRP.L,2025-10-07,123.22000122070312
Vanguard,VWRP.L,Vanguard FTSE All-World Accumulation UCITS ETF - VWRP.L,2025-10-08,123.91999816894531
Vanguard,VWRP.L,Vanguard FTSE All-World Accumulation UCITS ETF - VWRP.L,2025-10-09,124.33999633789062
Vanguard,VWRP.L,Vanguard FTSE All-World Accumulation UCITS ETF - VWRP.L,2025-10-10,121.9800033569336
Vanguard,VWRP.L,Vanguard FTSE All-World Accumulation UCITS ETF - VWRP.L,2025-10-11,121.9800033569336
Vanguard,VWRP.L,Vanguard FTSE All-World Accumulation UCITS ETF - VWRP.L,2025-10-12,121.9800033569336
Vanguard,VWRP.L,Vanguard FTSE All-World Accumulation UCITS ETF - VWRP.L,2025-10-13,122.73999786376953
Vanguard,VWRP.L,Vanguard FTSE All-World Accumulation UCITS ETF - VWRP.L,2025-10-14,122.66000366210938
Vanguard,VWRP.L,Vanguard FTSE All-World Accumulation UCITS ETF - VWRP.L,2025-10-15,123.08000183105469
Vanguard,VWRP.L,Vanguard FTSE All-World Accumulation UCITS ETF - VWRP.L,2025-10-16,123.08000183105469
Vanguard,VWRP.L,Vanguard FTSE All-World Accumulation UCITS ETF - VWRP.L,2025-10-17,122.04000091552734
Vanguard,VWRP.L,Vanguard FTSE All-World Accumulation UCITS ETF - VWRP.L,2025-10-18,122.04000091552734
Vanguard,VWRP.L,Vanguard FTSE All-World Accumulation UCITS ETF - VWRP.L,2025-10-19,122.04000091552734
Vanguard,VWRP.L,Vanguard FTSE All-World Accumulation UCITS ETF - VWRP.L,2025-10-20,123.95999908447266
Vanguard,VWRP.L,Vanguard FTSE All-World Accumulation UCITS ETF - VWRP.L,2025-10-21,124.0999984741211
Vanguard,VWRP.L,Vanguard FTSE All-World Accumulation UCITS ETF - VWRP.L,2025-10-22,123.62000274658203
Vanguard,VWRP.L,Vanguard FTSE All-World Accumulation UCITS ETF - VWRP.L,2025-10-23,124.58000183105469
Vanguard,VWRP.L,Vanguard FTSE All-World Accumulation UCITS ETF - VWRP.L,2025-10-24,124.58000183105469
Vanguard,VWRP.L,Vanguard FTSE All-World Accumulation UCITS ETF - VWRP.L,2025-10-25,124.58000183105469
Vanguard,VWRP.L,Vanguard FTSE All-World Accumulation UCITS ETF - VWRP.L,2025-10-26,124.58000183105469
Vanguard,VWRP.L,Vanguard FTSE All-World Accumulation UCITS ETF - VWRP.L,2025-10-27,126.55999755859375
Vanguard,VWRP.L,Vanguard FTSE All-World Accumulation UCITS ETF - VWRP.L,2025-10-28,127.4800033569336
Vanguard,VWRP.L,Vanguard FTSE All-World Accumulation UCITS ETF - VWRP.L,2025-10-29,128.24000549316406
Vanguard,VWRP.L,Vanguard FTSE All-World Accumulation UCITS ETF - VWRP.L,2025-10-30,128.13999938964844
Vanguard,VWRP.L,Vanguard FTSE All-World Accumulation UCITS ETF - VWRP.L,2025-10-31,127.72000122070312
Vanguard,VWRP.L,Vanguard FTSE All-World Accumulation UCITS ETF - VWRP.L,2025-11-01,127.72000122070312
Vanguard,VWRP.L,Vanguard FTSE All-World Accumulation UCITS ETF - VWRP.L,2025-11-02,127.72000122070312
Vanguard,VWRP.L,Vanguard FTSE All-World Accumulation UCITS ETF - VWRP.L,2025-11-03,127.83999633789062
Vanguard,VWRP.L,Vanguard FTSE All-World Accumulation UCITS ETF - VWRP.L,2025-11-04,127.91999816894531
Vanguard,VWRP.L,Vanguard FTSE All-World Accumulation UCITS ETF - VWRP.L,2025-11-05,128.0
Vanguard,VWRP.L,Vanguard FTSE All-World Accumulation UCITS ETF - VWRP.L,2025-11-06,126.27999877929688
Vanguard,VWRP.L,Vanguard FTSE All-World Accumulation UCITS ETF - VWRP.L,2025-11-07,124.5199966430664
Vanguard,VWRP.L,Vanguard FTSE All-World Accumulation UCITS ETF - VWRP.L,2025-11-08,124.5199966430664
Vanguard,VWRP.L,Vanguard FTSE All-World Accumulation UCITS ETF - VWRP.L,2025-11-09,124.5199966430664
Vanguard,VWRP.L,Vanguard FTSE All-World Accumulation UCITS ETF - VWRP.L,2025-11-10,126.83999633789062
Vanguard,VWRP.L,Vanguard FTSE All-World Accumulation UCITS ETF - VWRP.L,2025-11-11,127.5999984741211
Vanguard,VWRP.L,Vanguard FTSE All-World Accumulation UCITS ETF - VWRP.L,2025-11-12,128.60000610351562
Vanguard,VWRP.L,Vanguard FTSE All-World Accumulation UCITS ETF - VWRP.L,2025-11-13,126.95999908447266
Vanguard,VWRP.L,Vanguard FTSE All-World Accumulation UCITS ETF - VWRP.L,2025-11-14,126.87999725341797
Vanguard,VWRP.L,Vanguard FTSE All-World Accumulation UCITS ETF - VWRP.L,2025-11-15,126.87999725341797
Vanguard,VWRP.L,Vanguard FTSE All-World Accumulation UCITS ETF - VWRP.L,2025-11-16,126.87999725341797
Vanguard,VWRP.L,Vanguard FTSE All-World Accumulation UCITS ETF - VWRP.L,2025-11-17,125.91999816894531
Vanguard,VWRP.L,Vanguard FTSE All-World Accumulation UCITS ETF - VWRP.L,2025-11-18,124.33999633789062
Vanguard,VWRP.L,Vanguard FTSE All-World Accumulation UCITS ETF - VWRP.L,2025-11-19,124.80000305175781
Vanguard,VWRP.L,Vanguard FTSE All-World Accumulation UCITS ETF - VWRP.L,2025-11-20,125.31999969482422
Vanguard,VWRP.L,Vanguard FTSE All-World Accumulation UCITS ETF - VWRP.L,2025-11-21,123.54000091552734
Vanguard,VWRP.L,Vanguard FTSE All-World Accumulation UCITS ETF - VWRP.L,2025-11-22,123.54000091552734
Vanguard,VWRP.L,Vanguard FTSE All-World Accumulation UCITS ETF - VWRP.L,2025-11-23,123.54000091552734
Vanguard,VWRP.L,Vanguard FTSE All-World Accumulation UCITS ETF - VWRP.L,2025-11-24,125.27999877929688
Vanguard,VWRP.L,Vanguard FTSE All-World Accumulation UCITS ETF - VWRP.L,2025-11-25,125.27999877929688
Vanguard,VWRP.L,Vanguard FTSE All-World Accumulation UCITS ETF - VWRP.L,2025-11-26,126.5199966430664
Vanguard,VWRP.L,Vanguard FTSE All-World Accumulation UCITS ETF - VWRP.L,2025-11-27,126.26000213623047
Vanguard,VWRP.L,Vanguard FTSE All-World Accumulation UCITS ETF - VWRP.L,2025-11-28,126.73999786376953
Vanguard,VWRP.L,Vanguard FTSE All-World Accumulation UCITS ETF - VWRP.L,2025-11-29,126.73999786376953
Vanguard,VWRP.L,Vanguard FTSE All-World Accumulation UCITS ETF - VWRP.L,2025-11-30,126.73999786376953
Vanguard,VWRP.L,Vanguard FTSE All-World Accumulation UCITS ETF - VWRP.L,2025-12-01,126.69999694824219
Vanguard,VWRP.L,Vanguard FTSE All-World Accumulation UCITS ETF - VWRP.L,2025-12-02,126.83999633789062
Vanguard,VWRP.L,Vanguard FTSE All-World Accumulation UCITS ETF - VWRP.L,2025-12-03,126.0199966430664
Vanguard,VWRP.L,Vanguard FTSE All-World Accumulation UCITS ETF - VWRP.L,2025-12-04,126.12000274658203
Vanguard,VWRP.L,Vanguard FTSE All-World Accumulation UCITS ETF - VWRP.L,2025-12-05,126.72000122070312
Vanguard,VWRP.L,Vanguard FTSE All-World Accumulation UCITS ETF - VWRP.L,2025-12-06,126.72000122070312
Vanguard,VWRP.L,Vanguard FTSE All-World Accumulation UCITS ETF - VWRP.L,2025-12-07,126.72000122070312
Vanguard,VWRP.L,Vanguard FTSE All-World Accumulation UCITS ETF - VWRP.L,2025-12-08,126.44000244140625
Vanguard,VWRP.L,Vanguard FTSE All-World Accumulation UCITS ETF - VWRP.L,2025-12-09,126.69999694824219
Vanguard,VWRP.L,Vanguard FTSE All-World Accumulation UCITS ETF - VWRP.L,2025-12-10,126.41999816894531
Vanguard,VWRP.L,Vanguard FTSE All-World Accumulation UCITS ETF - VWRP.L,2025-12-11,126.18000030517578
Vanguard,VWRP.L,Vanguard FTSE All-World Accumulation UCITS ETF - VWRP.L,2025-12-12,125.86000061035156
Vanguard,VWRP.L,Vanguard FTSE All-World Accumulation UCITS ETF - VWRP.L,2025-12-13,125.86000061035156
Vanguard,VWRP.L,Vanguard FTSE All-World Accumulation UCITS ETF - VWRP.L,2025-12-14,125.86000061035156
Vanguard,VWRP.L,Vanguard FTSE All-World Accumulation UCITS ETF - VWRP.L,2025-12-15,126.08000183105469
Vanguard,VWRP.L,Vanguard FTSE All-World Accumulation UCITS ETF - VWRP.L,2025-12-16,124.83999633789062
Vanguard,VWRP.L,Vanguard FTSE All-World Accumulation UCITS ETF - VWRP.L,2025-12-17,124.4800033569336
Vanguard,VWRP.L,Vanguard FTSE All-World Accumulation UCITS ETF - VWRP.L,2025-12-18,125.72000122070312
Vanguard,VWRP.L,Vanguard FTSE All-World Accumulation UCITS ETF - VWRP.L,2025-12-19,126.26000213623047
Vanguard,VWRP.L,Vanguard FTSE All-World Accumulation UCITS ETF - VWRP.L,2025-12-20,126.26000213623047
Vanguard,VWRP.L,Vanguard FTSE All-World Accumulation UCITS ETF - VWRP.L,2025-12-21,126.26000213623047
Vanguard,VWRP.L,Vanguard FTSE All-World Accumulation UCITS ETF - VWRP.L,2025-12-22,126.13999938964844
Vanguard,VWRP.L,Vanguard FTSE All-World Accumulation UCITS ETF - VWRP.L,2025-12-23,126.31999969482422
Vanguard,VWRP.L,Vanguard FTSE All-World Accumulation UCITS ETF - VWRP.L,2025-12-24,126.30000305175781
Vanguard,VWRP.L,Vanguard FTSE All-World Accumulation UCITS ETF - VWRP.L,2025-12-25,126.30000305175781
Vanguard,VWRP.L,Vanguard FTSE All-World Accumulation UCITS ETF - VWRP.L,2025-12-26,126.30000305175781
Vanguard,VWRP.L,Vanguard FTSE All-World Accumulation UCITS ETF - VWRP.L,2025-12-27,126.30000305175781
Vanguard,VWRP.L,Vanguard FTSE All-World Accumulation UCITS ETF - VWRP.L,2025-12-28,126.30000305175781
Vanguard,VWRP.L,Vanguard FTSE All-World Accumulation UCITS ETF - VWRP.L,2025-12-29,126.45999908447266
Vanguard,VWRP.L,Vanguard FTSE All-World Accumulation UCITS ETF - VWRP.L,2025-12-30,126.94000244140625
Vanguard,VWRP.L,Vanguard FTSE All-World Accumulation UCITS ETF - VWRP.L,2025-12-31,126.66000366210938
Vanguard,VWRP.L,Vanguard FTSE All-World Accumulation UCITS ETF - VWRP.L,2026-01-01,126.66000366210938
Vanguard,VWRP.L,Vanguard FTSE All-World Accumulation UCITS ETF - VWRP.L,2026-01-02,126.33999633789062
Vanguard,VWRP.L,Vanguard FTSE All-World Accumulation UCITS ETF - VWRP.L,2026-01-03,126.33999633789062
Vanguard,VWRP.L,Vanguard FTSE All-World Accumulation UCITS ETF - VWRP.L,2026-01-04,126.33999633789062
Vanguard,VWRP.L,Vanguard FTSE All-World Accumulation UCITS ETF - VWRP.L,2026-01-05,127.41999816894531
Vanguard,VWRP.L,Vanguard FTSE All-World Accumulation UCITS ETF - VWRP.L,2026-01-06,127.87999725341797
Vanguard,VWRP.L,Vanguard FTSE All-World Accumulation UCITS ETF - VWRP.L,2026-01-07,128.3000030517578
Vanguard,VWRP.L,Vanguard FTSE All-World Accumulation UCITS ETF - VWRP.L,2026-01-08,128.16000366210938
Vanguard,VWRP.L,Vanguard FTSE All-World Accumulation UCITS ETF - VWRP.L,2026-01-09,129.16000366210938
Vanguard,VWRP.L,Vanguard FTSE All-World Accumulation UCITS ETF - VWRP.L,2026-01-10,129.16000366210938
Vanguard,VWRP.L,Vanguard FTSE All-World Accumulation UCITS ETF - VWRP.L,2026-01-11,129.16000366210938
Vanguard,VWRP.L,Vanguard FTSE All-World Accumulation UCITS ETF - VWRP.L,2026-01-12,129.16000366210938
Vanguard,VWRP.L,Vanguard FTSE All-World Accumulation UCITS ETF - VWRP.L,2026-01-13,129.3800048828125
Vanguard,VWRP.L,Vanguard FTSE All-World Accumulation UCITS ETF - VWRP.L,2026-01-14,128.67999267578125
Vanguard,VWRP.L,Vanguard FTSE All-World Accumulation UCITS ETF - VWRP.L,2026-01-15,130.1999969482422
Vanguard,VWRP.L,Vanguard FTSE All-World Accumulation UCITS ETF - VWRP.L,2026-01-16,129.82000732421875
Vanguard,VWRP.L,Vanguard FTSE All-World Accumulation UCITS ETF - VWRP.L,2026-01-17,129.82000732421875
Vanguard,VWRP.L,Vanguard FTSE All-World Accumulation UCITS ETF - VWRP.L,2026-01-18,129.82000732421875
Vanguard,VWRP.L,Vanguard FTSE All-World Accumulation UCITS ETF - VWRP.L,2026-01-19,128.33999633789062
Vanguard,VWRP.L,Vanguard FTSE All-World Accumulation UCITS ETF - VWRP.L,2026-01-20,127.81999969482422
Vanguard,VWRP.L,Vanguard FTSE All-World Accumulation UCITS ETF - VWRP.L,2026-01-21,128.05999755859375
Vanguard,VWRP.L,Vanguard FTSE All-World Accumulation UCITS ETF - VWRP.L,2026-01-22,128.75999450683594
Vanguard,VWRP.L,Vanguard FTSE All-World Accumulation UCITS ETF - VWRP.L,2026-01-23,127.94000244140625
Vanguard,VWRP.L,Vanguard FTSE All-World Accumulation UCITS ETF - VWRP.L,2026-01-24,127.94000244140625
Vanguard,VWRP.L,Vanguard FTSE All-World Accumulation UCITS ETF - VWRP.L,2026-01-25,127.94000244140625
Vanguard,VWRP.L,Vanguard FTSE All-World Accumulation UCITS ETF - VWRP.L,2026-01-26,127.63999938964844
Vanguard,VWRP.L,Vanguard FTSE All-World Accumulation UCITS ETF - VWRP.L,2026-01-27,127.95999908447266
Vanguard,VWRP.L,Vanguard FTSE All-World Accumulation UCITS ETF - VWRP.L,2026-01-28,127.69999694824219
Vanguard,VWRP.L,Vanguard FTSE All-World Accumulation UCITS ETF - VWRP.L,2026-01-29,126.58000183105469
Vanguard,VWRP.L,Vanguard FTSE All-World Accumulation UCITS ETF - VWRP.L,2026-01-30,127.33999633789062
Vanguard,VWRP.L,Vanguard FTSE All-World Accumulation UCITS ETF - VWRP.L,2026-01-31,127.33999633789062
Vanguard,VWRP.L,Vanguard FTSE All-World Accumulation UCITS ETF - VWRP.L,2026-02-01,127.33999633789062
Vanguard,VWRP.L,Vanguard FTSE All-World Accumulation UCITS ETF - VWRP.L,2026-02-02,128.3800048828125
Vanguard,VWRP.L,Vanguard FTSE All-World Accumulation UCITS ETF - VWRP.L,2026-02-03,127.63999938964844
Vanguard,VWRP.L,Vanguard FTSE All-World Accumulation UCITS ETF - VWRP.L,2026-02-04,127.66000366210938
Vanguard,VWRP.L,Vanguard FTSE All-World Accumulation UCITS ETF - VWRP.L,2026-02-05,127.5199966430664
Vanguard,VWRP.L,Vanguard FTSE All-World Accumulation UCITS ETF - VWRP.L,2026-02-06,128.27999877929688
Vanguard,VWRP.L,Vanguard FTSE All-World Accumulation UCITS ETF - VWRP.L,2026-02-07,128.27999877929688
Vanguard,VWRP.L,Vanguard FTSE All-World Accumulation UCITS ETF - VWRP.L,2026-02-08,128.27999877929688
Vanguard,VWRP.L,Vanguard FTSE All-World Accumulation UCITS ETF - VWRP.L,2026-02-09,129.24000549316406
Vanguard,VWRP.L,Vanguard FTSE All-World Accumulation UCITS ETF - VWRP.L,2026-02-10,129.6199951171875
Vanguard,VWRP.L,Vanguard FTSE All-World Accumulation UCITS ETF - VWRP.L,2026-02-11,129.6999969482422
Vanguard,VWRP.L,Vanguard FTSE All-World Accumulation UCITS ETF - VWRP.L,2026-02-12,128.67999267578125
Vanguard,VWRP.L,Vanguard FTSE All-World Accumulation UCITS ETF - VWRP.L,2026-02-13,128.60000610351562
Vanguard,VWRP.L,Vanguard FTSE All-World Accumulation UCITS ETF - VWRP.L,2026-02-14,128.60000610351562
Vanguard,VWRP.L,Vanguard FTSE All-World Accumulation UCITS ETF - VWRP.L,2026-02-15,128.60000610351562
Vanguard,VWRP.L,Vanguard FTSE All-World Accumulation UCITS ETF - VWRP.L,2026-02-16,128.27999877929688
Vanguard,VWRP.L,Vanguard FTSE All-World Accumulation UCITS ETF - VWRP.L,2026-02-17,129.1999969482422
Vanguard,VWRP.L,Vanguard FTSE All-World Accumulation UCITS ETF - VWRP.L,2026-02-18,130.33999633789062
Vanguard,VWRP.L,Vanguard FTSE All-World Accumulation UCITS ETF - VWRP.L,2026-02-19,130.52000427246094
Vanguard,VWRP.L,Vanguard FTSE All-World Accumulation UCITS ETF - VWRP.L,2026-02-20,130.77999877929688
Vanguard,VWRP.L,Vanguard FTSE All-World Accumulation UCITS ETF - VWRP.L,2026-02-21,130.77999877929688
Vanguard,VWRP.L,Vanguard FTSE All-World Accumulation UCITS ETF - VWRP.L,2026-02-22,130.77999877929688
Vanguard,VWRP.L,Vanguard FTSE All-World Accumulation UCITS ETF - VWRP.L,2026-02-23,130.0399932861328
Vanguard,VWRP.L,Vanguard FTSE All-World Accumulation UCITS ETF - VWRP.L,2026-02-24,130.3800048828125
Vanguard,VWRP.L,Vanguard FTSE All-World Accumulation UCITS ETF - VWRP.L,2026-02-25,131.4199981689453
Vanguard,VWRP.L,Vanguard FTSE All-World Accumulation UCITS ETF - VWRP.L,2026-02-26,131.3000030517578
Vanguard,VWRP.L,Vanguard FTSE All-World Accumulation UCITS ETF - VWRP.L,2026-02-27,131.60000610351562
Vanguard,VWRP.L,Vanguard FTSE All-World Accumulation UCITS ETF - VWRP.L,2026-02-28,131.60000610351562
Vanguard,VWRP.L,Vanguard FTSE All-World Accumulation UCITS ETF - VWRP.L,2026-03-01,131.60000610351562
Vanguard,VWRP.L,Vanguard FTSE All-World Accumulation UCITS ETF - VWRP.L,2026-03-02,130.9199981689453
Vanguard,VWRP.L,Vanguard FTSE All-World Accumulation UCITS ETF - VWRP.L,2026-03-03,128.47999572753906
Vanguard,VWRP.L,Vanguard FTSE All-World Accumulation UCITS ETF - VWRP.L,2026-03-04,129.9600067138672
Vanguard,VWRP.L,Vanguard FTSE All-World Accumulation UCITS ETF - VWRP.L,2026-03-05,128.94000244140625
Vanguard,VWRP.L,Vanguard FTSE All-World Accumulation UCITS ETF - VWRP.L,2026-03-06,128.94000244140625
Vanguard,VWRP.L,Vanguard FTSE All-World Accumulation UCITS ETF - VWRP.L,2026-03-07,128.94000244140625
Vanguard,VWRP.L,Vanguard FTSE All-World Accumulation UCITS ETF - VWRP.L,2026-03-08,128.94000244140625
Vanguard,VWRP.L,Vanguard FTSE All-World Accumulation UCITS ETF - VWRP.L,2026-03-09,126.63999938964844
Vanguard,VWRP.L,Vanguard FTSE All-World Accumulation UCITS ETF - VWRP.L,2026-03-10,128.5399932861328
Vanguard,VWRP.L,Vanguard FTSE All-World Accumulation UCITS ETF - VWRP.L,2026-03-11,127.68000030517578
Vanguard,VWRP.L,Vanguard FTSE All-World Accumulation UCITS ETF - VWRP.L,2026-03-12,126.73999786376953
Vanguard,VWRP.L,Vanguard FTSE All-World Accumulation UCITS ETF - VWRP.L,2026-03-13,126.81999969482422
Vanguard,VWRP.L,Vanguard FTSE All-World Accumulation UCITS ETF - VWRP.L,2026-03-14,126.81999969482422
Vanguard,VWRP.L,Vanguard FTSE All-World Accumulation UCITS ETF - VWRP.L,2026-03-15,126.81999969482422
Vanguard,VWRP.L,Vanguard FTSE All-World Accumulation UCITS ETF - VWRP.L,2026-03-16,127.30000305175781
Vanguard,VWRP.L,Vanguard FTSE All-World Accumulation UCITS ETF - VWRP.L,2026-03-17,127.68000030517578
Vanguard,VWRP.L,Vanguard FTSE All-World Accumulation UCITS ETF - VWRP.L,2026-03-18,126.86000061035156
Vanguard,VWRP.L,Vanguard FTSE All-World Accumulation UCITS ETF - VWRP.L,2026-03-19,124.44000244140625
Vanguard,VWRP.L,Vanguard FTSE All-World Accumulation UCITS ETF - VWRP.L,2026-03-20,123.81999969482422
Vanguard,VWRP.L,Vanguard FTSE All-World Accumulation UCITS ETF - VWRP.L,2026-03-21,123.81999969482422
Vanguard,VWRP.L,Vanguard FTSE All-World Accumulation UCITS ETF - VWRP.L,2026-03-22,123.81999969482422
Vanguard,VWRP.L,Vanguard FTSE All-World Accumulation UCITS ETF - VWRP.L,2026-03-23,124.0199966430664
Vanguard,VWRP.L,Vanguard FTSE All-World Accumulation UCITS ETF - VWRP.L,2026-03-24,124.04000091552734
Vanguard,VWRP.L,Vanguard FTSE All-World Accumulation UCITS ETF - VWRP.L,2026-03-25,125.08000183105469
Vanguard,VWRP.L,Vanguard FTSE All-World Accumulation UCITS ETF - VWRP.L,2026-03-26,123.58000183105469
Vanguard,VWRP.L,Vanguard FTSE All-World Accumulation UCITS ETF - VWRP.L,2026-03-27,122.26000213623047
Vanguard,VWRP.L,Vanguard FTSE All-World Accumulation UCITS ETF - VWRP.L,2026-03-28,122.26000213623047
Vanguard,VWRP.L,Vanguard FTSE All-World Accumulation UCITS ETF - VWRP.L,2026-03-29,122.26000213623047
Vanguard,VWRP.L,Vanguard FTSE All-World Accumulation UCITS ETF - VWRP.L,2026-03-30,123.23999786376953
Vanguard,VWRP.L,Vanguard FTSE All-World Accumulation UCITS ETF - VWRP.L,2026-03-31,123.66000366210938
Vanguard,VWRP.L,Vanguard FTSE All-World Accumulation UCITS ETF - VWRP.L,2026-04-01,126.18000030517578
Vanguard,VWRP.L,Vanguard FTSE All-World Accumulation UCITS ETF - VWRP.L,2026-04-02,126.16000366210938
Vanguard,VWRP.L,Vanguard FTSE All-World Accumulation UCITS ETF - VWRP.L,2026-04-03,126.16000366210938
Vanguard,VWRP.L,Vanguard FTSE All-World Accumulation UCITS ETF - VWRP.L,2026-04-04,126.16000366210938
Vanguard,VWRP.L,Vanguard FTSE All-World Accumulation UCITS ETF - VWRP.L,2026-04-05,126.16000366210938
Vanguard,VWRP.L,Vanguard FTSE All-World Accumulation UCITS ETF - VWRP.L,2026-04-06,126.16000366210938
Vanguard,VWRP.L,Vanguard FTSE All-World Accumulation UCITS ETF - VWRP.L,2026-04-07,125.68000030517578
Vanguard,VWRP.L,Vanguard FTSE All-World Accumulation UCITS ETF - VWRP.L,2026-04-08,128.67999267578125
Vanguard,VWRP.L,Vanguard FTSE All-World Accumulation UCITS ETF - VWRP.L,2026-04-09,129.0
Vanguard,VWRP.L,Vanguard FTSE All-World Accumulation UCITS ETF - VWRP.L,2026-04-10,129.39999389648438
Vanguard,VWRP.L,Vanguard FTSE All-World Accumulation UCITS ETF - VWRP.L,2026-04-11,129.39999389648438
Vanguard,VWRP.L,Vanguard FTSE All-World Accumulation UCITS ETF - VWRP.L,2026-04-12,129.39999389648438
Vanguard,VWRP.L,Vanguard FTSE All-World Accumulation UCITS ETF - VWRP.L,2026-04-13,129.1999969482422
Vanguard,VWRP.L,Vanguard FTSE All-World Accumulation UCITS ETF - VWRP.L,2026-04-14,130.5800018310547
Vanguard,VWRP.L,Vanguard FTSE All-World Accumulation UCITS ETF - VWRP.L,2026-04-15,131.0800018310547
Vanguard,VWRP.L,Vanguard FTSE All-World Accumulation UCITS ETF - VWRP.L,2026-04-16,132.02000427246094
Vanguard,VWRP.L,Vanguard FTSE All-World Accumulation UCITS ETF - VWRP.L,2026-04-17,133.74000549316406
Vanguard,VWRP.L,Vanguard FTSE All-World Accumulation UCITS ETF - VWRP.L,2026-04-18,133.74000549316406
Vanguard,VWRP.L,Vanguard FTSE All-World Accumulation UCITS ETF - VWRP.L,2026-04-19,133.74000549316406
Vanguard,VWRP.L,Vanguard FTSE All-World Accumulation UCITS ETF - VWRP.L,2026-04-20,133.02000427246094
Vanguard,VWRP.L,Vanguard FTSE All-World Accumulation UCITS ETF - VWRP.L,2026-04-21,132.75999450683594
Vanguard,VWRP.L,Vanguard FTSE All-World Accumulation UCITS ETF - VWRP.L,2026-04-22,133.16000366210938
Vanguard,VWRP.L,Vanguard FTSE All-World Accumulation UCITS ETF - VWRP.L,2026-04-23,133.32000732421875
Vanguard,VWRP.L,Vanguard FTSE All-World Accumulation UCITS ETF - VWRP.L,2026-04-24,133.22000122070312
Vanguard,VWRP.L,Vanguard FTSE All-World Accumulation UCITS ETF - VWRP.L,2026-04-25,133.22000122070312
Vanguard,VWRP.L,Vanguard FTSE All-World Accumulation UCITS ETF - VWRP.L,2026-04-26,133.22000122070312
Vanguard,VWRP.L,Vanguard FTSE All-World Accumulation UCITS ETF - VWRP.L,2026-04-27,132.89999389648438
Vanguard,VWRP.L,Vanguard FTSE All-World Accumulation UCITS ETF - VWRP.L,2026-04-28,132.5399932861328
Vanguard,VWRP.L,Vanguard FTSE All-World Accumulation UCITS ETF - VWRP.L,2026-04-29,132.6999969482422
Vanguard,VWRP.L,Vanguard FTSE All-World Accumulation UCITS ETF - VWRP.L,2026-04-30,132.97999572753906
Vanguard,VWRP.L,Vanguard FTSE All-World Accumulation UCITS ETF - VWRP.L,2026-05-01,133.89999389648438
Vanguard,VWRP.L,Vanguard FTSE All-World Accumulation UCITS ETF - VWRP.L,2026-05-02,133.89999389648438
Vanguard,VWRP.L,Vanguard FTSE All-World Accumulation UCITS ETF - VWRP.L,2026-05-03,133.89999389648438
Vanguard,VWRP.L,Vanguard FTSE All-World Accumulation UCITS ETF - VWRP.L,2026-05-04,133.89999389648438
Vanguard,VWRP.L,Vanguard FTSE All-World Accumulation UCITS ETF - VWRP.L,2026-05-05,134.60000610351562
Vanguard,VWRP.L,Vanguard FTSE All-World Accumulation UCITS ETF - VWRP.L,2026-05-06,136.60000610351562
Vanguard,VWRP.L,Vanguard FTSE All-World Accumulation UCITS ETF - VWRP.L,2026-05-07,136.55999755859375
Vanguard,VWRP.L,Vanguard FTSE All-World Accumulation UCITS ETF - VWRP.L,2026-05-08,136.60000610351562
Vanguard,VWRP.L,Vanguard FTSE All-World Accumulation UCITS ETF - VWRP.L,2026-05-09,136.60000610351562
Vanguard,VWRP.L,Vanguard FTSE All-World Accumulation UCITS ETF - VWRP.L,2026-05-10,136.60000610351562
Vanguard,VWRP.L,Vanguard FTSE All-World Accumulation UCITS ETF - VWRP.L,2026-05-11,136.94000244140625
Vanguard,VWRP.L,Vanguard FTSE All-World Accumulation UCITS ETF - VWRP.L,2026-05-12,136.22000122070312
Vanguard,VWRP.L,Vanguard FTSE All-World Accumulation UCITS ETF - VWRP.L,2026-05-13,137.86000061035156
Vanguard,VWRP.L,Vanguard FTSE All-World Accumulation UCITS ETF - VWRP.L,2026-05-14,139.5
Vanguard,VWRP.L,Vanguard FTSE All-World Accumulation UCITS ETF - VWRP.L,2026-05-15,139.0399932861328
Vanguard,VWRP.L,Vanguard FTSE All-World Accumulation UCITS ETF - VWRP.L,2026-05-16,139.0399932861328
Vanguard,VWRP.L,Vanguard FTSE All-World Accumulation UCITS ETF - VWRP.L,2026-05-17,139.0399932861328
Vanguard,VWRP.L,Vanguard FTSE All-World Accumulation UCITS ETF - VWRP.L,2026-05-18,137.67999267578125
Vanguard,VWRP.L,Vanguard FTSE All-World Accumulation UCITS ETF - VWRP.L,2026-05-19,136.94000244140625
Vanguard,VWRP.L,Vanguard FTSE All-World Accumulation UCITS ETF - VWRP.L,2026-05-20,138.13999938964844
Vanguard,VWRP.L,Vanguard FTSE All-World Accumulation UCITS ETF - VWRP.L,2026-05-21,138.1999969482422
Vanguard,VWRP.L,Vanguard FTSE All-World Accumulation UCITS ETF - VWRP.L,2026-05-22,139.47999572753906
Vanguard,VWRP.L,Vanguard FTSE All-World Accumulation UCITS ETF - VWRP.L,2026-05-23,139.47999572753906
Vanguard,VWRP.L,Vanguard FTSE All-World Accumulation UCITS ETF - VWRP.L,2026-05-24,139.47999572753906
Vanguard,VWRP.L,Vanguard FTSE All-World Accumulation UCITS ETF - VWRP.L,2026-05-25,139.47999572753906
Vanguard,VWRP.L,Vanguard FTSE All-World Accumulation UCITS ETF - VWRP.L,2026-05-26,140.52000427246094
Vanguard,VWRP.L,Vanguard FTSE All-World Accumulation UCITS ETF - VWRP.L,2026-05-27,140.5800018310547
Vanguard,VWRP.L,Vanguard FTSE All-World Accumulation UCITS ETF - VWRP.L,2026-05-28,141.1999969482422
Vanguard,VWRP.L,Vanguard FTSE All-World Accumulation UCITS ETF - VWRP.L,2026-05-29,141.36000061035156
Vanguard,VWRP.L,Vanguard FTSE All-World Accumulation UCITS ETF - VWRP.L,2026-05-30,141.36000061035156
Vanguard,VWRP.L,Vanguard FTSE All-World Accumulation UCITS ETF - VWRP.L,2026-05-31,141.36000061035156
Vanguard,VWRP.L,Vanguard FTSE All-World Accumulation UCITS ETF - VWRP.L,2026-06-01,141.6999969482422
Vanguard,VWRP.L,Vanguard FTSE All-World Accumulation UCITS ETF - VWRP.L,2026-06-02,142.4199981689453
Vanguard,VWRP.L,Vanguard FTSE All-World Accumulation UCITS ETF - VWRP.L,2026-06-03,141.8000030517578
Vanguard,VWRP.L,Vanguard FTSE All-World Accumulation UCITS ETF - VWRP.L,2026-06-04,141.75999450683594
Vanguard,VWRP.L,Vanguard FTSE All-World Accumulation UCITS ETF - VWRP.L,2026-06-05,140.13999938964844
Vanguard,VWRP.L,Vanguard FTSE All-World Accumulation UCITS ETF - VWRP.L,2026-06-06,140.13999938964844
Vanguard,VWRP.L,Vanguard FTSE All-World Accumulation UCITS ETF - VWRP.L,2026-06-07,140.13999938964844
Vanguard,VWRP.L,Vanguard FTSE All-World Accumulation UCITS ETF - VWRP.L,2026-06-08,139.75999450683594
Vanguard,VWRP.L,Vanguard FTSE All-World Accumulation UCITS ETF - VWRP.L,2026-06-09,137.60000610351562
Vanguard,VWRP.L,Vanguard FTSE All-World Accumulation UCITS ETF - VWRP.L,2026-06-10,137.3800048828125
Vanguard,VWRP.L,Vanguard FTSE All-World Accumulation UCITS ETF - VWRP.L,2026-06-11,137.8000030517578
Vanguard,VWRP.L,Vanguard FTSE All-World Accumulation UCITS ETF - VWRP.L,2026-06-12,140.0800018310547
Vanguard,VWRP.L,Vanguard FTSE All-World Accumulation UCITS ETF - VWRP.L,2026-06-13,140.0800018310547
Vanguard,VWRP.L,Vanguard FTSE All-World Accumulation UCITS ETF - VWRP.L,2026-06-14,140.0800018310547
Vanguard,VWRP.L,Vanguard FTSE All-World Accumulation UCITS ETF - VWRP.L,2026-06-15,142.16000366210938
Vanguard,VWRP.L,Vanguard FTSE All-World Accumulation UCITS ETF - VWRP.L,2026-06-16,141.9600067138672
Vanguard,VWRP.L,Vanguard FTSE All-World Accumulation UCITS ETF - VWRP.L,2026-06-17,142.44000244140625
Vanguard,VWRP.L,Vanguard FTSE All-World Accumulation UCITS ETF - VWRP.L,2026-06-18,143.5
Vanguard,VWRP.L,Vanguard FTSE All-World Accumulation UCITS ETF - VWRP.L,2026-06-19,143.47999572753906
Vanguard,VWRP.L,Vanguard FTSE All-World Accumulation UCITS ETF - VWRP.L,2026-06-20,143.47999572753906
Vanguard,VWRP.L,Vanguard FTSE All-World Accumulation UCITS ETF - VWRP.L,2026-06-21,143.47999572753906
Vanguard,VWRP.L,Vanguard FTSE All-World Accumulation UCITS ETF - VWRP.L,2026-06-22,143.33999633789062
Vanguard,VWRP.L,Vanguard FTSE All-World Accumulation UCITS ETF - VWRP.L,2026-06-23,141.39999389648438
Vanguard,VWRP.L,Vanguard FTSE All-World Accumulation UCITS ETF - VWRP.L,2026-06-24,142.05999755859375
Vanguard,VWRP.L,Vanguard FTSE All-World Accumulation UCITS ETF - VWRP.L,2026-06-25,141.47999572753906
Vanguard,VWRP.L,Vanguard FTSE All-World Accumulation UCITS ETF - VWRP.L,2026-06-26,141.13999938964844
Vanguard,VWRP.L,Vanguard FTSE All-World Accumulation UCITS ETF - VWRP.L,2026-06-27,141.13999938964844
Vanguard,VWRP.L,Vanguard FTSE All-World Accumulation UCITS ETF - VWRP.L,2026-06-28,141.13999938964844
Vanguard,VWRP.L,Vanguard FTSE All-World Accumulation UCITS ETF - VWRP.L,2026-06-29,140.8800048828125
Vanguard,VWRP.L,Vanguard FTSE All-World Accumulation UCITS ETF - VWRP.L,2026-06-30,142.3000030517578
Vanguard,VWRP.L,Vanguard FTSE All-World Accumulation UCITS ETF - VWRP.L,2026-07-01,142.33999633789062
Vanguard,VWRP.L,Vanguard FTSE All-World Accumulation UCITS ETF - VWRP.L,2026-07-02,141.22000122070312
Vanguard,VWRP.L,Vanguard FTSE All-World Accumulation UCITS ETF - VWRP.L,2026-07-03,142.05999755859375
Vanguard,VWRP.L,Vanguard FTSE All-World Accumulation UCITS ETF - VWRP.L,2026-07-04,142.05999755859375
Vanguard,VWRP.L,Vanguard FTSE All-World Accumulation UCITS ETF - VWRP.L,2026-07-05,142.05999755859375
Vanguard,VWRP.L,Vanguard FTSE All-World Accumulation UCITS ETF - VWRP.L,2026-07-06,142.44000244140625
Vanguard,VWRP.L,Vanguard FTSE All-World Accumulation UCITS ETF - VWRP.L,2026-07-07,140.72000122070312
Vanguard,VWRP.L,Vanguard FTSE All-World Accumulation UCITS ETF - VWRP.L,2026-07-08,139.66000366210938
Vanguard,VWRP.L,Vanguard FTSE All-World Accumulation UCITS ETF - VWRP.L,2026-07-09,141.27999877929688
Vanguard,VWRP.L,Vanguard FTSE All-World Accumulation UCITS ETF - VWRP.L,2026-07-10,141.55999755859375
Vanguard,VWRP.L,Vanguard FTSE All-World Accumulation UCITS ETF - VWRP.L,2026-07-11,141.55999755859375
Vanguard,VWRP.L,Vanguard FTSE All-World Accumulation UCITS ETF - VWRP.L,2026-07-12,141.55999755859375
Vanguard,VWRP.L,Vanguard FTSE All-World Accumulation UCITS ETF - VWRP.L,2026-07-13,141.27999877929688
Vanguard,VWRP.L,Vanguard FTSE All-World Accumulation UCITS ETF - VWRP.L,2026-07-14,141.47999572753906
Vanguard,VWRP.L,Vanguard FTSE All-World Accumulation UCITS ETF - VWRP.L,2026-07-15,140.5800018310547
Vanguard,VWRP.L,Vanguard FTSE All-World Accumulation UCITS ETF - VWRP.L,2026-07-16,140.4199981689453
Vanguard,VWRP.L,Vanguard FTSE All-World Accumulation UCITS ETF - VWRP.L,2026-07-17,139.0399932861328
Vanguard,VWRP.L,Vanguard FTSE All-World Accumulation UCITS ETF - VWRP.L,2026-07-18,139.0399932861328
Vanguard,VWRP.L,Vanguard FTSE All-World Accumulation UCITS ETF - VWRP.L,2026-07-19,139.0399932861328
Vanguard,VWRP.L,Vanguard FTSE All-World Accumulation UCITS ETF - VWRP.L,2026-07-20,139.6199951171875
Vanguard,VWRP.L,Vanguard FTSE All-World Accumulation UCITS ETF - VWRP.L,2026-07-21,140.86000061035156
Vanguard,VWRP.L,Vanguard FTSE All-World Accumulation UCITS ETF - VWRP.L,2026-07-22,141.0800018310547
Vanguard,VWRP.L,Vanguard FTSE All-World Accumulation UCITS ETF - VWRP.L,2026-07-23,139.60000610351562
Vanguard,VWRP.L,Vanguard FTSE All-World Accumulation UCITS ETF - VWRP.L,2026-07-24,140.1199951171875
Vanguard,VWRP.L,Vanguard FTSE All-World Accumulation UCITS ETF - VWRP.L,2026-07-25,140.1199951171875
Vanguard,VWRP.L,Vanguard FTSE All-World Accumulation UCITS ETF - VWRP.L,2026-07-26,140.1199951171875
Vanguard,VWRP.L,Vanguard FTSE All-World Accumulation UCITS ETF - VWRP.L,2026-07-27,139.6999969482422
Vanguard,VWRP.L,Vanguard FTSE All-World Accumulation UCITS ETF - VWRP.L,2026-07-28,140.1999969482422
Vanguard,VWRP.L,Vanguard FTSE All-World Accumulation UCITS ETF - VWRP.L,2026-07-29,139.05999755859375
Vanguard,VWRP.L,Vanguard FTSE All-World Accumulation UCITS ETF - VWRP.L,2026-07-30,138.77999877929688
Vanguard,VWRP.L,Vanguard FTSE All-World Accumulation UCITS ETF - VWRP.L,2026-07-31,139.16000366210938
Vanguard,VWRP.L,Vanguard FTSE All-World Accumulation UCITS ETF - VWRP.L,2026-08-01,139.16000366210938
Vanguard,VWRP.L,Vanguard FTSE All-World Accumulation UCITS ETF - VWRP.L,2026-08-02,139.16000366210938
Vanguard,VWRP.L,Vanguard FTSE All-World Accumulation UCITS ETF - VWRP.L,2026-08-03,141.44000244140625
Vanguard,VWRP.L,Vanguard FTSE All-World Accumulation UCITS ETF - VWRP.L,2026-08-04,143.4600067138672
Vanguard,VWRP.L,Vanguard FTSE All-World Accumulation UCITS ETF - VWRP.L,2026-08-05,144.10000610351562
Vanguard,VWRP.L,Vanguard FTSE All-World Accumulation UCITS ETF - VWRP.L,2026-08-06,143.72000122070312
Vanguard,VWRP.L,Vanguard FTSE All-World Accumulation UCITS ETF - VWRP.L,2026-08-07,144.1999969482422
Vanguard,VWRP.L,Vanguard FTSE All-World Accumulation UCITS ETF - VWRP.L,2026-08-08,144.1999969482422
Vanguard,VWRP.L,Vanguard FTSE All-World Accumulation UCITS ETF - VWRP.L,2026-08-09,144.1999969482422
Vanguard,VWRP.L,Vanguard FTSE All-World Accumulation UCITS ETF - VWRP.L,2026-08-10,143.82000732421875
Vanguard,VWRP.L,Vanguard FTSE All-World Accumulation UCITS ETF - VWRP.L,2026-08-11,143.9199981689453
Vanguard,VWRP.L,Vanguard FTSE All-World Accumulation UCITS ETF - VWRP.L,2026-08-12,144.22000122070312
Vanguard,VWRP.L,Vanguard FTSE All-World Accumulation UCITS ETF - VWRP.L,2026-08-13,144.9600067138672
Vanguard,VUAA.L,Vanguard S&P 500 Accumulation UCITS ETF - VUAA.L,2019-05-14,50.0
Vanguard,VUAA.L,Vanguard S&P 500 Accumulation UCITS ETF - VUAA.L,2019-05-15,50.300201416015625
Vanguard,VUAA.L,Vanguard S&P 500 Accumulation UCITS ETF - VUAA.L,2019-05-16,50.93000030517578
Vanguard,VUAA.L,Vanguard S&P 500 Accumulation UCITS ETF - VUAA.L,2019-05-17,50.93000030517578
Vanguard,VUAA.L,Vanguard S&P 500 Accumulation UCITS ETF - VUAA.L,2019-05-18,50.93000030517578
Vanguard,VUAA.L,Vanguard S&P 500 Accumulation UCITS ETF - VUAA.L,2019-05-19,50.93000030517578
Vanguard,VUAA.L,Vanguard S&P 500 Accumulation UCITS ETF - VUAA.L,2019-05-20,50.93000030517578
Vanguard,VUAA.L,Vanguard S&P 500 Accumulation UCITS ETF - VUAA.L,2019-05-21,50.93000030517578
Vanguard,VUAA.L,Vanguard S&P 500 Accumulation UCITS ETF - VUAA.L,2019-05-22,50.47999954223633
Vanguard,VUAA.L,Vanguard S&P 500 Accumulation UCITS ETF - VUAA.L,2019-05-23,50.47999954223633
Vanguard,VUAA.L,Vanguard S&P 500 Accumulation UCITS ETF - VUAA.L,2019-05-24,50.47999954223633
Vanguard,VUAA.L,Vanguard S&P 500 Accumulation UCITS ETF - VUAA.L,2019-05-25,50.47999954223633
Vanguard,VUAA.L,Vanguard S&P 500 Accumulation UCITS ETF - VUAA.L,2019-05-26,50.47999954223633
Vanguard,VUAA.L,Vanguard S&P 500 Accumulation UCITS ETF - VUAA.L,2019-05-27,50.47999954223633
Vanguard,VUAA.L,Vanguard S&P 500 Accumulation UCITS ETF - VUAA.L,2019-05-28,50.47999954223633
Vanguard,VUAA.L,Vanguard S&P 500 Accumulation UCITS ETF - VUAA.L,2019-05-29,50.47999954223633
Vanguard,VUAA.L,Vanguard S&P 500 Accumulation UCITS ETF - VUAA.L,2019-05-30,50.47999954223633
Vanguard,VUAA.L,Vanguard S&P 500 Accumulation UCITS ETF - VUAA.L,2019-05-31,50.47999954223633
Vanguard,VUAA.L,Vanguard S&P 500 Accumulation UCITS ETF - VUAA.L,2019-06-01,50.47999954223633
Vanguard,VUAA.L,Vanguard S&P 500 Accumulation UCITS ETF - VUAA.L,2019-06-02,50.47999954223633
Vanguard,VUAA.L,Vanguard S&P 500 Accumulation UCITS ETF - VUAA.L,2019-06-03,48.689998626708984
Vanguard,VUAA.L,Vanguard S&P 500 Accumulation UCITS ETF - VUAA.L,2019-06-04,49.2400016784668
Vanguard,VUAA.L,Vanguard S&P 500 Accumulation UCITS ETF - VUAA.L,2019-06-05,49.7400016784668
Vanguard,VUAA.L,Vanguard S&P 500 Accumulation UCITS ETF - VUAA.L,2019-06-06,50.084999084472656
Vanguard,VUAA.L,Vanguard S&P 500 Accumulation UCITS ETF - VUAA.L,2019-06-07,50.79999923706055
Vanguard,VUAA.L,Vanguard S&P 500 Accumulation UCITS ETF - VUAA.L,2019-06-08,50.79999923706055
Vanguard,VUAA.L,Vanguard S&P 500 Accumulation UCITS ETF - VUAA.L,2019-06-09,50.79999923706055
Vanguard,VUAA.L,Vanguard S&P 500 Accumulation UCITS ETF - VUAA.L,2019-06-10,50.79999923706055
Vanguard,VUAA.L,Vanguard S&P 500 Accumulation UCITS ETF - VUAA.L,2019-06-11,50.79999923706055
Vanguard,VUAA.L,Vanguard S&P 500 Accumulation UCITS ETF - VUAA.L,2019-06-12,50.79999923706055
Vanguard,VUAA.L,Vanguard S&P 500 Accumulation UCITS ETF - VUAA.L,2019-06-13,50.79999923706055
Vanguard,VUAA.L,Vanguard S&P 500 Accumulation UCITS ETF - VUAA.L,2019-06-14,50.994998931884766
Vanguard,VUAA.L,Vanguard S&P 500 Accumulation UCITS ETF - VUAA.L,2019-06-15,50.994998931884766
Vanguard,VUAA.L,Vanguard S&P 500 Accumulation UCITS ETF - VUAA.L,2019-06-16,50.994998931884766
Vanguard,VUAA.L,Vanguard S&P 500 Accumulation UCITS ETF - VUAA.L,2019-06-17,51.13999938964844
Vanguard,VUAA.L,Vanguard S&P 500 Accumulation UCITS ETF - VUAA.L,2019-06-18,51.650001525878906
Vanguard,VUAA.L,Vanguard S&P 500 Accumulation UCITS ETF - VUAA.L,2019-06-19,51.650001525878906
Vanguard,VUAA.L,Vanguard S&P 500 Accumulation UCITS ETF - VUAA.L,2019-06-20,51.650001525878906
Vanguard,VUAA.L,Vanguard S&P 500 Accumulation UCITS ETF - VUAA.L,2019-06-21,51.650001525878906
Vanguard,VUAA.L,Vanguard S&P 500 Accumulation UCITS ETF - VUAA.L,2019-06-22,51.650001525878906
Vanguard,VUAA.L,Vanguard S&P 500 Accumulation UCITS ETF - VUAA.L,2019-06-23,51.650001525878906
Vanguard,VUAA.L,Vanguard S&P 500 Accumulation UCITS ETF - VUAA.L,2019-06-24,52.19499969482422
Vanguard,VUAA.L,Vanguard S&P 500 Accumulation UCITS ETF - VUAA.L,2019-06-25,52.19499969482422
Vanguard,VUAA.L,Vanguard S&P 500 Accumulation UCITS ETF - VUAA.L,2019-06-26,52.19499969482422
Vanguard,VUAA.L,Vanguard S&P 500 Accumulation UCITS ETF - VUAA.L,2019-06-27,51.61000061035156
Vanguard,VUAA.L,Vanguard S&P 500 Accumulation UCITS ETF - VUAA.L,2019-06-28,51.83000183105469
Vanguard,VUAA.L,Vanguard S&P 500 Accumulation UCITS ETF - VUAA.L,2019-06-29,51.83000183105469
Vanguard,VUAA.L,Vanguard S&P 500 Accumulation UCITS ETF - VUAA.L,2019-06-30,51.83000183105469
Vanguard,VUAA.L,Vanguard S&P 500 Accumulation UCITS ETF - VUAA.L,2019-07-01,52.35499954223633
Vanguard,VUAA.L,Vanguard S&P 500 Accumulation UCITS ETF - VUAA.L,2019-07-02,52.415000915527344
Vanguard,VUAA.L,Vanguard S&P 500 Accumulation UCITS ETF - VUAA.L,2019-07-03,52.80500030517578
Vanguard,VUAA.L,Vanguard S&P 500 Accumulation UCITS ETF - VUAA.L,2019-07-04,52.80500030517578
Vanguard,VUAA.L,Vanguard S&P 500 Accumulation UCITS ETF - VUAA.L,2019-07-05,52.57500076293945
Vanguard,VUAA.L,Vanguard S&P 500 Accumulation UCITS ETF - VUAA.L,2019-07-06,52.57500076293945
Vanguard,VUAA.L,Vanguard S&P 500 Accumulation UCITS ETF - VUAA.L,2019-07-07,52.57500076293945
Vanguard,VUAA.L,Vanguard S&P 500 Accumulation UCITS ETF - VUAA.L,2019-07-08,52.6150016784668
Vanguard,VUAA.L,Vanguard S&P 500 Accumulation UCITS ETF - VUAA.L,2019-07-09,52.595001220703125
Vanguard,VUAA.L,Vanguard S&P 500 Accumulation UCITS ETF - VUAA.L,2019-07-10,52.84000015258789
Vanguard,VUAA.L,Vanguard S&P 500 Accumulation UCITS ETF - VUAA.L,2019-07-11,53.060001373291016
Vanguard,VUAA.L,Vanguard S&P 500 Accumulation UCITS ETF - VUAA.L,2019-07-12,53.189998626708984
Vanguard,VUAA.L,Vanguard S&P 500 Accumulation UCITS ETF - VUAA.L,2019-07-13,53.189998626708984
Vanguard,VUAA.L,Vanguard S&P 500 Accumulation UCITS ETF - VUAA.L,2019-07-14,53.189998626708984
Vanguard,VUAA.L,Vanguard S&P 500 Accumulation UCITS ETF - VUAA.L,2019-07-15,53.28499984741211
Vanguard,VUAA.L,Vanguard S&P 500 Accumulation UCITS ETF - VUAA.L,2019-07-16,53.244998931884766
Vanguard,VUAA.L,Vanguard S&P 500 Accumulation UCITS ETF - VUAA.L,2019-07-17,52.974998474121094
Vanguard,VUAA.L,Vanguard S&P 500 Accumulation UCITS ETF - VUAA.L,2019-07-18,52.67499923706055
Vanguard,VUAA.L,Vanguard S&P 500 Accumulation UCITS ETF - VUAA.L,2019-07-19,53.03499984741211
Vanguard,VUAA.L,Vanguard S&P 500 Accumulation UCITS ETF - VUAA.L,2019-07-20,53.03499984741211
Vanguard,VUAA.L,Vanguard S&P 500 Accumulation UCITS ETF - VUAA.L,2019-07-21,53.03499984741211
Vanguard,VUAA.L,Vanguard S&P 500 Accumulation UCITS ETF - VUAA.L,2019-07-22,52.755001068115234
Vanguard,VUAA.L,Vanguard S&P 500 Accumulation UCITS ETF - VUAA.L,2019-07-23,52.994998931884766
Vanguard,VUAA.L,Vanguard S&P 500 Accumulation UCITS ETF - VUAA.L,2019-07-24,53.21500015258789
Vanguard,VUAA.L,Vanguard S&P 500 Accumulation UCITS ETF - VUAA.L,2019-07-25,53.30500030517578
Vanguard,VUAA.L,Vanguard S&P 500 Accumulation UCITS ETF - VUAA.L,2019-07-26,53.494998931884766
Vanguard,VUAA.L,Vanguard S&P 500 Accumulation UCITS ETF - VUAA.L,2019-07-27,53.494998931884766
Vanguard,VUAA.L,Vanguard S&P 500 Accumulation UCITS ETF - VUAA.L,2019-07-28,53.494998931884766
Vanguard,VUAA.L,Vanguard S&P 500 Accumulation UCITS ETF - VUAA.L,2019-07-29,53.5099983215332
Vanguard,VUAA.L,Vanguard S&P 500 Accumulation UCITS ETF - VUAA.L,2019-07-30,53.3650016784668
Vanguard,VUAA.L,Vanguard S&P 500 Accumulation UCITS ETF - VUAA.L,2019-07-31,53.404998779296875
Vanguard,VUAA.L,Vanguard S&P 500 Accumulation UCITS ETF - VUAA.L,2019-08-01,53.33000183105469
Vanguard,VUAA.L,Vanguard S&P 500 Accumulation UCITS ETF - VUAA.L,2019-08-02,51.73500061035156
Vanguard,VUAA.L,Vanguard S&P 500 Accumulation UCITS ETF - VUAA.L,2019-08-03,51.73500061035156
Vanguard,VUAA.L,Vanguard S&P 500 Accumulation UCITS ETF - VUAA.L,2019-08-04,51.73500061035156
Vanguard,VUAA.L,Vanguard S&P 500 Accumulation UCITS ETF - VUAA.L,2019-08-05,50.83000183105469
Vanguard,VUAA.L,Vanguard S&P 500 Accumulation UCITS ETF - VUAA.L,2019-08-06,50.53499984741211
Vanguard,VUAA.L,Vanguard S&P 500 Accumulation UCITS ETF - VUAA.L,2019-08-07,50.57500076293945
Vanguard,VUAA.L,Vanguard S&P 500 Accumulation UCITS ETF - VUAA.L,2019-08-08,51.67499923706055
Vanguard,VUAA.L,Vanguard S&P 500 Accumulation UCITS ETF - VUAA.L,2019-08-09,51.38999938964844
Vanguard,VUAA.L,Vanguard S&P 500 Accumulation UCITS ETF - VUAA.L,2019-08-10,51.38999938964844
Vanguard,VUAA.L,Vanguard S&P 500 Accumulation UCITS ETF - VUAA.L,2019-08-11,51.38999938964844
Vanguard,VUAA.L,Vanguard S&P 500 Accumulation UCITS ETF - VUAA.L,2019-08-12,51.255001068115234
Vanguard,VUAA.L,Vanguard S&P 500 Accumulation UCITS ETF - VUAA.L,2019-08-13,51.724998474121094
Vanguard,VUAA.L,Vanguard S&P 500 Accumulation UCITS ETF - VUAA.L,2019-08-14,50.709999084472656
Vanguard,VUAA.L,Vanguard S&P 500 Accumulation UCITS ETF - VUAA.L,2019-08-15,50.415000915527344
Vanguard,VUAA.L,Vanguard S&P 500 Accumulation UCITS ETF - VUAA.L,2019-08-16,51.1349983215332
Vanguard,VUAA.L,Vanguard S&P 500 Accumulation UCITS ETF - VUAA.L,2019-08-17,51.1349983215332
Vanguard,VUAA.L,Vanguard S&P 500 Accumulation UCITS ETF - VUAA.L,2019-08-18,51.1349983215332
Vanguard,VUAA.L,Vanguard S&P 500 Accumulation UCITS ETF - VUAA.L,2019-08-19,51.834999084472656
Vanguard,VUAA.L,Vanguard S&P 500 Accumulation UCITS ETF - VUAA.L,2019-08-20,51.724998474121094
Vanguard,VUAA.L,Vanguard S&P 500 Accumulation UCITS ETF - VUAA.L,2019-08-21,51.845001220703125
Vanguard,VUAA.L,Vanguard S&P 500 Accumulation UCITS ETF - VUAA.L,2019-08-22,51.6150016784668
Vanguard,VUAA.L,Vanguard S&P 500 Accumulation UCITS ETF - VUAA.L,2019-08-23,51.064998626708984
Vanguard,VUAA.L,Vanguard S&P 500 Accumulation UCITS ETF - VUAA.L,2019-08-24,51.064998626708984
Vanguard,VUAA.L,Vanguard S&P 500 Accumulation UCITS ETF - VUAA.L,2019-08-25,51.064998626708984
Vanguard,VUAA.L,Vanguard S&P 500 Accumulation UCITS ETF - VUAA.L,2019-08-26,51.064998626708984
Vanguard,VUAA.L,Vanguard S&P 500 Accumulation UCITS ETF - VUAA.L,2019-08-27,50.95000076293945
Vanguard,VUAA.L,Vanguard S&P 500 Accumulation UCITS ETF - VUAA.L,2019-08-28,51.125
Vanguard,VUAA.L,Vanguard S&P 500 Accumulation UCITS ETF - VUAA.L,2019-08-29,51.779998779296875
Vanguard,VUAA.L,Vanguard S&P 500 Accumulation UCITS ETF - VUAA.L,2019-08-30,51.71500015258789
Vanguard,VUAA.L,Vanguard S&P 500 Accumulation UCITS ETF - VUAA.L,2019-08-31,51.71500015258789
Vanguard,VUAA.L,Vanguard S&P 500 Accumulation UCITS ETF - VUAA.L,2019-09-01,51.71500015258789
Vanguard,VUAA.L,Vanguard S&P 500 Accumulation UCITS ETF - VUAA.L,2019-09-02,51.665000915527344
Vanguard,VUAA.L,Vanguard S&P 500 Accumulation UCITS ETF - VUAA.L,2019-09-03,51.470001220703125
Vanguard,VUAA.L,Vanguard S&P 500 Accumulation UCITS ETF - VUAA.L,2019-09-04,51.96500015258789
Vanguard,VUAA.L,Vanguard S&P 500 Accumulation UCITS ETF - VUAA.L,2019-09-05,52.814998626708984
Vanguard,VUAA.L,Vanguard S&P 500 Accumulation UCITS ETF - VUAA.L,2019-09-06,52.869998931884766
Vanguard,VUAA.L,Vanguard S&P 500 Accumulation UCITS ETF - VUAA.L,2019-09-07,52.869998931884766
Vanguard,VUAA.L,Vanguard S&P 500 Accumulation UCITS ETF - VUAA.L,2019-09-08,52.869998931884766
Vanguard,VUAA.L,Vanguard S&P 500 Accumulation UCITS ETF - VUAA.L,2019-09-09,52.93000030517578
Vanguard,VUAA.L,Vanguard S&P 500 Accumulation UCITS ETF - VUAA.L,2019-09-10,52.4900016784668
Vanguard,VUAA.L,Vanguard S&P 500 Accumulation UCITS ETF - VUAA.L,2019-09-11,52.994998931884766
Vanguard,VUAA.L,Vanguard S&P 500 Accumulation UCITS ETF - VUAA.L,2019-09-12,53.42499923706055
Vanguard,VUAA.L,Vanguard S&P 500 Accumulation UCITS ETF - VUAA.L,2019-09-13,53.474998474121094
Vanguard,VUAA.L,Vanguard S&P 500 Accumulation UCITS ETF - VUAA.L,2019-09-14,53.474998474121094
Vanguard,VUAA.L,Vanguard S&P 500 Accumulation UCITS ETF - VUAA.L,2019-09-15,53.474998474121094
Vanguard,VUAA.L,Vanguard S&P 500 Accumulation UCITS ETF - VUAA.L,2019-09-16,53.220001220703125
Vanguard,VUAA.L,Vanguard S&P 500 Accumulation UCITS ETF - VUAA.L,2019-09-17,53.20500183105469
Vanguard,VUAA.L,Vanguard S&P 500 Accumulation UCITS ETF - VUAA.L,2019-09-18,53.18000030517578
Vanguard,VUAA.L,Vanguard S&P 500 Accumulation UCITS ETF - VUAA.L,2019-09-19,53.57500076293945
Vanguard,VUAA.L,Vanguard S&P 500 Accumulation UCITS ETF - VUAA.L,2019-09-20,53.415000915527344
Vanguard,VUAA.L,Vanguard S&P 500 Accumulation UCITS ETF - VUAA.L,2019-09-21,53.415000915527344
Vanguard,VUAA.L,Vanguard S&P 500 Accumulation UCITS ETF - VUAA.L,2019-09-22,53.415000915527344
Vanguard,VUAA.L,Vanguard S&P 500 Accumulation UCITS ETF - VUAA.L,2019-09-23,53.099998474121094
Vanguard,VUAA.L,Vanguard S&P 500 Accumulation UCITS ETF - VUAA.L,2019-09-24,53.1349983215332
Vanguard,VUAA.L,Vanguard S&P 500 Accumulation UCITS ETF - VUAA.L,2019-09-25,52.77000045776367
Vanguard,VUAA.L,Vanguard S&P 500 Accumulation UCITS ETF - VUAA.L,2019-09-26,52.68000030517578
Vanguard,VUAA.L,Vanguard S&P 500 Accumulation UCITS ETF - VUAA.L,2019-09-27,52.96500015258789
Vanguard,VUAA.L,Vanguard S&P 500 Accumulation UCITS ETF - VUAA.L,2019-09-28,52.96500015258789
Vanguard,VUAA.L,Vanguard S&P 500 Accumulation UCITS ETF - VUAA.L,2019-09-29,52.96500015258789
Vanguard,VUAA.L,Vanguard S&P 500 Accumulation UCITS ETF - VUAA.L,2019-09-30,52.875
Vanguard,VUAA.L,Vanguard S&P 500 Accumulation UCITS ETF - VUAA.L,2019-10-01,52.61000061035156
Vanguard,VUAA.L,Vanguard S&P 500 Accumulation UCITS ETF - VUAA.L,2019-10-02,51.29999923706055
Vanguard,VUAA.L,Vanguard S&P 500 Accumulation UCITS ETF - VUAA.L,2019-10-03,51.369998931884766
Vanguard,VUAA.L,Vanguard S&P 500 Accumulation UCITS ETF - VUAA.L,2019-10-04,52.06999969482422
Vanguard,VUAA.L,Vanguard S&P 500 Accumulation UCITS ETF - VUAA.L,2019-10-05,52.06999969482422
Vanguard,VUAA.L,Vanguard S&P 500 Accumulation UCITS ETF - VUAA.L,2019-10-06,52.06999969482422
Vanguard,VUAA.L,Vanguard S&P 500 Accumulation UCITS ETF - VUAA.L,2019-10-07,52.39500045776367
Vanguard,VUAA.L,Vanguard S&P 500 Accumulation UCITS ETF - VUAA.L,2019-10-08,51.52000045776367
Vanguard,VUAA.L,Vanguard S&P 500 Accumulation UCITS ETF - VUAA.L,2019-10-09,51.69499969482422
Vanguard,VUAA.L,Vanguard S&P 500 Accumulation UCITS ETF - VUAA.L,2019-10-10,52.32500076293945
Vanguard,VUAA.L,Vanguard S&P 500 Accumulation UCITS ETF - VUAA.L,2019-10-11,53.099998474121094
Vanguard,VUAA.L,Vanguard S&P 500 Accumulation UCITS ETF - VUAA.L,2019-10-12,53.099998474121094
Vanguard,VUAA.L,Vanguard S&P 500 Accumulation UCITS ETF - VUAA.L,2019-10-13,53.099998474121094
Vanguard,VUAA.L,Vanguard S&P 500 Accumulation UCITS ETF - VUAA.L,2019-10-14,52.724998474121094
Vanguard,VUAA.L,Vanguard S&P 500 Accumulation UCITS ETF - VUAA.L,2019-10-15,53.27000045776367
Vanguard,VUAA.L,Vanguard S&P 500 Accumulation UCITS ETF - VUAA.L,2019-10-16,53.18000030517578
Vanguard,VUAA.L,Vanguard S&P 500 Accumulation UCITS ETF - VUAA.L,2019-10-17,53.28499984741211
Vanguard,VUAA.L,Vanguard S&P 500 Accumulation UCITS ETF - VUAA.L,2019-10-18,53.185001373291016
Vanguard,VUAA.L,Vanguard S&P 500 Accumulation UCITS ETF - VUAA.L,2019-10-19,53.185001373291016
Vanguard,VUAA.L,Vanguard S&P 500 Accumulation UCITS ETF - VUAA.L,2019-10-20,53.185001373291016
Vanguard,VUAA.L,Vanguard S&P 500 Accumulation UCITS ETF - VUAA.L,2019-10-21,53.3650016784668
Vanguard,VUAA.L,Vanguard S&P 500 Accumulation UCITS ETF - VUAA.L,2019-10-22,53.4900016784668
Vanguard,VUAA.L,Vanguard S&P 500 Accumulation UCITS ETF - VUAA.L,2019-10-23,53.34000015258789
Vanguard,VUAA.L,Vanguard S&P 500 Accumulation UCITS ETF - VUAA.L,2019-10-24,53.474998474121094
Vanguard,VUAA.L,Vanguard S&P 500 Accumulation UCITS ETF - VUAA.L,2019-10-25,53.77000045776367
Vanguard,VUAA.L,Vanguard S&P 500 Accumulation UCITS ETF - VUAA.L,2019-10-26,53.77000045776367
Vanguard,VUAA.L,Vanguard S&P 500 Accumulation UCITS ETF - VUAA.L,2019-10-27,53.77000045776367
Vanguard,VUAA.L,Vanguard S&P 500 Accumulation UCITS ETF - VUAA.L,2019-10-28,54.005001068115234
Vanguard,VUAA.L,Vanguard S&P 500 Accumulation UCITS ETF - VUAA.L,2019-10-29,54.06999969482422
Vanguard,VUAA.L,Vanguard S&P 500 Accumulation UCITS ETF - VUAA.L,2019-10-30,53.95000076293945
Vanguard,VUAA.L,Vanguard S&P 500 Accumulation UCITS ETF - VUAA.L,2019-10-31,53.81999969482422
Vanguard,VUAA.L,Vanguard S&P 500 Accumulation UCITS ETF - VUAA.L,2019-11-01,54.35499954223633
Vanguard,VUAA.L,Vanguard S&P 500 Accumulation UCITS ETF - VUAA.L,2019-11-02,54.35499954223633
Vanguard,VUAA.L,Vanguard S&P 500 Accumulation UCITS ETF - VUAA.L,2019-11-03,54.35499954223633
Vanguard,VUAA.L,Vanguard S&P 500 Accumulation UCITS ETF - VUAA.L,2019-11-04,54.744998931884766
Vanguard,VUAA.L,Vanguard S&P 500 Accumulation UCITS ETF - VUAA.L,2019-11-05,54.66999816894531
Vanguard,VUAA.L,Vanguard S&P 500 Accumulation UCITS ETF - VUAA.L,2019-11-06,54.619998931884766
Vanguard,VUAA.L,Vanguard S&P 500 Accumulation UCITS ETF - VUAA.L,2019-11-07,54.970001220703125
Vanguard,VUAA.L,Vanguard S&P 500 Accumulation UCITS ETF - VUAA.L,2019-11-08,54.7599983215332
Vanguard,VUAA.L,Vanguard S&P 500 Accumulation UCITS ETF - VUAA.L,2019-11-09,54.7599983215332
Vanguard,VUAA.L,Vanguard S&P 500 Accumulation UCITS ETF - VUAA.L,2019-11-10,54.7599983215332
Vanguard,VUAA.L,Vanguard S&P 500 Accumulation UCITS ETF - VUAA.L,2019-11-11,54.77000045776367
Vanguard,VUAA.L,Vanguard S&P 500 Accumulation UCITS ETF - VUAA.L,2019-11-12,55.130001068115234
Vanguard,VUAA.L,Vanguard S&P 500 Accumulation UCITS ETF - VUAA.L,2019-11-13,54.939998626708984
Vanguard,VUAA.L,Vanguard S&P 500 Accumulation UCITS ETF - VUAA.L,2019-11-14,55.0099983215332
Vanguard,VUAA.L,Vanguard S&P 500 Accumulation UCITS ETF - VUAA.L,2019-11-15,55.41999816894531
Vanguard,VUAA.L,Vanguard S&P 500 Accumulation UCITS ETF - VUAA.L,2019-11-16,55.41999816894531
Vanguard,VUAA.L,Vanguard S&P 500 Accumulation UCITS ETF - VUAA.L,2019-11-17,55.41999816894531
Vanguard,VUAA.L,Vanguard S&P 500 Accumulation UCITS ETF - VUAA.L,2019-11-18,55.48500061035156
Vanguard,VUAA.L,Vanguard S&P 500 Accumulation UCITS ETF - VUAA.L,2019-11-19,55.4900016784668
Vanguard,VUAA.L,Vanguard S&P 500 Accumulation UCITS ETF - VUAA.L,2019-11-20,55.45000076293945
Vanguard,VUAA.L,Vanguard S&P 500 Accumulation UCITS ETF - VUAA.L,2019-11-21,55.2599983215332
Vanguard,VUAA.L,Vanguard S&P 500 Accumulation UCITS ETF - VUAA.L,2019-11-22,55.21500015258789
Vanguard,VUAA.L,Vanguard S&P 500 Accumulation UCITS ETF - VUAA.L,2019-11-23,55.21500015258789
Vanguard,VUAA.L,Vanguard S&P 500 Accumulation UCITS ETF - VUAA.L,2019-11-24,55.21500015258789
Vanguard,VUAA.L,Vanguard S&P 500 Accumulation UCITS ETF - VUAA.L,2019-11-25,55.70000076293945
Vanguard,VUAA.L,Vanguard S&P 500 Accumulation UCITS ETF - VUAA.L,2019-11-26,55.915000915527344
Vanguard,VUAA.L,Vanguard S&P 500 Accumulation UCITS ETF - VUAA.L,2019-11-27,56.0
Vanguard,VUAA.L,Vanguard S&P 500 Accumulation UCITS ETF - VUAA.L,2019-11-28,56.06999969482422
Vanguard,VUAA.L,Vanguard S&P 500 Accumulation UCITS ETF - VUAA.L,2019-11-29,56.0099983215332
Vanguard,VUAA.L,Vanguard S&P 500 Accumulation UCITS ETF - VUAA.L,2019-11-30,56.0099983215332
Vanguard,VUAA.L,Vanguard S&P 500 Accumulation UCITS ETF - VUAA.L,2019-12-01,56.0099983215332
Vanguard,VUAA.L,Vanguard S&P 500 Accumulation UCITS ETF - VUAA.L,2019-12-02,55.470001220703125
Vanguard,VUAA.L,Vanguard S&P 500 Accumulation UCITS ETF - VUAA.L,2019-12-03,54.810001373291016
Vanguard,VUAA.L,Vanguard S&P 500 Accumulation UCITS ETF - VUAA.L,2019-12-04,55.45500183105469
Vanguard,VUAA.L,Vanguard S&P 500 Accumulation UCITS ETF - VUAA.L,2019-12-05,55.415000915527344
Vanguard,VUAA.L,Vanguard S&P 500 Accumulation UCITS ETF - VUAA.L,2019-12-06,56.09000015258789
Vanguard,VUAA.L,Vanguard S&P 500 Accumulation UCITS ETF - VUAA.L,2019-12-07,56.09000015258789
Vanguard,VUAA.L,Vanguard S&P 500 Accumulation UCITS ETF - VUAA.L,2019-12-08,56.09000015258789
Vanguard,VUAA.L,Vanguard S&P 500 Accumulation UCITS ETF - VUAA.L,2019-12-09,56.0099983215332
Vanguard,VUAA.L,Vanguard S&P 500 Accumulation UCITS ETF - VUAA.L,2019-12-10,55.89500045776367
Vanguard,VUAA.L,Vanguard S&P 500 Accumulation UCITS ETF - VUAA.L,2019-12-11,55.869998931884766
Vanguard,VUAA.L,Vanguard S&P 500 Accumulation UCITS ETF - VUAA.L,2019-12-12,56.310001373291016
Vanguard,VUAA.L,Vanguard S&P 500 Accumulation UCITS ETF - VUAA.L,2019-12-13,56.25
Vanguard,VUAA.L,Vanguard S&P 500 Accumulation UCITS ETF - VUAA.L,2019-12-14,56.25
Vanguard,VUAA.L,Vanguard S&P 500 Accumulation UCITS ETF - VUAA.L,2019-12-15,56.25
Vanguard,VUAA.L,Vanguard S&P 500 Accumulation UCITS ETF - VUAA.L,2019-12-16,56.939998626708984
Vanguard,VUAA.L,Vanguard S&P 500 Accumulation UCITS ETF - VUAA.L,2019-12-17,56.900001525878906
Vanguard,VUAA.L,Vanguard S&P 500 Accumulation UCITS ETF - VUAA.L,2019-12-18,56.970001220703125
Vanguard,VUAA.L,Vanguard S&P 500 Accumulation UCITS ETF - VUAA.L,2019-12-19,57.040000915527344
Vanguard,VUAA.L,Vanguard S&P 500 Accumulation UCITS ETF - VUAA.L,2019-12-20,57.40999984741211
Vanguard,VUAA.L,Vanguard S&P 500 Accumulation UCITS ETF - VUAA.L,2019-12-21,57.40999984741211
Vanguard,VUAA.L,Vanguard S&P 500 Accumulation UCITS ETF - VUAA.L,2019-12-22,57.40999984741211
Vanguard,VUAA.L,Vanguard S&P 500 Accumulation UCITS ETF - VUAA.L,2019-12-23,57.540000915527344
Vanguard,VUAA.L,Vanguard S&P 500 Accumulation UCITS ETF - VUAA.L,2019-12-24,57.525001525878906
Vanguard,VUAA.L,Vanguard S&P 500 Accumulation UCITS ETF - VUAA.L,2019-12-25,57.525001525878906
Vanguard,VUAA.L,Vanguard S&P 500 Accumulation UCITS ETF - VUAA.L,2019-12-26,57.525001525878906
Vanguard,VUAA.L,Vanguard S&P 500 Accumulation UCITS ETF - VUAA.L,2019-12-27,57.79999923706055
Vanguard,VUAA.L,Vanguard S&P 500 Accumulation UCITS ETF - VUAA.L,2019-12-28,57.79999923706055
Vanguard,VUAA.L,Vanguard S&P 500 Accumulation UCITS ETF - VUAA.L,2019-12-29,57.79999923706055
Vanguard,VUAA.L,Vanguard S&P 500 Accumulation UCITS ETF - VUAA.L,2019-12-30,57.45000076293945
Vanguard,VUAA.L,Vanguard S&P 500 Accumulation UCITS ETF - VUAA.L,2019-12-31,57.40999984741211
Vanguard,VUAA.L,Vanguard S&P 500 Accumulation UCITS ETF - VUAA.L,2020-01-01,57.40999984741211
Vanguard,VUAA.L,Vanguard S&P 500 Accumulation UCITS ETF - VUAA.L,2020-01-02,57.76499938964844
Vanguard,VUAA.L,Vanguard S&P 500 Accumulation UCITS ETF - VUAA.L,2020-01-03,57.650001525878906
Vanguard,VUAA.L,Vanguard S&P 500 Accumulation UCITS ETF - VUAA.L,2020-01-04,57.650001525878906
Vanguard,VUAA.L,Vanguard S&P 500 Accumulation UCITS ETF - VUAA.L,2020-01-05,57.650001525878906
Vanguard,VUAA.L,Vanguard S&P 500 Accumulation UCITS ETF - VUAA.L,2020-01-06,57.630001068115234
Vanguard,VUAA.L,Vanguard S&P 500 Accumulation UCITS ETF - VUAA.L,2020-01-07,57.83000183105469
Vanguard,VUAA.L,Vanguard S&P 500 Accumulation UCITS ETF - VUAA.L,2020-01-08,57.93000030517578
Vanguard,VUAA.L,Vanguard S&P 500 Accumulation UCITS ETF - VUAA.L,2020-01-09,58.31999969482422
Vanguard,VUAA.L,Vanguard S&P 500 Accumulation UCITS ETF - VUAA.L,2020-01-10,58.43000030517578
Vanguard,VUAA.L,Vanguard S&P 500 Accumulation UCITS ETF - VUAA.L,2020-01-11,58.43000030517578
Vanguard,VUAA.L,Vanguard S&P 500 Accumulation UCITS ETF - VUAA.L,2020-01-12,58.43000030517578
Vanguard,VUAA.L,Vanguard S&P 500 Accumulation UCITS ETF - VUAA.L,2020-01-13,58.459999084472656
Vanguard,VUAA.L,Vanguard S&P 500 Accumulation UCITS ETF - VUAA.L,2020-01-14,58.595001220703125
Vanguard,VUAA.L,Vanguard S&P 500 Accumulation UCITS ETF - VUAA.L,2020-01-15,58.7599983215332
Vanguard,VUAA.L,Vanguard S&P 500 Accumulation UCITS ETF - VUAA.L,2020-01-16,58.95000076293945
Vanguard,VUAA.L,Vanguard S&P 500 Accumulation UCITS ETF - VUAA.L,2020-01-17,59.22999954223633
Vanguard,VUAA.L,Vanguard S&P 500 Accumulation UCITS ETF - VUAA.L,2020-01-18,59.22999954223633
Vanguard,VUAA.L,Vanguard S&P 500 Accumulation UCITS ETF - VUAA.L,2020-01-19,59.22999954223633
Vanguard,VUAA.L,Vanguard S&P 500 Accumulation UCITS ETF - VUAA.L,2020-01-20,59.27000045776367
Vanguard,VUAA.L,Vanguard S&P 500 Accumulation UCITS ETF - VUAA.L,2020-01-21,59.31999969482422
Vanguard,VUAA.L,Vanguard S&P 500 Accumulation UCITS ETF - VUAA.L,2020-01-22,59.35499954223633
Vanguard,VUAA.L,Vanguard S&P 500 Accumulation UCITS ETF - VUAA.L,2020-01-23,58.939998626708984
Vanguard,VUAA.L,Vanguard S&P 500 Accumulation UCITS ETF - VUAA.L,2020-01-24,59.150001525878906
Vanguard,VUAA.L,Vanguard S&P 500 Accumulation UCITS ETF - VUAA.L,2020-01-25,59.150001525878906
Vanguard,VUAA.L,Vanguard S&P 500 Accumulation UCITS ETF - VUAA.L,2020-01-26,59.150001525878906
Vanguard,VUAA.L,Vanguard S&P 500 Accumulation UCITS ETF - VUAA.L,2020-01-27,57.89500045776367
Vanguard,VUAA.L,Vanguard S&P 500 Accumulation UCITS ETF - VUAA.L,2020-01-28,58.470001220703125
Vanguard,VUAA.L,Vanguard S&P 500 Accumulation UCITS ETF - VUAA.L,2020-01-29,58.650001525878906
Vanguard,VUAA.L,Vanguard S&P 500 Accumulation UCITS ETF - VUAA.L,2020-01-30,58.084999084472656
Vanguard,VUAA.L,Vanguard S&P 500 Accumulation UCITS ETF - VUAA.L,2020-01-31,57.75
Vanguard,VUAA.L,Vanguard S&P 500 Accumulation UCITS ETF - VUAA.L,2020-02-01,57.75
Vanguard,VUAA.L,Vanguard S&P 500 Accumulation UCITS ETF - VUAA.L,2020-02-02,57.75
Vanguard,VUAA.L,Vanguard S&P 500 Accumulation UCITS ETF - VUAA.L,2020-02-03,58.060001373291016
Vanguard,VUAA.L,Vanguard S&P 500 Accumulation UCITS ETF - VUAA.L,2020-02-04,58.88999938964844
Vanguard,VUAA.L,Vanguard S&P 500 Accumulation UCITS ETF - VUAA.L,2020-02-05,59.31999969482422
Vanguard,VUAA.L,Vanguard S&P 500 Accumulation UCITS ETF - VUAA.L,2020-02-06,59.70000076293945
Vanguard,VUAA.L,Vanguard S&P 500 Accumulation UCITS ETF - VUAA.L,2020-02-07,59.584999084472656
Vanguard,VUAA.L,Vanguard S&P 500 Accumulation UCITS ETF - VUAA.L,2020-02-08,59.584999084472656
Vanguard,VUAA.L,Vanguard S&P 500 Accumulation UCITS ETF - VUAA.L,2020-02-09,59.584999084472656
Vanguard,VUAA.L,Vanguard S&P 500 Accumulation UCITS ETF - VUAA.L,2020-02-10,59.61000061035156
Vanguard,VUAA.L,Vanguard S&P 500 Accumulation UCITS ETF - VUAA.L,2020-02-11,60.125
Vanguard,VUAA.L,Vanguard S&P 500 Accumulation UCITS ETF - VUAA.L,2020-02-12,60.279998779296875
Vanguard,VUAA.L,Vanguard S&P 500 Accumulation UCITS ETF - VUAA.L,2020-02-13,60.310001373291016
Vanguard,VUAA.L,Vanguard S&P 500 Accumulation UCITS ETF - VUAA.L,2020-02-14,60.33000183105469
Vanguard,VUAA.L,Vanguard S&P 500 Accumulation UCITS ETF - VUAA.L,2020-02-15,60.33000183105469
Vanguard,VUAA.L,Vanguard S&P 500 Accumulation UCITS ETF - VUAA.L,2020-02-16,60.33000183105469
Vanguard,VUAA.L,Vanguard S&P 500 Accumulation UCITS ETF - VUAA.L,2020-02-17,60.525001525878906
Vanguard,VUAA.L,Vanguard S&P 500 Accumulation UCITS ETF - VUAA.L,2020-02-18,59.974998474121094
Vanguard,VUAA.L,Vanguard S&P 500 Accumulation UCITS ETF - VUAA.L,2020-02-19,60.560001373291016
Vanguard,VUAA.L,Vanguard S&P 500 Accumulation UCITS ETF - VUAA.L,2020-02-20,60.060001373291016
Vanguard,VUAA.L,Vanguard S&P 500 Accumulation UCITS ETF - VUAA.L,2020-02-21,59.755001068115234
Vanguard,VUAA.L,Vanguard S&P 500 Accumulation UCITS ETF - VUAA.L,2020-02-22,59.755001068115234
Vanguard,VUAA.L,Vanguard S&P 500 Accumulation UCITS ETF - VUAA.L,2020-02-23,59.755001068115234
Vanguard,VUAA.L,Vanguard S&P 500 Accumulation UCITS ETF - VUAA.L,2020-02-24,57.95500183105469
Vanguard,VUAA.L,Vanguard S&P 500 Accumulation UCITS ETF - VUAA.L,2020-02-25,56.959999084472656
Vanguard,VUAA.L,Vanguard S&P 500 Accumulation UCITS ETF - VUAA.L,2020-02-26,56.75
Vanguard,VUAA.L,Vanguard S&P 500 Accumulation UCITS ETF - VUAA.L,2020-02-27,54.59000015258789
Vanguard,VUAA.L,Vanguard S&P 500 Accumulation UCITS ETF - VUAA.L,2020-02-28,51.98500061035156
Vanguard,VUAA.L,Vanguard S&P 500 Accumulation UCITS ETF - VUAA.L,2020-02-29,51.98500061035156
Vanguard,VUAA.L,Vanguard S&P 500 Accumulation UCITS ETF - VUAA.L,2020-03-01,51.98500061035156
Vanguard,VUAA.L,Vanguard S&P 500 Accumulation UCITS ETF - VUAA.L,2020-03-02,53.810001373291016
Vanguard,VUAA.L,Vanguard S&P 500 Accumulation UCITS ETF - VUAA.L,2020-03-03,54.21500015258789
Vanguard,VUAA.L,Vanguard S&P 500 Accumulation UCITS ETF - VUAA.L,2020-03-04,54.70000076293945
Vanguard,VUAA.L,Vanguard S&P 500 Accumulation UCITS ETF - VUAA.L,2020-03-05,54.97999954223633
Vanguard,VUAA.L,Vanguard S&P 500 Accumulation UCITS ETF - VUAA.L,2020-03-06,52.724998474121094
Vanguard,VUAA.L,Vanguard S&P 500 Accumulation UCITS ETF - VUAA.L,2020-03-07,52.724998474121094
Vanguard,VUAA.L,Vanguard S&P 500 Accumulation UCITS ETF - VUAA.L,2020-03-08,52.724998474121094
Vanguard,VUAA.L,Vanguard S&P 500 Accumulation UCITS ETF - VUAA.L,2020-03-09,50.20000076293945
Vanguard,VUAA.L,Vanguard S&P 500 Accumulation UCITS ETF - VUAA.L,2020-03-10,49.40999984741211
Vanguard,VUAA.L,Vanguard S&P 500 Accumulation UCITS ETF - VUAA.L,2020-03-11,49.68000030517578
Vanguard,VUAA.L,Vanguard S&P 500 Accumulation UCITS ETF - VUAA.L,2020-03-12,45.244998931884766
Vanguard,VUAA.L,Vanguard S&P 500 Accumulation UCITS ETF - VUAA.L,2020-03-13,45.02750015258789
Vanguard,VUAA.L,Vanguard S&P 500 Accumulation UCITS ETF - VUAA.L,2020-03-14,45.02750015258789
Vanguard,VUAA.L,Vanguard S&P 500 Accumulation UCITS ETF - VUAA.L,2020-03-15,45.02750015258789
Vanguard,VUAA.L,Vanguard S&P 500 Accumulation UCITS ETF - VUAA.L,2020-03-16,44.88999938964844
Vanguard,VUAA.L,Vanguard S&P 500 Accumulation UCITS ETF - VUAA.L,2020-03-17,44.817501068115234
Vanguard,VUAA.L,Vanguard S&P 500 Accumulation UCITS ETF - VUAA.L,2020-03-18,42.67250061035156
Vanguard,VUAA.L,Vanguard S&P 500 Accumulation UCITS ETF - VUAA.L,2020-03-19,43.01499938964844
Vanguard,VUAA.L,Vanguard S&P 500 Accumulation UCITS ETF - VUAA.L,2020-03-20,42.182498931884766
Vanguard,VUAA.L,Vanguard S&P 500 Accumulation UCITS ETF - VUAA.L,2020-03-21,42.182498931884766
Vanguard,VUAA.L,Vanguard S&P 500 Accumulation UCITS ETF - VUAA.L,2020-03-22,42.182498931884766
Vanguard,VUAA.L,Vanguard S&P 500 Accumulation UCITS ETF - VUAA.L,2020-03-23,39.9375
Vanguard,VUAA.L,Vanguard S&P 500 Accumulation UCITS ETF - VUAA.L,2020-03-24,43.529998779296875
Vanguard,VUAA.L,Vanguard S&P 500 Accumulation UCITS ETF - VUAA.L,2020-03-25,44.86000061035156
Vanguard,VUAA.L,Vanguard S&P 500 Accumulation UCITS ETF - VUAA.L,2020-03-26,46.38999938964844
Vanguard,VUAA.L,Vanguard S&P 500 Accumulation UCITS ETF - VUAA.L,2020-03-27,45.51499938964844
Vanguard,VUAA.L,Vanguard S&P 500 Accumulation UCITS ETF - VUAA.L,2020-03-28,45.51499938964844
Vanguard,VUAA.L,Vanguard S&P 500 Accumulation UCITS ETF - VUAA.L,2020-03-29,45.51499938964844
Vanguard,VUAA.L,Vanguard S&P 500 Accumulation UCITS ETF - VUAA.L,2020-03-30,46.625
Vanguard,VUAA.L,Vanguard S&P 500 Accumulation UCITS ETF - VUAA.L,2020-03-31,47.275001525878906
Vanguard,VUAA.L,Vanguard S&P 500 Accumulation UCITS ETF - VUAA.L,2020-04-01,44.85499954223633
Vanguard,VUAA.L,Vanguard S&P 500 Accumulation UCITS ETF - VUAA.L,2020-04-02,44.720001220703125
Vanguard,VUAA.L,Vanguard S&P 500 Accumulation UCITS ETF - VUAA.L,2020-04-03,44.6349983215332
Vanguard,VUAA.L,Vanguard S&P 500 Accumulation UCITS ETF - VUAA.L,2020-04-04,44.6349983215332
Vanguard,VUAA.L,Vanguard S&P 500 Accumulation UCITS ETF - VUAA.L,2020-04-05,44.6349983215332
Vanguard,VUAA.L,Vanguard S&P 500 Accumulation UCITS ETF - VUAA.L,2020-04-06,46.782501220703125
Vanguard,VUAA.L,Vanguard S&P 500 Accumulation UCITS ETF - VUAA.L,2020-04-07,48.752498626708984
Vanguard,VUAA.L,Vanguard S&P 500 Accumulation UCITS ETF - VUAA.L,2020-04-08,48.560001373291016
Vanguard,VUAA.L,Vanguard S&P 500 Accumulation UCITS ETF - VUAA.L,2020-04-09,50.07500076293945
Vanguard,VUAA.L,Vanguard S&P 500 Accumulation UCITS ETF - VUAA.L,2020-04-10,50.07500076293945
Vanguard,VUAA.L,Vanguard S&P 500 Accumulation UCITS ETF - VUAA.L,2020-04-11,50.07500076293945
Vanguard,VUAA.L,Vanguard S&P 500 Accumulation UCITS ETF - VUAA.L,2020-04-12,50.07500076293945
Vanguard,VUAA.L,Vanguard S&P 500 Accumulation UCITS ETF - VUAA.L,2020-04-13,50.07500076293945
Vanguard,VUAA.L,Vanguard S&P 500 Accumulation UCITS ETF - VUAA.L,2020-04-14,50.439998626708984
Vanguard,VUAA.L,Vanguard S&P 500 Accumulation UCITS ETF - VUAA.L,2020-04-15,49.63750076293945
Vanguard,VUAA.L,Vanguard S&P 500 Accumulation UCITS ETF - VUAA.L,2020-04-16,50.13999938964844
Vanguard,VUAA.L,Vanguard S&P 500 Accumulation UCITS ETF - VUAA.L,2020-04-17,50.814998626708984
Vanguard,VUAA.L,Vanguard S&P 500 Accumulation UCITS ETF - VUAA.L,2020-04-18,50.814998626708984
Vanguard,VUAA.L,Vanguard S&P 500 Accumulation UCITS ETF - VUAA.L,2020-04-19,50.814998626708984
Vanguard,VUAA.L,Vanguard S&P 500 Accumulation UCITS ETF - VUAA.L,2020-04-20,51.23500061035156
Vanguard,VUAA.L,Vanguard S&P 500 Accumulation UCITS ETF - VUAA.L,2020-04-21,49.02750015258789
Vanguard,VUAA.L,Vanguard S&P 500 Accumulation UCITS ETF - VUAA.L,2020-04-22,49.974998474121094
Vanguard,VUAA.L,Vanguard S&P 500 Accumulation UCITS ETF - VUAA.L,2020-04-23,50.7599983215332
Vanguard,VUAA.L,Vanguard S&P 500 Accumulation UCITS ETF - VUAA.L,2020-04-24,50.130001068115234
Vanguard,VUAA.L,Vanguard S&P 500 Accumulation UCITS ETF - VUAA.L,2020-04-25,50.130001068115234
Vanguard,VUAA.L,Vanguard S&P 500 Accumulation UCITS ETF - VUAA.L,2020-04-26,50.130001068115234
Vanguard,VUAA.L,Vanguard S&P 500 Accumulation UCITS ETF - VUAA.L,2020-04-27,51.47999954223633
Vanguard,VUAA.L,Vanguard S&P 500 Accumulation UCITS ETF - VUAA.L,2020-04-28,51.584999084472656
Vanguard,VUAA.L,Vanguard S&P 500 Accumulation UCITS ETF - VUAA.L,2020-04-29,52.595001220703125
Vanguard,VUAA.L,Vanguard S&P 500 Accumulation UCITS ETF - VUAA.L,2020-04-30,52.2400016784668
Vanguard,VUAA.L,Vanguard S&P 500 Accumulation UCITS ETF - VUAA.L,2020-05-01,50.98500061035156
Vanguard,VUAA.L,Vanguard S&P 500 Accumulation UCITS ETF - VUAA.L,2020-05-02,50.98500061035156
Vanguard,VUAA.L,Vanguard S&P 500 Accumulation UCITS ETF - VUAA.L,2020-05-03,50.98500061035156
Vanguard,VUAA.L,Vanguard S&P 500 Accumulation UCITS ETF - VUAA.L,2020-05-04,50.46500015258789
Vanguard,VUAA.L,Vanguard S&P 500 Accumulation UCITS ETF - VUAA.L,2020-05-05,51.80500030517578
Vanguard,VUAA.L,Vanguard S&P 500 Accumulation UCITS ETF - VUAA.L,2020-05-06,51.42499923706055
Vanguard,VUAA.L,Vanguard S&P 500 Accumulation UCITS ETF - VUAA.L,2020-05-07,51.79499816894531
Vanguard,VUAA.L,Vanguard S&P 500 Accumulation UCITS ETF - VUAA.L,2020-05-08,51.79499816894531
Vanguard,VUAA.L,Vanguard S&P 500 Accumulation UCITS ETF - VUAA.L,2020-05-09,51.79499816894531
Vanguard,VUAA.L,Vanguard S&P 500 Accumulation UCITS ETF - VUAA.L,2020-05-10,51.79499816894531
Vanguard,VUAA.L,Vanguard S&P 500 Accumulation UCITS ETF - VUAA.L,2020-05-11,52.3849983215332
Vanguard,VUAA.L,Vanguard S&P 500 Accumulation UCITS ETF - VUAA.L,2020-05-12,52.54499816894531
Vanguard,VUAA.L,Vanguard S&P 500 Accumulation UCITS ETF - VUAA.L,2020-05-13,50.970001220703125
Vanguard,VUAA.L,Vanguard S&P 500 Accumulation UCITS ETF - VUAA.L,2020-05-14,50.33000183105469
Vanguard,VUAA.L,Vanguard S&P 500 Accumulation UCITS ETF - VUAA.L,2020-05-15,50.775001525878906
Vanguard,VUAA.L,Vanguard S&P 500 Accumulation UCITS ETF - VUAA.L,2020-05-16,50.775001525878906
Vanguard,VUAA.L,Vanguard S&P 500 Accumulation UCITS ETF - VUAA.L,2020-05-17,50.775001525878906
Vanguard,VUAA.L,Vanguard S&P 500 Accumulation UCITS ETF - VUAA.L,2020-05-18,52.9900016784668
Vanguard,VUAA.L,Vanguard S&P 500 Accumulation UCITS ETF - VUAA.L,2020-05-19,53.09000015258789
Vanguard,VUAA.L,Vanguard S&P 500 Accumulation UCITS ETF - VUAA.L,2020-05-20,53.459999084472656
Vanguard,VUAA.L,Vanguard S&P 500 Accumulation UCITS ETF - VUAA.L,2020-05-21,52.81999969482422
Vanguard,VUAA.L,Vanguard S&P 500 Accumulation UCITS ETF - VUAA.L,2020-05-22,52.720001220703125
Vanguard,VUAA.L,Vanguard S&P 500 Accumulation UCITS ETF - VUAA.L,2020-05-23,52.720001220703125
Vanguard,VUAA.L,Vanguard S&P 500 Accumulation UCITS ETF - VUAA.L,2020-05-24,52.720001220703125
Vanguard,VUAA.L,Vanguard S&P 500 Accumulation UCITS ETF - VUAA.L,2020-05-25,52.720001220703125
Vanguard,VUAA.L,Vanguard S&P 500 Accumulation UCITS ETF - VUAA.L,2020-05-26,54.02000045776367
Vanguard,VUAA.L,Vanguard S&P 500 Accumulation UCITS ETF - VUAA.L,2020-05-27,53.66999816894531
Vanguard,VUAA.L,Vanguard S&P 500 Accumulation UCITS ETF - VUAA.L,2020-05-28,54.80500030517578
Vanguard,VUAA.L,Vanguard S&P 500 Accumulation UCITS ETF - VUAA.L,2020-05-29,54.099998474121094
Vanguard,VUAA.L,Vanguard S&P 500 Accumulation UCITS ETF - VUAA.L,2020-05-30,54.099998474121094
Vanguard,VUAA.L,Vanguard S&P 500 Accumulation UCITS ETF - VUAA.L,2020-05-31,54.099998474121094
Vanguard,VUAA.L,Vanguard S&P 500 Accumulation UCITS ETF - VUAA.L,2020-06-01,54.665000915527344
Vanguard,VUAA.L,Vanguard S&P 500 Accumulation UCITS ETF - VUAA.L,2020-06-02,54.90999984741211
Vanguard,VUAA.L,Vanguard S&P 500 Accumulation UCITS ETF - VUAA.L,2020-06-03,55.94499969482422
Vanguard,VUAA.L,Vanguard S&P 500 Accumulation UCITS ETF - VUAA.L,2020-06-04,55.880001068115234
Vanguard,VUAA.L,Vanguard S&P 500 Accumulation UCITS ETF - VUAA.L,2020-06-05,57.564998626708984
Vanguard,VUAA.L,Vanguard S&P 500 Accumulation UCITS ETF - VUAA.L,2020-06-06,57.564998626708984
Vanguard,VUAA.L,Vanguard S&P 500 Accumulation UCITS ETF - VUAA.L,2020-06-07,57.564998626708984
Vanguard,VUAA.L,Vanguard S&P 500 Accumulation UCITS ETF - VUAA.L,2020-06-08,57.665000915527344
Vanguard,VUAA.L,Vanguard S&P 500 Accumulation UCITS ETF - VUAA.L,2020-06-09,57.685001373291016
Vanguard,VUAA.L,Vanguard S&P 500 Accumulation UCITS ETF - VUAA.L,2020-06-10,57.39500045776367
Vanguard,VUAA.L,Vanguard S&P 500 Accumulation UCITS ETF - VUAA.L,2020-06-11,55.36000061035156
Vanguard,VUAA.L,Vanguard S&P 500 Accumulation UCITS ETF - VUAA.L,2020-06-12,54.279998779296875
Vanguard,VUAA.L,Vanguard S&P 500 Accumulation UCITS ETF - VUAA.L,2020-06-13,54.279998779296875
Vanguard,VUAA.L,Vanguard S&P 500 Accumulation UCITS ETF - VUAA.L,2020-06-14,54.279998779296875
Vanguard,VUAA.L,Vanguard S&P 500 Accumulation UCITS ETF - VUAA.L,2020-06-15,54.150001525878906
Vanguard,VUAA.L,Vanguard S&P 500 Accumulation UCITS ETF - VUAA.L,2020-06-16,56.084999084472656
Vanguard,VUAA.L,Vanguard S&P 500 Accumulation UCITS ETF - VUAA.L,2020-06-17,56.064998626708984
Vanguard,VUAA.L,Vanguard S&P 500 Accumulation UCITS ETF - VUAA.L,2020-06-18,55.970001220703125
Vanguard,VUAA.L,Vanguard S&P 500 Accumulation UCITS ETF - VUAA.L,2020-06-19,56.28499984741211
Vanguard,VUAA.L,Vanguard S&P 500 Accumulation UCITS ETF - VUAA.L,2020-06-20,56.28499984741211
Vanguard,VUAA.L,Vanguard S&P 500 Accumulation UCITS ETF - VUAA.L,2020-06-21,56.28499984741211
Vanguard,VUAA.L,Vanguard S&P 500 Accumulation UCITS ETF - VUAA.L,2020-06-22,55.70500183105469
Vanguard,VUAA.L,Vanguard S&P 500 Accumulation UCITS ETF - VUAA.L,2020-06-23,56.59000015258789
Vanguard,VUAA.L,Vanguard S&P 500 Accumulation UCITS ETF - VUAA.L,2020-06-24,54.974998474121094
Vanguard,VUAA.L,Vanguard S&P 500 Accumulation UCITS ETF - VUAA.L,2020-06-25,54.78499984741211
Vanguard,VUAA.L,Vanguard S&P 500 Accumulation UCITS ETF - VUAA.L,2020-06-26,54.43000030517578
Vanguard,VUAA.L,Vanguard S&P 500 Accumulation UCITS ETF - VUAA.L,2020-06-27,54.43000030517578
Vanguard,VUAA.L,Vanguard S&P 500 Accumulation UCITS ETF - VUAA.L,2020-06-28,54.43000030517578
Vanguard,VUAA.L,Vanguard S&P 500 Accumulation UCITS ETF - VUAA.L,2020-06-29,54.630001068115234
Vanguard,VUAA.L,Vanguard S&P 500 Accumulation UCITS ETF - VUAA.L,2020-06-30,55.279998779296875
Vanguard,VUAA.L,Vanguard S&P 500 Accumulation UCITS ETF - VUAA.L,2020-07-01,55.75
Vanguard,VUAA.L,Vanguard S&P 500 Accumulation UCITS ETF - VUAA.L,2020-07-02,56.40999984741211
Vanguard,VUAA.L,Vanguard S&P 500 Accumulation UCITS ETF - VUAA.L,2020-07-03,56.119998931884766
Vanguard,VUAA.L,Vanguard S&P 500 Accumulation UCITS ETF - VUAA.L,2020-07-04,56.119998931884766
Vanguard,VUAA.L,Vanguard S&P 500 Accumulation UCITS ETF - VUAA.L,2020-07-05,56.119998931884766
Vanguard,VUAA.L,Vanguard S&P 500 Accumulation UCITS ETF - VUAA.L,2020-07-06,57.18000030517578
Vanguard,VUAA.L,Vanguard S&P 500 Accumulation UCITS ETF - VUAA.L,2020-07-07,57.209999084472656
Vanguard,VUAA.L,Vanguard S&P 500 Accumulation UCITS ETF - VUAA.L,2020-07-08,56.505001068115234
Vanguard,VUAA.L,Vanguard S&P 500 Accumulation UCITS ETF - VUAA.L,2020-07-09,56.185001373291016
Vanguard,VUAA.L,Vanguard S&P 500 Accumulation UCITS ETF - VUAA.L,2020-07-10,56.849998474121094
Vanguard,VUAA.L,Vanguard S&P 500 Accumulation UCITS ETF - VUAA.L,2020-07-11,56.849998474121094
Vanguard,VUAA.L,Vanguard S&P 500 Accumulation UCITS ETF - VUAA.L,2020-07-12,56.849998474121094
Vanguard,VUAA.L,Vanguard S&P 500 Accumulation UCITS ETF - VUAA.L,2020-07-13,58.09000015258789
Vanguard,VUAA.L,Vanguard S&P 500 Accumulation UCITS ETF - VUAA.L,2020-07-14,56.720001220703125
Vanguard,VUAA.L,Vanguard S&P 500 Accumulation UCITS ETF - VUAA.L,2020-07-15,57.9900016784668
Vanguard,VUAA.L,Vanguard S&P 500 Accumulation UCITS ETF - VUAA.L,2020-07-16,57.689998626708984
Vanguard,VUAA.L,Vanguard S&P 500 Accumulation UCITS ETF - VUAA.L,2020-07-17,57.78499984741211
Vanguard,VUAA.L,Vanguard S&P 500 Accumulation UCITS ETF - VUAA.L,2020-07-18,57.78499984741211
Vanguard,VUAA.L,Vanguard S&P 500 Accumulation UCITS ETF - VUAA.L,2020-07-19,57.78499984741211
Vanguard,VUAA.L,Vanguard S&P 500 Accumulation UCITS ETF - VUAA.L,2020-07-20,58.185001373291016
Vanguard,VUAA.L,Vanguard S&P 500 Accumulation UCITS ETF - VUAA.L,2020-07-21,58.849998474121094
Vanguard,VUAA.L,Vanguard S&P 500 Accumulation UCITS ETF - VUAA.L,2020-07-22,58.65999984741211
Vanguard,VUAA.L,Vanguard S&P 500 Accumulation UCITS ETF - VUAA.L,2020-07-23,58.88999938964844
Vanguard,VUAA.L,Vanguard S&P 500 Accumulation UCITS ETF - VUAA.L,2020-07-24,57.959999084472656
Vanguard,VUAA.L,Vanguard S&P 500 Accumulation UCITS ETF - VUAA.L,2020-07-25,57.959999084472656
Vanguard,VUAA.L,Vanguard S&P 500 Accumulation UCITS ETF - VUAA.L,2020-07-26,57.959999084472656
Vanguard,VUAA.L,Vanguard S&P 500 Accumulation UCITS ETF - VUAA.L,2020-07-27,57.994998931884766
Vanguard,VUAA.L,Vanguard S&P 500 Accumulation UCITS ETF - VUAA.L,2020-07-28,58.220001220703125
Vanguard,VUAA.L,Vanguard S&P 500 Accumulation UCITS ETF - VUAA.L,2020-07-29,58.380001068115234
Vanguard,VUAA.L,Vanguard S&P 500 Accumulation UCITS ETF - VUAA.L,2020-07-30,58.04999923706055
Vanguard,VUAA.L,Vanguard S&P 500 Accumulation UCITS ETF - VUAA.L,2020-07-31,58.33000183105469
Vanguard,VUAA.L,Vanguard S&P 500 Accumulation UCITS ETF - VUAA.L,2020-08-01,58.33000183105469
Vanguard,VUAA.L,Vanguard S&P 500 Accumulation UCITS ETF - VUAA.L,2020-08-02,58.33000183105469
Vanguard,VUAA.L,Vanguard S&P 500 Accumulation UCITS ETF - VUAA.L,2020-08-03,59.290000915527344
Vanguard,VUAA.L,Vanguard S&P 500 Accumulation UCITS ETF - VUAA.L,2020-08-04,59.39500045776367
Vanguard,VUAA.L,Vanguard S&P 500 Accumulation UCITS ETF - VUAA.L,2020-08-05,59.86000061035156
Vanguard,VUAA.L,Vanguard S&P 500 Accumulation UCITS ETF - VUAA.L,2020-08-06,59.7599983215332
Vanguard,VUAA.L,Vanguard S&P 500 Accumulation UCITS ETF - VUAA.L,2020-08-07,60.165000915527344
Vanguard,VUAA.L,Vanguard S&P 500 Accumulation UCITS ETF - VUAA.L,2020-08-08,60.165000915527344
Vanguard,VUAA.L,Vanguard S&P 500 Accumulation UCITS ETF - VUAA.L,2020-08-09,60.165000915527344
Vanguard,VUAA.L,Vanguard S&P 500 Accumulation UCITS ETF - VUAA.L,2020-08-10,60.279998779296875
Vanguard,VUAA.L,Vanguard S&P 500 Accumulation UCITS ETF - VUAA.L,2020-08-11,60.779998779296875
Vanguard,VUAA.L,Vanguard S&P 500 Accumulation UCITS ETF - VUAA.L,2020-08-12,60.80500030517578
Vanguard,VUAA.L,Vanguard S&P 500 Accumulation UCITS ETF - VUAA.L,2020-08-13,60.92499923706055
Vanguard,VUAA.L,Vanguard S&P 500 Accumulation UCITS ETF - VUAA.L,2020-08-14,60.77000045776367
Vanguard,VUAA.L,Vanguard S&P 500 Accumulation UCITS ETF - VUAA.L,2020-08-15,60.77000045776367
Vanguard,VUAA.L,Vanguard S&P 500 Accumulation UCITS ETF - VUAA.L,2020-08-16,60.77000045776367
Vanguard,VUAA.L,Vanguard S&P 500 Accumulation UCITS ETF - VUAA.L,2020-08-17,60.95500183105469
Vanguard,VUAA.L,Vanguard S&P 500 Accumulation UCITS ETF - VUAA.L,2020-08-18,60.974998474121094
Vanguard,VUAA.L,Vanguard S&P 500 Accumulation UCITS ETF - VUAA.L,2020-08-19,61.22999954223633
Vanguard,VUAA.L,Vanguard S&P 500 Accumulation UCITS ETF - VUAA.L,2020-08-20,60.78499984741211
Vanguard,VUAA.L,Vanguard S&P 500 Accumulation UCITS ETF - VUAA.L,2020-08-21,61.025001525878906
Vanguard,VUAA.L,Vanguard S&P 500 Accumulation UCITS ETF - VUAA.L,2020-08-22,61.025001525878906
Vanguard,VUAA.L,Vanguard S&P 500 Accumulation UCITS ETF - VUAA.L,2020-08-23,61.025001525878906
Vanguard,VUAA.L,Vanguard S&P 500 Accumulation UCITS ETF - VUAA.L,2020-08-24,61.54499816894531
Vanguard,VUAA.L,Vanguard S&P 500 Accumulation UCITS ETF - VUAA.L,2020-08-25,61.85499954223633
Vanguard,VUAA.L,Vanguard S&P 500 Accumulation UCITS ETF - VUAA.L,2020-08-26,62.27000045776367
Vanguard,VUAA.L,Vanguard S&P 500 Accumulation UCITS ETF - VUAA.L,2020-08-27,62.95000076293945
Vanguard,VUAA.L,Vanguard S&P 500 Accumulation UCITS ETF - VUAA.L,2020-08-28,62.95000076293945
Vanguard,VUAA.L,Vanguard S&P 500 Accumulation UCITS ETF - VUAA.L,2020-08-29,62.95000076293945
Vanguard,VUAA.L,Vanguard S&P 500 Accumulation UCITS ETF - VUAA.L,2020-08-30,62.95000076293945
Vanguard,VUAA.L,Vanguard S&P 500 Accumulation UCITS ETF - VUAA.L,2020-08-31,62.95000076293945
Vanguard,VUAA.L,Vanguard S&P 500 Accumulation UCITS ETF - VUAA.L,2020-09-01,63.224998474121094
Vanguard,VUAA.L,Vanguard S&P 500 Accumulation UCITS ETF - VUAA.L,2020-09-02,63.88999938964844
Vanguard,VUAA.L,Vanguard S&P 500 Accumulation UCITS ETF - VUAA.L,2020-09-03,62.599998474121094
Vanguard,VUAA.L,Vanguard S&P 500 Accumulation UCITS ETF - VUAA.L,2020-09-04,60.849998474121094
Vanguard,VUAA.L,Vanguard S&P 500 Accumulation UCITS ETF - VUAA.L,2020-09-05,60.849998474121094
Vanguard,VUAA.L,Vanguard S&P 500 Accumulation UCITS ETF - VUAA.L,2020-09-06,60.849998474121094
Vanguard,VUAA.L,Vanguard S&P 500 Accumulation UCITS ETF - VUAA.L,2020-09-07,61.8849983215332
Vanguard,VUAA.L,Vanguard S&P 500 Accumulation UCITS ETF - VUAA.L,2020-09-08,60.6150016784668
Vanguard,VUAA.L,Vanguard S&P 500 Accumulation UCITS ETF - VUAA.L,2020-09-09,61.310001373291016
Vanguard,VUAA.L,Vanguard S&P 500 Accumulation UCITS ETF - VUAA.L,2020-09-10,61.43000030517578
Vanguard,VUAA.L,Vanguard S&P 500 Accumulation UCITS ETF - VUAA.L,2020-09-11,60.47999954223633
Vanguard,VUAA.L,Vanguard S&P 500 Accumulation UCITS ETF - VUAA.L,2020-09-12,60.47999954223633
Vanguard,VUAA.L,Vanguard S&P 500 Accumulation UCITS ETF - VUAA.L,2020-09-13,60.47999954223633
Vanguard,VUAA.L,Vanguard S&P 500 Accumulation UCITS ETF - VUAA.L,2020-09-14,61.23500061035156
Vanguard,VUAA.L,Vanguard S&P 500 Accumulation UCITS ETF - VUAA.L,2020-09-15,61.58000183105469
Vanguard,VUAA.L,Vanguard S&P 500 Accumulation UCITS ETF - VUAA.L,2020-09-16,61.70000076293945
Vanguard,VUAA.L,Vanguard S&P 500 Accumulation UCITS ETF - VUAA.L,2020-09-17,60.66999816894531
Vanguard,VUAA.L,Vanguard S&P 500 Accumulation UCITS ETF - VUAA.L,2020-09-18,60.209999084472656
Vanguard,VUAA.L,Vanguard S&P 500 Accumulation UCITS ETF - VUAA.L,2020-09-19,60.209999084472656
Vanguard,VUAA.L,Vanguard S&P 500 Accumulation UCITS ETF - VUAA.L,2020-09-20,60.209999084472656
Vanguard,VUAA.L,Vanguard S&P 500 Accumulation UCITS ETF - VUAA.L,2020-09-21,58.345001220703125
Vanguard,VUAA.L,Vanguard S&P 500 Accumulation UCITS ETF - VUAA.L,2020-09-22,59.19499969482422
Vanguard,VUAA.L,Vanguard S&P 500 Accumulation UCITS ETF - VUAA.L,2020-09-23,59.45500183105469
Vanguard,VUAA.L,Vanguard S&P 500 Accumulation UCITS ETF - VUAA.L,2020-09-24,58.44499969482422
Vanguard,VUAA.L,Vanguard S&P 500 Accumulation UCITS ETF - VUAA.L,2020-09-25,58.8849983215332
Vanguard,VUAA.L,Vanguard S&P 500 Accumulation UCITS ETF - VUAA.L,2020-09-26,58.8849983215332
Vanguard,VUAA.L,Vanguard S&P 500 Accumulation UCITS ETF - VUAA.L,2020-09-27,58.8849983215332
Vanguard,VUAA.L,Vanguard S&P 500 Accumulation UCITS ETF - VUAA.L,2020-09-28,60.40999984741211
Vanguard,VUAA.L,Vanguard S&P 500 Accumulation UCITS ETF - VUAA.L,2020-09-29,60.25
Vanguard,VUAA.L,Vanguard S&P 500 Accumulation UCITS ETF - VUAA.L,2020-09-30,60.880001068115234
Vanguard,VUAA.L,Vanguard S&P 500 Accumulation UCITS ETF - VUAA.L,2020-10-01,61.02000045776367
Vanguard,VUAA.L,Vanguard S&P 500 Accumulation UCITS ETF - VUAA.L,2020-10-02,60.5
Vanguard,VUAA.L,Vanguard S&P 500 Accumulation UCITS ETF - VUAA.L,2020-10-03,60.5
Vanguard,VUAA.L,Vanguard S&P 500 Accumulation UCITS ETF - VUAA.L,2020-10-04,60.5
Vanguard,VUAA.L,Vanguard S&P 500 Accumulation UCITS ETF - VUAA.L,2020-10-05,61.2400016784668
Vanguard,VUAA.L,Vanguard S&P 500 Accumulation UCITS ETF - VUAA.L,2020-10-06,61.439998626708984
Vanguard,VUAA.L,Vanguard S&P 500 Accumulation UCITS ETF - VUAA.L,2020-10-07,61.459999084472656
Vanguard,VUAA.L,Vanguard S&P 500 Accumulation UCITS ETF - VUAA.L,2020-10-08,62.0
Vanguard,VUAA.L,Vanguard S&P 500 Accumulation UCITS ETF - VUAA.L,2020-10-09,62.619998931884766
Vanguard,VUAA.L,Vanguard S&P 500 Accumulation UCITS ETF - VUAA.L,2020-10-10,62.619998931884766
Vanguard,VUAA.L,Vanguard S&P 500 Accumulation UCITS ETF - VUAA.L,2020-10-11,62.619998931884766
Vanguard,VUAA.L,Vanguard S&P 500 Accumulation UCITS ETF - VUAA.L,2020-10-12,63.665000915527344
Vanguard,VUAA.L,Vanguard S&P 500 Accumulation UCITS ETF - VUAA.L,2020-10-13,63.650001525878906
Vanguard,VUAA.L,Vanguard S&P 500 Accumulation UCITS ETF - VUAA.L,2020-10-14,63.33000183105469
Vanguard,VUAA.L,Vanguard S&P 500 Accumulation UCITS ETF - VUAA.L,2020-10-15,62.46500015258789
Vanguard,VUAA.L,Vanguard S&P 500 Accumulation UCITS ETF - VUAA.L,2020-10-16,63.165000915527344
Vanguard,VUAA.L,Vanguard S&P 500 Accumulation UCITS ETF - VUAA.L,2020-10-17,63.165000915527344
Vanguard,VUAA.L,Vanguard S&P 500 Accumulation UCITS ETF - VUAA.L,2020-10-18,63.165000915527344
Vanguard,VUAA.L,Vanguard S&P 500 Accumulation UCITS ETF - VUAA.L,2020-10-19,62.654998779296875
Vanguard,VUAA.L,Vanguard S&P 500 Accumulation UCITS ETF - VUAA.L,2020-10-20,62.16999816894531
Vanguard,VUAA.L,Vanguard S&P 500 Accumulation UCITS ETF - VUAA.L,2020-10-21,62.150001525878906
Vanguard,VUAA.L,Vanguard S&P 500 Accumulation UCITS ETF - VUAA.L,2020-10-22,61.970001220703125
Vanguard,VUAA.L,Vanguard S&P 500 Accumulation UCITS ETF - VUAA.L,2020-10-23,62.29999923706055
Vanguard,VUAA.L,Vanguard S&P 500 Accumulation UCITS ETF - VUAA.L,2020-10-24,62.29999923706055
Vanguard,VUAA.L,Vanguard S&P 500 Accumulation UCITS ETF - VUAA.L,2020-10-25,62.29999923706055
Vanguard,VUAA.L,Vanguard S&P 500 Accumulation UCITS ETF - VUAA.L,2020-10-26,61.11000061035156
Vanguard,VUAA.L,Vanguard S&P 500 Accumulation UCITS ETF - VUAA.L,2020-10-27,61.380001068115234
Vanguard,VUAA.L,Vanguard S&P 500 Accumulation UCITS ETF - VUAA.L,2020-10-28,59.584999084472656
Vanguard,VUAA.L,Vanguard S&P 500 Accumulation UCITS ETF - VUAA.L,2020-10-29,59.525001525878906
Vanguard,VUAA.L,Vanguard S&P 500 Accumulation UCITS ETF - VUAA.L,2020-10-30,58.95000076293945
Vanguard,VUAA.L,Vanguard S&P 500 Accumulation UCITS ETF - VUAA.L,2020-10-31,58.95000076293945
Vanguard,VUAA.L,Vanguard S&P 500 Accumulation UCITS ETF - VUAA.L,2020-11-01,58.95000076293945
Vanguard,VUAA.L,Vanguard S&P 500 Accumulation UCITS ETF - VUAA.L,2020-11-02,59.775001525878906
Vanguard,VUAA.L,Vanguard S&P 500 Accumulation UCITS ETF - VUAA.L,2020-11-03,61.06999969482422
Vanguard,VUAA.L,Vanguard S&P 500 Accumulation UCITS ETF - VUAA.L,2020-11-04,62.5099983215332
Vanguard,VUAA.L,Vanguard S&P 500 Accumulation UCITS ETF - VUAA.L,2020-11-05,63.529998779296875
Vanguard,VUAA.L,Vanguard S&P 500 Accumulation UCITS ETF - VUAA.L,2020-11-06,63.33000183105469
Vanguard,VUAA.L,Vanguard S&P 500 Accumulation UCITS ETF - VUAA.L,2020-11-07,63.33000183105469
Vanguard,VUAA.L,Vanguard S&P 500 Accumulation UCITS ETF - VUAA.L,2020-11-08,63.33000183105469
Vanguard,VUAA.L,Vanguard S&P 500 Accumulation UCITS ETF - VUAA.L,2020-11-09,65.21499633789062
Vanguard,VUAA.L,Vanguard S&P 500 Accumulation UCITS ETF - VUAA.L,2020-11-10,63.959999084472656
Vanguard,VUAA.L,Vanguard S&P 500 Accumulation UCITS ETF - VUAA.L,2020-11-11,64.51499938964844
Vanguard,VUAA.L,Vanguard S&P 500 Accumulation UCITS ETF - VUAA.L,2020-11-12,64.29000091552734
Vanguard,VUAA.L,Vanguard S&P 500 Accumulation UCITS ETF - VUAA.L,2020-11-13,64.33999633789062
Vanguard,VUAA.L,Vanguard S&P 500 Accumulation UCITS ETF - VUAA.L,2020-11-14,64.33999633789062
Vanguard,VUAA.L,Vanguard S&P 500 Accumulation UCITS ETF - VUAA.L,2020-11-15,64.33999633789062
Vanguard,VUAA.L,Vanguard S&P 500 Accumulation UCITS ETF - VUAA.L,2020-11-16,65.51000213623047
Vanguard,VUAA.L,Vanguard S&P 500 Accumulation UCITS ETF - VUAA.L,2020-11-17,65.26499938964844
Vanguard,VUAA.L,Vanguard S&P 500 Accumulation UCITS ETF - VUAA.L,2020-11-18,65.33499908447266
Vanguard,VUAA.L,Vanguard S&P 500 Accumulation UCITS ETF - VUAA.L,2020-11-19,64.33000183105469
Vanguard,VUAA.L,Vanguard S&P 500 Accumulation UCITS ETF - VUAA.L,2020-11-20,64.65499877929688
Vanguard,VUAA.L,Vanguard S&P 500 Accumulation UCITS ETF - VUAA.L,2020-11-21,64.65499877929688
Vanguard,VUAA.L,Vanguard S&P 500 Accumulation UCITS ETF - VUAA.L,2020-11-22,64.65499877929688
Vanguard,VUAA.L,Vanguard S&P 500 Accumulation UCITS ETF - VUAA.L,2020-11-23,64.33999633789062
Vanguard,VUAA.L,Vanguard S&P 500 Accumulation UCITS ETF - VUAA.L,2020-11-24,65.56999969482422
Vanguard,VUAA.L,Vanguard S&P 500 Accumulation UCITS ETF - VUAA.L,2020-11-25,65.5
Vanguard,VUAA.L,Vanguard S&P 500 Accumulation UCITS ETF - VUAA.L,2020-11-26,65.62000274658203
Vanguard,VUAA.L,Vanguard S&P 500 Accumulation UCITS ETF - VUAA.L,2020-11-27,65.80500030517578
Vanguard,VUAA.L,Vanguard S&P 500 Accumulation UCITS ETF - VUAA.L,2020-11-28,65.80500030517578
Vanguard,VUAA.L,Vanguard S&P 500 Accumulation UCITS ETF - VUAA.L,2020-11-29,65.80500030517578
Vanguard,VUAA.L,Vanguard S&P 500 Accumulation UCITS ETF - VUAA.L,2020-11-30,65.05999755859375
Vanguard,VUAA.L,Vanguard S&P 500 Accumulation UCITS ETF - VUAA.L,2020-12-01,66.31500244140625
Vanguard,VUAA.L,Vanguard S&P 500 Accumulation UCITS ETF - VUAA.L,2020-12-02,66.20500183105469
Vanguard,VUAA.L,Vanguard S&P 500 Accumulation UCITS ETF - VUAA.L,2020-12-03,66.4800033569336
Vanguard,VUAA.L,Vanguard S&P 500 Accumulation UCITS ETF - VUAA.L,2020-12-04,66.74500274658203
Vanguard,VUAA.L,Vanguard S&P 500 Accumulation UCITS ETF - VUAA.L,2020-12-05,66.74500274658203
Vanguard,VUAA.L,Vanguard S&P 500 Accumulation UCITS ETF - VUAA.L,2020-12-06,66.74500274658203
Vanguard,VUAA.L,Vanguard S&P 500 Accumulation UCITS ETF - VUAA.L,2020-12-07,66.82499694824219
Vanguard,VUAA.L,Vanguard S&P 500 Accumulation UCITS ETF - VUAA.L,2020-12-08,66.78500366210938
Vanguard,VUAA.L,Vanguard S&P 500 Accumulation UCITS ETF - VUAA.L,2020-12-09,66.8499984741211
Vanguard,VUAA.L,Vanguard S&P 500 Accumulation UCITS ETF - VUAA.L,2020-12-10,66.48999786376953
Vanguard,VUAA.L,Vanguard S&P 500 Accumulation UCITS ETF - VUAA.L,2020-12-11,65.94000244140625
Vanguard,VUAA.L,Vanguard S&P 500 Accumulation UCITS ETF - VUAA.L,2020-12-12,65.94000244140625
Vanguard,VUAA.L,Vanguard S&P 500 Accumulation UCITS ETF - VUAA.L,2020-12-13,65.94000244140625
Vanguard,VUAA.L,Vanguard S&P 500 Accumulation UCITS ETF - VUAA.L,2020-12-14,66.5250015258789
Vanguard,VUAA.L,Vanguard S&P 500 Accumulation UCITS ETF - VUAA.L,2020-12-15,66.32499694824219
Vanguard,VUAA.L,Vanguard S&P 500 Accumulation UCITS ETF - VUAA.L,2020-12-16,66.94999694824219
Vanguard,VUAA.L,Vanguard S&P 500 Accumulation UCITS ETF - VUAA.L,2020-12-17,67.22000122070312
Vanguard,VUAA.L,Vanguard S&P 500 Accumulation UCITS ETF - VUAA.L,2020-12-18,66.91999816894531
Vanguard,VUAA.L,Vanguard S&P 500 Accumulation UCITS ETF - VUAA.L,2020-12-19,66.91999816894531
Vanguard,VUAA.L,Vanguard S&P 500 Accumulation UCITS ETF - VUAA.L,2020-12-20,66.91999816894531
Vanguard,VUAA.L,Vanguard S&P 500 Accumulation UCITS ETF - VUAA.L,2020-12-21,66.26000213623047
Vanguard,VUAA.L,Vanguard S&P 500 Accumulation UCITS ETF - VUAA.L,2020-12-22,66.78500366210938
Vanguard,VUAA.L,Vanguard S&P 500 Accumulation UCITS ETF - VUAA.L,2020-12-23,66.99500274658203
Vanguard,VUAA.L,Vanguard S&P 500 Accumulation UCITS ETF - VUAA.L,2020-12-24,66.92500305175781
Vanguard,VUAA.L,Vanguard S&P 500 Accumulation UCITS ETF - VUAA.L,2020-12-25,66.92500305175781
Vanguard,VUAA.L,Vanguard S&P 500 Accumulation UCITS ETF - VUAA.L,2020-12-26,66.92500305175781
Vanguard,VUAA.L,Vanguard S&P 500 Accumulation UCITS ETF - VUAA.L,2020-12-27,66.92500305175781
Vanguard,VUAA.L,Vanguard S&P 500 Accumulation UCITS ETF - VUAA.L,2020-12-28,66.92500305175781
Vanguard,VUAA.L,Vanguard S&P 500 Accumulation UCITS ETF - VUAA.L,2020-12-29,67.69000244140625
Vanguard,VUAA.L,Vanguard S&P 500 Accumulation UCITS ETF - VUAA.L,2020-12-30,67.6449966430664
Vanguard,VUAA.L,Vanguard S&P 500 Accumulation UCITS ETF - VUAA.L,2020-12-31,67.55000305175781
Vanguard,VUAA.L,Vanguard S&P 500 Accumulation UCITS ETF - VUAA.L,2021-01-01,67.55000305175781
Vanguard,VUAA.L,Vanguard S&P 500 Accumulation UCITS ETF - VUAA.L,2021-01-02,67.55000305175781
Vanguard,VUAA.L,Vanguard S&P 500 Accumulation UCITS ETF - VUAA.L,2021-01-03,67.55000305175781
Vanguard,VUAA.L,Vanguard S&P 500 Accumulation UCITS ETF - VUAA.L,2021-01-04,66.9800033569336
Vanguard,VUAA.L,Vanguard S&P 500 Accumulation UCITS ETF - VUAA.L,2021-01-05,67.19999694824219
Vanguard,VUAA.L,Vanguard S&P 500 Accumulation UCITS ETF - VUAA.L,2021-01-06,68.2699966430664
Vanguard,VUAA.L,Vanguard S&P 500 Accumulation UCITS ETF - VUAA.L,2021-01-07,68.83000183105469
Vanguard,VUAA.L,Vanguard S&P 500 Accumulation UCITS ETF - VUAA.L,2021-01-08,69.01000213623047
Vanguard,VUAA.L,Vanguard S&P 500 Accumulation UCITS ETF - VUAA.L,2021-01-09,69.01000213623047
Vanguard,VUAA.L,Vanguard S&P 500 Accumulation UCITS ETF - VUAA.L,2021-01-10,69.01000213623047
Vanguard,VUAA.L,Vanguard S&P 500 Accumulation UCITS ETF - VUAA.L,2021-01-11,68.98999786376953
Vanguard,VUAA.L,Vanguard S&P 500 Accumulation UCITS ETF - VUAA.L,2021-01-12,68.84500122070312
Vanguard,VUAA.L,Vanguard S&P 500 Accumulation UCITS ETF - VUAA.L,2021-01-13,68.96499633789062
Vanguard,VUAA.L,Vanguard S&P 500 Accumulation UCITS ETF - VUAA.L,2021-01-14,69.0999984741211
Vanguard,VUAA.L,Vanguard S&P 500 Accumulation UCITS ETF - VUAA.L,2021-01-15,68.37000274658203
Vanguard,VUAA.L,Vanguard S&P 500 Accumulation UCITS ETF - VUAA.L,2021-01-16,68.37000274658203
Vanguard,VUAA.L,Vanguard S&P 500 Accumulation UCITS ETF - VUAA.L,2021-01-17,68.37000274658203
Vanguard,VUAA.L,Vanguard S&P 500 Accumulation UCITS ETF - VUAA.L,2021-01-18,68.30000305175781
Vanguard,VUAA.L,Vanguard S&P 500 Accumulation UCITS ETF - VUAA.L,2021-01-19,68.54499816894531
Vanguard,VUAA.L,Vanguard S&P 500 Accumulation UCITS ETF - VUAA.L,2021-01-20,69.48999786376953
Vanguard,VUAA.L,Vanguard S&P 500 Accumulation UCITS ETF - VUAA.L,2021-01-21,69.76000213623047
Vanguard,VUAA.L,Vanguard S&P 500 Accumulation UCITS ETF - VUAA.L,2021-01-22,69.50499725341797
Vanguard,VUAA.L,Vanguard S&P 500 Accumulation UCITS ETF - VUAA.L,2021-01-23,69.50499725341797
Vanguard,VUAA.L,Vanguard S&P 500 Accumulation UCITS ETF - VUAA.L,2021-01-24,69.50499725341797
Vanguard,VUAA.L,Vanguard S&P 500 Accumulation UCITS ETF - VUAA.L,2021-01-25,69.125
Vanguard,VUAA.L,Vanguard S&P 500 Accumulation UCITS ETF - VUAA.L,2021-01-26,69.80999755859375
Vanguard,VUAA.L,Vanguard S&P 500 Accumulation UCITS ETF - VUAA.L,2021-01-27,68.68499755859375
Vanguard,VUAA.L,Vanguard S&P 500 Accumulation UCITS ETF - VUAA.L,2021-01-28,69.01000213623047
Vanguard,VUAA.L,Vanguard S&P 500 Accumulation UCITS ETF - VUAA.L,2021-01-29,67.5999984741211
Vanguard,VUAA.L,Vanguard S&P 500 Accumulation UCITS ETF - VUAA.L,2021-01-30,67.5999984741211
Vanguard,VUAA.L,Vanguard S&P 500 Accumulation UCITS ETF - VUAA.L,2021-01-31,67.5999984741211
Vanguard,VUAA.L,Vanguard S&P 500 Accumulation UCITS ETF - VUAA.L,2021-02-01,68.05000305175781
Vanguard,VUAA.L,Vanguard S&P 500 Accumulation UCITS ETF - VUAA.L,2021-02-02,69.4800033569336
Vanguard,VUAA.L,Vanguard S&P 500 Accumulation UCITS ETF - VUAA.L,2021-02-03,69.36000061035156
Vanguard,VUAA.L,Vanguard S&P 500 Accumulation UCITS ETF - VUAA.L,2021-02-04,69.83499908447266
Vanguard,VUAA.L,Vanguard S&P 500 Accumulation UCITS ETF - VUAA.L,2021-02-05,70.3499984741211
Vanguard,VUAA.L,Vanguard S&P 500 Accumulation UCITS ETF - VUAA.L,2021-02-06,70.3499984741211
Vanguard,VUAA.L,Vanguard S&P 500 Accumulation UCITS ETF - VUAA.L,2021-02-07,70.3499984741211
Vanguard,VUAA.L,Vanguard S&P 500 Accumulation UCITS ETF - VUAA.L,2021-02-08,70.66999816894531
Vanguard,VUAA.L,Vanguard S&P 500 Accumulation UCITS ETF - VUAA.L,2021-02-09,70.8499984741211
Vanguard,VUAA.L,Vanguard S&P 500 Accumulation UCITS ETF - VUAA.L,2021-02-10,70.7249984741211
Vanguard,VUAA.L,Vanguard S&P 500 Accumulation UCITS ETF - VUAA.L,2021-02-11,70.94499969482422
Vanguard,VUAA.L,Vanguard S&P 500 Accumulation UCITS ETF - VUAA.L,2021-02-12,71.12999725341797
Vanguard,VUAA.L,Vanguard S&P 500 Accumulation UCITS ETF - VUAA.L,2021-02-13,71.12999725341797
Vanguard,VUAA.L,Vanguard S&P 500 Accumulation UCITS ETF - VUAA.L,2021-02-14,71.12999725341797
Vanguard,VUAA.L,Vanguard S&P 500 Accumulation UCITS ETF - VUAA.L,2021-02-15,71.70999908447266
Vanguard,VUAA.L,Vanguard S&P 500 Accumulation UCITS ETF - VUAA.L,2021-02-16,71.30999755859375
Vanguard,VUAA.L,Vanguard S&P 500 Accumulation UCITS ETF - VUAA.L,2021-02-17,70.86499786376953
Vanguard,VUAA.L,Vanguard S&P 500 Accumulation UCITS ETF - VUAA.L,2021-02-18,70.69000244140625
Vanguard,VUAA.L,Vanguard S&P 500 Accumulation UCITS ETF - VUAA.L,2021-02-19,71.24500274658203
Vanguard,VUAA.L,Vanguard S&P 500 Accumulation UCITS ETF - VUAA.L,2021-02-20,71.24500274658203
Vanguard,VUAA.L,Vanguard S&P 500 Accumulation UCITS ETF - VUAA.L,2021-02-21,71.24500274658203
Vanguard,VUAA.L,Vanguard S&P 500 Accumulation UCITS ETF - VUAA.L,2021-02-22,70.45500183105469
Vanguard,VUAA.L,Vanguard S&P 500 Accumulation UCITS ETF - VUAA.L,2021-02-23,69.8550033569336
Vanguard,VUAA.L,Vanguard S&P 500 Accumulation UCITS ETF - VUAA.L,2021-02-24,70.80000305175781
Vanguard,VUAA.L,Vanguard S&P 500 Accumulation UCITS ETF - VUAA.L,2021-02-25,70.54499816894531
Vanguard,VUAA.L,Vanguard S&P 500 Accumulation UCITS ETF - VUAA.L,2021-02-26,69.34500122070312
Vanguard,VUAA.L,Vanguard S&P 500 Accumulation UCITS ETF - VUAA.L,2021-02-27,69.34500122070312
Vanguard,VUAA.L,Vanguard S&P 500 Accumulation UCITS ETF - VUAA.L,2021-02-28,69.34500122070312
Vanguard,VUAA.L,Vanguard S&P 500 Accumulation UCITS ETF - VUAA.L,2021-03-01,70.61000061035156
Vanguard,VUAA.L,Vanguard S&P 500 Accumulation UCITS ETF - VUAA.L,2021-03-02,70.46499633789062
Vanguard,VUAA.L,Vanguard S&P 500 Accumulation UCITS ETF - VUAA.L,2021-03-03,70.16500091552734
Vanguard,VUAA.L,Vanguard S&P 500 Accumulation UCITS ETF - VUAA.L,2021-03-04,69.37999725341797
Vanguard,VUAA.L,Vanguard S&P 500 Accumulation UCITS ETF - VUAA.L,2021-03-05,67.75499725341797
Vanguard,VUAA.L,Vanguard S&P 500 Accumulation UCITS ETF - VUAA.L,2021-03-06,67.75499725341797
Vanguard,VUAA.L,Vanguard S&P 500 Accumulation UCITS ETF - VUAA.L,2021-03-07,67.75499725341797
Vanguard,VUAA.L,Vanguard S&P 500 Accumulation UCITS ETF - VUAA.L,2021-03-08,70.1500015258789
Vanguard,VUAA.L,Vanguard S&P 500 Accumulation UCITS ETF - VUAA.L,2021-03-09,70.55999755859375
Vanguard,VUAA.L,Vanguard S&P 500 Accumulation UCITS ETF - VUAA.L,2021-03-10,70.80999755859375
Vanguard,VUAA.L,Vanguard S&P 500 Accumulation UCITS ETF - VUAA.L,2021-03-11,71.73999786376953
Vanguard,VUAA.L,Vanguard S&P 500 Accumulation UCITS ETF - VUAA.L,2021-03-12,71.22000122070312
Vanguard,VUAA.L,Vanguard S&P 500 Accumulation UCITS ETF - VUAA.L,2021-03-13,71.22000122070312
Vanguard,VUAA.L,Vanguard S&P 500 Accumulation UCITS ETF - VUAA.L,2021-03-14,71.22000122070312
Vanguard,VUAA.L,Vanguard S&P 500 Accumulation UCITS ETF - VUAA.L,2021-03-15,71.48500061035156
Vanguard,VUAA.L,Vanguard S&P 500 Accumulation UCITS ETF - VUAA.L,2021-03-16,71.98500061035156
Vanguard,VUAA.L,Vanguard S&P 500 Accumulation UCITS ETF - VUAA.L,2021-03-17,71.63500213623047
Vanguard,VUAA.L,Vanguard S&P 500 Accumulation UCITS ETF - VUAA.L,2021-03-18,71.9800033569336
Vanguard,VUAA.L,Vanguard S&P 500 Accumulation UCITS ETF - VUAA.L,2021-03-19,71.17500305175781
Vanguard,VUAA.L,Vanguard S&P 500 Accumulation UCITS ETF - VUAA.L,2021-03-20,71.17500305175781
Vanguard,VUAA.L,Vanguard S&P 500 Accumulation UCITS ETF - VUAA.L,2021-03-21,71.17500305175781
Vanguard,VUAA.L,Vanguard S&P 500 Accumulation UCITS ETF - VUAA.L,2021-03-22,71.59500122070312
Vanguard,VUAA.L,Vanguard S&P 500 Accumulation UCITS ETF - VUAA.L,2021-03-23,71.51000213623047
Vanguard,VUAA.L,Vanguard S&P 500 Accumulation UCITS ETF - VUAA.L,2021-03-24,71.44999694824219
Vanguard,VUAA.L,Vanguard S&P 500 Accumulation UCITS ETF - VUAA.L,2021-03-25,70.6500015258789
Vanguard,VUAA.L,Vanguard S&P 500 Accumulation UCITS ETF - VUAA.L,2021-03-26,71.45500183105469
Vanguard,VUAA.L,Vanguard S&P 500 Accumulation UCITS ETF - VUAA.L,2021-03-27,71.45500183105469
Vanguard,VUAA.L,Vanguard S&P 500 Accumulation UCITS ETF - VUAA.L,2021-03-28,71.45500183105469
Vanguard,VUAA.L,Vanguard S&P 500 Accumulation UCITS ETF - VUAA.L,2021-03-29,71.79000091552734
Vanguard,VUAA.L,Vanguard S&P 500 Accumulation UCITS ETF - VUAA.L,2021-03-30,71.87999725341797
Vanguard,VUAA.L,Vanguard S&P 500 Accumulation UCITS ETF - VUAA.L,2021-03-31,72.27999877929688
Vanguard,VUAA.L,Vanguard S&P 500 Accumulation UCITS ETF - VUAA.L,2021-04-01,72.73500061035156
Vanguard,VUAA.L,Vanguard S&P 500 Accumulation UCITS ETF - VUAA.L,2021-04-02,72.73500061035156
Vanguard,VUAA.L,Vanguard S&P 500 Accumulation UCITS ETF - VUAA.L,2021-04-03,72.73500061035156
Vanguard,VUAA.L,Vanguard S&P 500 Accumulation UCITS ETF - VUAA.L,2021-04-04,72.73500061035156
Vanguard,VUAA.L,Vanguard S&P 500 Accumulation UCITS ETF - VUAA.L,2021-04-05,72.73500061035156
Vanguard,VUAA.L,Vanguard S&P 500 Accumulation UCITS ETF - VUAA.L,2021-04-06,74.12999725341797
Vanguard,VUAA.L,Vanguard S&P 500 Accumulation UCITS ETF - VUAA.L,2021-04-07,74.0199966430664
Vanguard,VUAA.L,Vanguard S&P 500 Accumulation UCITS ETF - VUAA.L,2021-04-08,74.30500030517578
Vanguard,VUAA.L,Vanguard S&P 500 Accumulation UCITS ETF - VUAA.L,2021-04-09,74.5
Vanguard,VUAA.L,Vanguard S&P 500 Accumulation UCITS ETF - VUAA.L,2021-04-10,74.5
Vanguard,VUAA.L,Vanguard S&P 500 Accumulation UCITS ETF - VUAA.L,2021-04-11,74.5
Vanguard,VUAA.L,Vanguard S&P 500 Accumulation UCITS ETF - VUAA.L,2021-04-12,74.8550033569336
Vanguard,VUAA.L,Vanguard S&P 500 Accumulation UCITS ETF - VUAA.L,2021-04-13,75.08000183105469
Vanguard,VUAA.L,Vanguard S&P 500 Accumulation UCITS ETF - VUAA.L,2021-04-14,75.26499938964844
Vanguard,VUAA.L,Vanguard S&P 500 Accumulation UCITS ETF - VUAA.L,2021-04-15,75.54000091552734
Vanguard,VUAA.L,Vanguard S&P 500 Accumulation UCITS ETF - VUAA.L,2021-04-16,75.83999633789062
Vanguard,VUAA.L,Vanguard S&P 500 Accumulation UCITS ETF - VUAA.L,2021-04-17,75.83999633789062
Vanguard,VUAA.L,Vanguard S&P 500 Accumulation UCITS ETF - VUAA.L,2021-04-18,75.83999633789062
Vanguard,VUAA.L,Vanguard S&P 500 Accumulation UCITS ETF - VUAA.L,2021-04-19,75.70999908447266
Vanguard,VUAA.L,Vanguard S&P 500 Accumulation UCITS ETF - VUAA.L,2021-04-20,74.88999938964844
Vanguard,VUAA.L,Vanguard S&P 500 Accumulation UCITS ETF - VUAA.L,2021-04-21,75.45999908447266
Vanguard,VUAA.L,Vanguard S&P 500 Accumulation UCITS ETF - VUAA.L,2021-04-22,75.7750015258789
Vanguard,VUAA.L,Vanguard S&P 500 Accumulation UCITS ETF - VUAA.L,2021-04-23,75.82499694824219
Vanguard,VUAA.L,Vanguard S&P 500 Accumulation UCITS ETF - VUAA.L,2021-04-24,75.82499694824219
Vanguard,VUAA.L,Vanguard S&P 500 Accumulation UCITS ETF - VUAA.L,2021-04-25,75.82499694824219
Vanguard,VUAA.L,Vanguard S&P 500 Accumulation UCITS ETF - VUAA.L,2021-04-26,76.12999725341797
Vanguard,VUAA.L,Vanguard S&P 500 Accumulation UCITS ETF - VUAA.L,2021-04-27,76.01000213623047
Vanguard,VUAA.L,Vanguard S&P 500 Accumulation UCITS ETF - VUAA.L,2021-04-28,76.13999938964844
Vanguard,VUAA.L,Vanguard S&P 500 Accumulation UCITS ETF - VUAA.L,2021-04-29,76.1500015258789
Vanguard,VUAA.L,Vanguard S&P 500 Accumulation UCITS ETF - VUAA.L,2021-04-30,75.96499633789062
Vanguard,VUAA.L,Vanguard S&P 500 Accumulation UCITS ETF - VUAA.L,2021-05-01,75.96499633789062
Vanguard,VUAA.L,Vanguard S&P 500 Accumulation UCITS ETF - VUAA.L,2021-05-02,75.96499633789062
Vanguard,VUAA.L,Vanguard S&P 500 Accumulation UCITS ETF - VUAA.L,2021-05-03,75.96499633789062
Vanguard,VUAA.L,Vanguard S&P 500 Accumulation UCITS ETF - VUAA.L,2021-05-04,75.22000122070312
Vanguard,VUAA.L,Vanguard S&P 500 Accumulation UCITS ETF - VUAA.L,2021-05-05,75.98999786376953
Vanguard,VUAA.L,Vanguard S&P 500 Accumulation UCITS ETF - VUAA.L,2021-05-06,75.91999816894531
Vanguard,VUAA.L,Vanguard S&P 500 Accumulation UCITS ETF - VUAA.L,2021-05-07,76.9800033569336
Vanguard,VUAA.L,Vanguard S&P 500 Accumulation UCITS ETF - VUAA.L,2021-05-08,76.9800033569336
Vanguard,VUAA.L,Vanguard S&P 500 Accumulation UCITS ETF - VUAA.L,2021-05-09,76.9800033569336
Vanguard,VUAA.L,Vanguard S&P 500 Accumulation UCITS ETF - VUAA.L,2021-05-10,76.91000366210938
Vanguard,VUAA.L,Vanguard S&P 500 Accumulation UCITS ETF - VUAA.L,2021-05-11,75.38999938964844
Vanguard,VUAA.L,Vanguard S&P 500 Accumulation UCITS ETF - VUAA.L,2021-05-12,74.5
Vanguard,VUAA.L,Vanguard S&P 500 Accumulation UCITS ETF - VUAA.L,2021-05-13,74.6449966430664
Vanguard,VUAA.L,Vanguard S&P 500 Accumulation UCITS ETF - VUAA.L,2021-05-14,75.67500305175781
Vanguard,VUAA.L,Vanguard S&P 500 Accumulation UCITS ETF - VUAA.L,2021-05-15,75.67500305175781
Vanguard,VUAA.L,Vanguard S&P 500 Accumulation UCITS ETF - VUAA.L,2021-05-16,75.67500305175781
Vanguard,VUAA.L,Vanguard S&P 500 Accumulation UCITS ETF - VUAA.L,2021-05-17,75.44499969482422
Vanguard,VUAA.L,Vanguard S&P 500 Accumulation UCITS ETF - VUAA.L,2021-05-18,75.62000274658203
Vanguard,VUAA.L,Vanguard S&P 500 Accumulation UCITS ETF - VUAA.L,2021-05-19,74.34500122070312
Vanguard,VUAA.L,Vanguard S&P 500 Accumulation UCITS ETF - VUAA.L,2021-05-20,75.57499694824219
Vanguard,VUAA.L,Vanguard S&P 500 Accumulation UCITS ETF - VUAA.L,2021-05-21,75.8550033569336
Vanguard,VUAA.L,Vanguard S&P 500 Accumulation UCITS ETF - VUAA.L,2021-05-22,75.8550033569336
Vanguard,VUAA.L,Vanguard S&P 500 Accumulation UCITS ETF - VUAA.L,2021-05-23,75.8550033569336
Vanguard,VUAA.L,Vanguard S&P 500 Accumulation UCITS ETF - VUAA.L,2021-05-24,76.40499877929688
Vanguard,VUAA.L,Vanguard S&P 500 Accumulation UCITS ETF - VUAA.L,2021-05-25,76.19999694824219
Vanguard,VUAA.L,Vanguard S&P 500 Accumulation UCITS ETF - VUAA.L,2021-05-26,76.31999969482422
Vanguard,VUAA.L,Vanguard S&P 500 Accumulation UCITS ETF - VUAA.L,2021-05-27,76.45999908447266
Vanguard,VUAA.L,Vanguard S&P 500 Accumulation UCITS ETF - VUAA.L,2021-05-28,76.63999938964844
Vanguard,VUAA.L,Vanguard S&P 500 Accumulation UCITS ETF - VUAA.L,2021-05-29,76.63999938964844
Vanguard,VUAA.L,Vanguard S&P 500 Accumulation UCITS ETF - VUAA.L,2021-05-30,76.63999938964844
Vanguard,VUAA.L,Vanguard S&P 500 Accumulation UCITS ETF - VUAA.L,2021-05-31,76.63999938964844
Vanguard,VUAA.L,Vanguard S&P 500 Accumulation UCITS ETF - VUAA.L,2021-06-01,76.53500366210938
Vanguard,VUAA.L,Vanguard S&P 500 Accumulation UCITS ETF - VUAA.L,2021-06-02,76.69000244140625
Vanguard,VUAA.L,Vanguard S&P 500 Accumulation UCITS ETF - VUAA.L,2021-06-03,76.44000244140625
Vanguard,VUAA.L,Vanguard S&P 500 Accumulation UCITS ETF - VUAA.L,2021-06-04,76.83000183105469
Vanguard,VUAA.L,Vanguard S&P 500 Accumulation UCITS ETF - VUAA.L,2021-06-05,76.83000183105469
Vanguard,VUAA.L,Vanguard S&P 500 Accumulation UCITS ETF - VUAA.L,2021-06-06,76.83000183105469
Vanguard,VUAA.L,Vanguard S&P 500 Accumulation UCITS ETF - VUAA.L,2021-06-07,76.75
Vanguard,VUAA.L,Vanguard S&P 500 Accumulation UCITS ETF - VUAA.L,2021-06-08,76.72000122070312
Vanguard,VUAA.L,Vanguard S&P 500 Accumulation UCITS ETF - VUAA.L,2021-06-09,77.0250015258789
Vanguard,VUAA.L,Vanguard S&P 500 Accumulation UCITS ETF - VUAA.L,2021-06-10,77.08000183105469
Vanguard,VUAA.L,Vanguard S&P 500 Accumulation UCITS ETF - VUAA.L,2021-06-11,77.1500015258789
Vanguard,VUAA.L,Vanguard S&P 500 Accumulation UCITS ETF - VUAA.L,2021-06-12,77.1500015258789
Vanguard,VUAA.L,Vanguard S&P 500 Accumulation UCITS ETF - VUAA.L,2021-06-13,77.1500015258789
Vanguard,VUAA.L,Vanguard S&P 500 Accumulation UCITS ETF - VUAA.L,2021-06-14,77.13500213623047
Vanguard,VUAA.L,Vanguard S&P 500 Accumulation UCITS ETF - VUAA.L,2021-06-15,77.19999694824219
Vanguard,VUAA.L,Vanguard S&P 500 Accumulation UCITS ETF - VUAA.L,2021-06-16,77.31500244140625
Vanguard,VUAA.L,Vanguard S&P 500 Accumulation UCITS ETF - VUAA.L,2021-06-17,76.93000030517578
Vanguard,VUAA.L,Vanguard S&P 500 Accumulation UCITS ETF - VUAA.L,2021-06-18,75.94999694824219
Vanguard,VUAA.L,Vanguard S&P 500 Accumulation UCITS ETF - VUAA.L,2021-06-19,75.94999694824219
Vanguard,VUAA.L,Vanguard S&P 500 Accumulation UCITS ETF - VUAA.L,2021-06-20,75.94999694824219
Vanguard,VUAA.L,Vanguard S&P 500 Accumulation UCITS ETF - VUAA.L,2021-06-21,76.72000122070312
Vanguard,VUAA.L,Vanguard S&P 500 Accumulation UCITS ETF - VUAA.L,2021-06-22,77.19000244140625
Vanguard,VUAA.L,Vanguard S&P 500 Accumulation UCITS ETF - VUAA.L,2021-06-23,77.32499694824219
Vanguard,VUAA.L,Vanguard S&P 500 Accumulation UCITS ETF - VUAA.L,2021-06-24,77.6500015258789
Vanguard,VUAA.L,Vanguard S&P 500 Accumulation UCITS ETF - VUAA.L,2021-06-25,77.90499877929688
Vanguard,VUAA.L,Vanguard S&P 500 Accumulation UCITS ETF - VUAA.L,2021-06-26,77.90499877929688
Vanguard,VUAA.L,Vanguard S&P 500 Accumulation UCITS ETF - VUAA.L,2021-06-27,77.90499877929688
Vanguard,VUAA.L,Vanguard S&P 500 Accumulation UCITS ETF - VUAA.L,2021-06-28,77.9000015258789
Vanguard,VUAA.L,Vanguard S&P 500 Accumulation UCITS ETF - VUAA.L,2021-06-29,78.23500061035156
Vanguard,VUAA.L,Vanguard S&P 500 Accumulation UCITS ETF - VUAA.L,2021-06-30,78.18000030517578
Vanguard,VUAA.L,Vanguard S&P 500 Accumulation UCITS ETF - VUAA.L,2021-07-01,78.44499969482422
Vanguard,VUAA.L,Vanguard S&P 500 Accumulation UCITS ETF - VUAA.L,2021-07-02,78.94000244140625
Vanguard,VUAA.L,Vanguard S&P 500 Accumulation UCITS ETF - VUAA.L,2021-07-03,78.94000244140625
Vanguard,VUAA.L,Vanguard S&P 500 Accumulation UCITS ETF - VUAA.L,2021-07-04,78.94000244140625
Vanguard,VUAA.L,Vanguard S&P 500 Accumulation UCITS ETF - VUAA.L,2021-07-05,79.2699966430664
Vanguard,VUAA.L,Vanguard S&P 500 Accumulation UCITS ETF - VUAA.L,2021-07-06,78.76000213623047
Vanguard,VUAA.L,Vanguard S&P 500 Accumulation UCITS ETF - VUAA.L,2021-07-07,79.19000244140625
Vanguard,VUAA.L,Vanguard S&P 500 Accumulation UCITS ETF - VUAA.L,2021-07-08,78.5199966430664
Vanguard,VUAA.L,Vanguard S&P 500 Accumulation UCITS ETF - VUAA.L,2021-07-09,79.42500305175781
Vanguard,VUAA.L,Vanguard S&P 500 Accumulation UCITS ETF - VUAA.L,2021-07-10,79.42500305175781
Vanguard,VUAA.L,Vanguard S&P 500 Accumulation UCITS ETF - VUAA.L,2021-07-11,79.42500305175781
Vanguard,VUAA.L,Vanguard S&P 500 Accumulation UCITS ETF - VUAA.L,2021-07-12,79.73999786376953
Vanguard,VUAA.L,Vanguard S&P 500 Accumulation UCITS ETF - VUAA.L,2021-07-13,79.97000122070312
Vanguard,VUAA.L,Vanguard S&P 500 Accumulation UCITS ETF - VUAA.L,2021-07-14,79.63999938964844
Vanguard,VUAA.L,Vanguard S&P 500 Accumulation UCITS ETF - VUAA.L,2021-07-15,79.52999877929688
Vanguard,VUAA.L,Vanguard S&P 500 Accumulation UCITS ETF - VUAA.L,2021-07-16,79.12999725341797
Vanguard,VUAA.L,Vanguard S&P 500 Accumulation UCITS ETF - VUAA.L,2021-07-17,79.12999725341797
Vanguard,VUAA.L,Vanguard S&P 500 Accumulation UCITS ETF - VUAA.L,2021-07-18,79.12999725341797
Vanguard,VUAA.L,Vanguard S&P 500 Accumulation UCITS ETF - VUAA.L,2021-07-19,77.68000030517578
Vanguard,VUAA.L,Vanguard S&P 500 Accumulation UCITS ETF - VUAA.L,2021-07-20,78.55000305175781
Vanguard,VUAA.L,Vanguard S&P 500 Accumulation UCITS ETF - VUAA.L,2021-07-21,79.0999984741211
Vanguard,VUAA.L,Vanguard S&P 500 Accumulation UCITS ETF - VUAA.L,2021-07-22,79.41000366210938
Vanguard,VUAA.L,Vanguard S&P 500 Accumulation UCITS ETF - VUAA.L,2021-07-23,80.2300033569336
Vanguard,VUAA.L,Vanguard S&P 500 Accumulation UCITS ETF - VUAA.L,2021-07-24,80.2300033569336
Vanguard,VUAA.L,Vanguard S&P 500 Accumulation UCITS ETF - VUAA.L,2021-07-25,80.2300033569336
Vanguard,VUAA.L,Vanguard S&P 500 Accumulation UCITS ETF - VUAA.L,2021-07-26,80.47000122070312
Vanguard,VUAA.L,Vanguard S&P 500 Accumulation UCITS ETF - VUAA.L,2021-07-27,79.86000061035156
Vanguard,VUAA.L,Vanguard S&P 500 Accumulation UCITS ETF - VUAA.L,2021-07-28,80.23999786376953
Vanguard,VUAA.L,Vanguard S&P 500 Accumulation UCITS ETF - VUAA.L,2021-07-29,80.61000061035156
Vanguard,VUAA.L,Vanguard S&P 500 Accumulation UCITS ETF - VUAA.L,2021-07-30,80.16999816894531
Vanguard,VUAA.L,Vanguard S&P 500 Accumulation UCITS ETF - VUAA.L,2021-07-31,80.16999816894531
Vanguard,VUAA.L,Vanguard S&P 500 Accumulation UCITS ETF - VUAA.L,2021-08-01,80.16999816894531
Vanguard,VUAA.L,Vanguard S&P 500 Accumulation UCITS ETF - VUAA.L,2021-08-02,80.43000030517578
Vanguard,VUAA.L,Vanguard S&P 500 Accumulation UCITS ETF - VUAA.L,2021-08-03,79.96499633789062
Vanguard,VUAA.L,Vanguard S&P 500 Accumulation UCITS ETF - VUAA.L,2021-08-04,80.24500274658203
Vanguard,VUAA.L,Vanguard S&P 500 Accumulation UCITS ETF - VUAA.L,2021-08-05,80.57499694824219
Vanguard,VUAA.L,Vanguard S&P 500 Accumulation UCITS ETF - VUAA.L,2021-08-06,80.76000213623047
Vanguard,VUAA.L,Vanguard S&P 500 Accumulation UCITS ETF - VUAA.L,2021-08-07,80.76000213623047
Vanguard,VUAA.L,Vanguard S&P 500 Accumulation UCITS ETF - VUAA.L,2021-08-08,80.76000213623047
Vanguard,VUAA.L,Vanguard S&P 500 Accumulation UCITS ETF - VUAA.L,2021-08-09,80.73500061035156
Vanguard,VUAA.L,Vanguard S&P 500 Accumulation UCITS ETF - VUAA.L,2021-08-10,80.84500122070312
Vanguard,VUAA.L,Vanguard S&P 500 Accumulation UCITS ETF - VUAA.L,2021-08-11,80.91500091552734
Vanguard,VUAA.L,Vanguard S&P 500 Accumulation UCITS ETF - VUAA.L,2021-08-12,81.08000183105469
Vanguard,VUAA.L,Vanguard S&P 500 Accumulation UCITS ETF - VUAA.L,2021-08-13,81.4000015258789
Vanguard,VUAA.L,Vanguard S&P 500 Accumulation UCITS ETF - VUAA.L,2021-08-14,81.4000015258789
Vanguard,VUAA.L,Vanguard S&P 500 Accumulation UCITS ETF - VUAA.L,2021-08-15,81.4000015258789
Vanguard,VUAA.L,Vanguard S&P 500 Accumulation UCITS ETF - VUAA.L,2021-08-16,81.06999969482422
Vanguard,VUAA.L,Vanguard S&P 500 Accumulation UCITS ETF - VUAA.L,2021-08-17,81.08000183105469
Vanguard,VUAA.L,Vanguard S&P 500 Accumulation UCITS ETF - VUAA.L,2021-08-18,81.0250015258789
Vanguard,VUAA.L,Vanguard S&P 500 Accumulation UCITS ETF - VUAA.L,2021-08-19,80.16999816894531
Vanguard,VUAA.L,Vanguard S&P 500 Accumulation UCITS ETF - VUAA.L,2021-08-20,80.7750015258789
Vanguard,VUAA.L,Vanguard S&P 500 Accumulation UCITS ETF - VUAA.L,2021-08-21,80.7750015258789
Vanguard,VUAA.L,Vanguard S&P 500 Accumulation UCITS ETF - VUAA.L,2021-08-22,80.7750015258789
Vanguard,VUAA.L,Vanguard S&P 500 Accumulation UCITS ETF - VUAA.L,2021-08-23,81.73999786376953
Vanguard,VUAA.L,Vanguard S&P 500 Accumulation UCITS ETF - VUAA.L,2021-08-24,81.81999969482422
Vanguard,VUAA.L,Vanguard S&P 500 Accumulation UCITS ETF - VUAA.L,2021-08-25,82.0
Vanguard,VUAA.L,Vanguard S&P 500 Accumulation UCITS ETF - VUAA.L,2021-08-26,81.74500274658203
Vanguard,VUAA.L,Vanguard S&P 500 Accumulation UCITS ETF - VUAA.L,2021-08-27,82.06500244140625
Vanguard,VUAA.L,Vanguard S&P 500 Accumulation UCITS ETF - VUAA.L,2021-08-28,82.06500244140625
Vanguard,VUAA.L,Vanguard S&P 500 Accumulation UCITS ETF - VUAA.L,2021-08-29,82.06500244140625
Vanguard,VUAA.L,Vanguard S&P 500 Accumulation UCITS ETF - VUAA.L,2021-08-30,82.06500244140625
Vanguard,VUAA.L,Vanguard S&P 500 Accumulation UCITS ETF - VUAA.L,2021-08-31,82.63999938964844
Vanguard,VUAA.L,Vanguard S&P 500 Accumulation UCITS ETF - VUAA.L,2021-09-01,82.625
Vanguard,VUAA.L,Vanguard S&P 500 Accumulation UCITS ETF - VUAA.L,2021-09-02,82.8550033569336
Vanguard,VUAA.L,Vanguard S&P 500 Accumulation UCITS ETF - VUAA.L,2021-09-03,82.71499633789062
Vanguard,VUAA.L,Vanguard S&P 500 Accumulation UCITS ETF - VUAA.L,2021-09-04,82.71499633789062
Vanguard,VUAA.L,Vanguard S&P 500 Accumulation UCITS ETF - VUAA.L,2021-09-05,82.71499633789062
Vanguard,VUAA.L,Vanguard S&P 500 Accumulation UCITS ETF - VUAA.L,2021-09-06,82.97000122070312
Vanguard,VUAA.L,Vanguard S&P 500 Accumulation UCITS ETF - VUAA.L,2021-09-07,82.43000030517578
Vanguard,VUAA.L,Vanguard S&P 500 Accumulation UCITS ETF - VUAA.L,2021-09-08,82.19999694824219
Vanguard,VUAA.L,Vanguard S&P 500 Accumulation UCITS ETF - VUAA.L,2021-09-09,82.3499984741211
Vanguard,VUAA.L,Vanguard S&P 500 Accumulation UCITS ETF - VUAA.L,2021-09-10,81.73999786376953
Vanguard,VUAA.L,Vanguard S&P 500 Accumulation UCITS ETF - VUAA.L,2021-09-11,81.73999786376953
Vanguard,VUAA.L,Vanguard S&P 500 Accumulation UCITS ETF - VUAA.L,2021-09-12,81.73999786376953
Vanguard,VUAA.L,Vanguard S&P 500 Accumulation UCITS ETF - VUAA.L,2021-09-13,81.45999908447266
Vanguard,VUAA.L,Vanguard S&P 500 Accumulation UCITS ETF - VUAA.L,2021-09-14,81.4000015258789
Vanguard,VUAA.L,Vanguard S&P 500 Accumulation UCITS ETF - VUAA.L,2021-09-15,81.30999755859375
Vanguard,VUAA.L,Vanguard S&P 500 Accumulation UCITS ETF - VUAA.L,2021-09-16,81.25
Vanguard,VUAA.L,Vanguard S&P 500 Accumulation UCITS ETF - VUAA.L,2021-09-17,81.04000091552734
Vanguard,VUAA.L,Vanguard S&P 500 Accumulation UCITS ETF - VUAA.L,2021-09-18,81.04000091552734
Vanguard,VUAA.L,Vanguard S&P 500 Accumulation UCITS ETF - VUAA.L,2021-09-19,81.04000091552734
Vanguard,VUAA.L,Vanguard S&P 500 Accumulation UCITS ETF - VUAA.L,2021-09-20,79.67500305175781
Vanguard,VUAA.L,Vanguard S&P 500 Accumulation UCITS ETF - VUAA.L,2021-09-21,79.62999725341797
Vanguard,VUAA.L,Vanguard S&P 500 Accumulation UCITS ETF - VUAA.L,2021-09-22,80.2750015258789
Vanguard,VUAA.L,Vanguard S&P 500 Accumulation UCITS ETF - VUAA.L,2021-09-23,81.2699966430664
Vanguard,VUAA.L,Vanguard S&P 500 Accumulation UCITS ETF - VUAA.L,2021-09-24,81.08000183105469
Vanguard,VUAA.L,Vanguard S&P 500 Accumulation UCITS ETF - VUAA.L,2021-09-25,81.08000183105469
Vanguard,VUAA.L,Vanguard S&P 500 Accumulation UCITS ETF - VUAA.L,2021-09-26,81.08000183105469
Vanguard,VUAA.L,Vanguard S&P 500 Accumulation UCITS ETF - VUAA.L,2021-09-27,81.16999816894531
Vanguard,VUAA.L,Vanguard S&P 500 Accumulation UCITS ETF - VUAA.L,2021-09-28,79.61499786376953
Vanguard,VUAA.L,Vanguard S&P 500 Accumulation UCITS ETF - VUAA.L,2021-09-29,79.8499984741211
Vanguard,VUAA.L,Vanguard S&P 500 Accumulation UCITS ETF - VUAA.L,2021-09-30,79.4000015258789
Vanguard,VUAA.L,Vanguard S&P 500 Accumulation UCITS ETF - VUAA.L,2021-10-01,78.8550033569336
Vanguard,VUAA.L,Vanguard S&P 500 Accumulation UCITS ETF - VUAA.L,2021-10-02,78.8550033569336
Vanguard,VUAA.L,Vanguard S&P 500 Accumulation UCITS ETF - VUAA.L,2021-10-03,78.8550033569336
Vanguard,VUAA.L,Vanguard S&P 500 Accumulation UCITS ETF - VUAA.L,2021-10-04,78.25
Vanguard,VUAA.L,Vanguard S&P 500 Accumulation UCITS ETF - VUAA.L,2021-10-05,79.63500213623047
Vanguard,VUAA.L,Vanguard S&P 500 Accumulation UCITS ETF - VUAA.L,2021-10-06,78.6500015258789
Vanguard,VUAA.L,Vanguard S&P 500 Accumulation UCITS ETF - VUAA.L,2021-10-07,80.7750015258789
Vanguard,VUAA.L,Vanguard S&P 500 Accumulation UCITS ETF - VUAA.L,2021-10-08,80.37000274658203
Vanguard,VUAA.L,Vanguard S&P 500 Accumulation UCITS ETF - VUAA.L,2021-10-09,80.37000274658203
Vanguard,VUAA.L,Vanguard S&P 500 Accumulation UCITS ETF - VUAA.L,2021-10-10,80.37000274658203
Vanguard,VUAA.L,Vanguard S&P 500 Accumulation UCITS ETF - VUAA.L,2021-10-11,80.49500274658203
Vanguard,VUAA.L,Vanguard S&P 500 Accumulation UCITS ETF - VUAA.L,2021-10-12,79.5999984741211
Vanguard,VUAA.L,Vanguard S&P 500 Accumulation UCITS ETF - VUAA.L,2021-10-13,79.31500244140625
Vanguard,VUAA.L,Vanguard S&P 500 Accumulation UCITS ETF - VUAA.L,2021-10-14,80.82499694824219
Vanguard,VUAA.L,Vanguard S&P 500 Accumulation UCITS ETF - VUAA.L,2021-10-15,81.58000183105469
Vanguard,VUAA.L,Vanguard S&P 500 Accumulation UCITS ETF - VUAA.L,2021-10-16,81.58000183105469
Vanguard,VUAA.L,Vanguard S&P 500 Accumulation UCITS ETF - VUAA.L,2021-10-17,81.58000183105469
Vanguard,VUAA.L,Vanguard S&P 500 Accumulation UCITS ETF - VUAA.L,2021-10-18,81.83000183105469
Vanguard,VUAA.L,Vanguard S&P 500 Accumulation UCITS ETF - VUAA.L,2021-10-19,82.44000244140625
Vanguard,VUAA.L,Vanguard S&P 500 Accumulation UCITS ETF - VUAA.L,2021-10-20,82.83999633789062
Vanguard,VUAA.L,Vanguard S&P 500 Accumulation UCITS ETF - VUAA.L,2021-10-21,82.70999908447266
Vanguard,VUAA.L,Vanguard S&P 500 Accumulation UCITS ETF - VUAA.L,2021-10-22,82.83000183105469
Vanguard,VUAA.L,Vanguard S&P 500 Accumulation UCITS ETF - VUAA.L,2021-10-23,82.83000183105469
Vanguard,VUAA.L,Vanguard S&P 500 Accumulation UCITS ETF - VUAA.L,2021-10-24,82.83000183105469
Vanguard,VUAA.L,Vanguard S&P 500 Accumulation UCITS ETF - VUAA.L,2021-10-25,83.29000091552734
Vanguard,VUAA.L,Vanguard S&P 500 Accumulation UCITS ETF - VUAA.L,2021-10-26,83.79000091552734
Vanguard,VUAA.L,Vanguard S&P 500 Accumulation UCITS ETF - VUAA.L,2021-10-27,83.56999969482422
Vanguard,VUAA.L,Vanguard S&P 500 Accumulation UCITS ETF - VUAA.L,2021-10-28,83.86000061035156
Vanguard,VUAA.L,Vanguard S&P 500 Accumulation UCITS ETF - VUAA.L,2021-10-29,83.98999786376953
Vanguard,VUAA.L,Vanguard S&P 500 Accumulation UCITS ETF - VUAA.L,2021-10-30,83.98999786376953
Vanguard,VUAA.L,Vanguard S&P 500 Accumulation UCITS ETF - VUAA.L,2021-10-31,83.98999786376953
Vanguard,VUAA.L,Vanguard S&P 500 Accumulation UCITS ETF - VUAA.L,2021-11-01,84.22000122070312
Vanguard,VUAA.L,Vanguard S&P 500 Accumulation UCITS ETF - VUAA.L,2021-11-02,84.61000061035156
Vanguard,VUAA.L,Vanguard S&P 500 Accumulation UCITS ETF - VUAA.L,2021-11-03,84.54000091552734
Vanguard,VUAA.L,Vanguard S&P 500 Accumulation UCITS ETF - VUAA.L,2021-11-04,85.36000061035156
Vanguard,VUAA.L,Vanguard S&P 500 Accumulation UCITS ETF - VUAA.L,2021-11-05,86.05000305175781
Vanguard,VUAA.L,Vanguard S&P 500 Accumulation UCITS ETF - VUAA.L,2021-11-06,86.05000305175781
Vanguard,VUAA.L,Vanguard S&P 500 Accumulation UCITS ETF - VUAA.L,2021-11-07,86.05000305175781
Vanguard,VUAA.L,Vanguard S&P 500 Accumulation UCITS ETF - VUAA.L,2021-11-08,85.95999908447266
Vanguard,VUAA.L,Vanguard S&P 500 Accumulation UCITS ETF - VUAA.L,2021-11-09,85.56999969482422
Vanguard,VUAA.L,Vanguard S&P 500 Accumulation UCITS ETF - VUAA.L,2021-11-10,85.47000122070312
Vanguard,VUAA.L,Vanguard S&P 500 Accumulation UCITS ETF - VUAA.L,2021-11-11,85.08499908447266
Vanguard,VUAA.L,Vanguard S&P 500 Accumulation UCITS ETF - VUAA.L,2021-11-12,85.58000183105469
Vanguard,VUAA.L,Vanguard S&P 500 Accumulation UCITS ETF - VUAA.L,2021-11-13,85.58000183105469
Vanguard,VUAA.L,Vanguard S&P 500 Accumulation UCITS ETF - VUAA.L,2021-11-14,85.58000183105469
Vanguard,VUAA.L,Vanguard S&P 500 Accumulation UCITS ETF - VUAA.L,2021-11-15,85.67500305175781
Vanguard,VUAA.L,Vanguard S&P 500 Accumulation UCITS ETF - VUAA.L,2021-11-16,86.06999969482422
Vanguard,VUAA.L,Vanguard S&P 500 Accumulation UCITS ETF - VUAA.L,2021-11-17,85.81999969482422
Vanguard,VUAA.L,Vanguard S&P 500 Accumulation UCITS ETF - VUAA.L,2021-11-18,85.7249984741211
Vanguard,VUAA.L,Vanguard S&P 500 Accumulation UCITS ETF - VUAA.L,2021-11-19,86.1050033569336
Vanguard,VUAA.L,Vanguard S&P 500 Accumulation UCITS ETF - VUAA.L,2021-11-20,86.1050033569336
Vanguard,VUAA.L,Vanguard S&P 500 Accumulation UCITS ETF - VUAA.L,2021-11-21,86.1050033569336
Vanguard,VUAA.L,Vanguard S&P 500 Accumulation UCITS ETF - VUAA.L,2021-11-22,86.52999877929688
Vanguard,VUAA.L,Vanguard S&P 500 Accumulation UCITS ETF - VUAA.L,2021-11-23,85.43000030517578
Vanguard,VUAA.L,Vanguard S&P 500 Accumulation UCITS ETF - VUAA.L,2021-11-24,85.80000305175781
Vanguard,VUAA.L,Vanguard S&P 500 Accumulation UCITS ETF - VUAA.L,2021-11-25,86.1050033569336
Vanguard,VUAA.L,Vanguard S&P 500 Accumulation UCITS ETF - VUAA.L,2021-11-26,84.04000091552734
Vanguard,VUAA.L,Vanguard S&P 500 Accumulation UCITS ETF - VUAA.L,2021-11-27,84.04000091552734
Vanguard,VUAA.L,Vanguard S&P 500 Accumulation UCITS ETF - VUAA.L,2021-11-28,84.04000091552734
Vanguard,VUAA.L,Vanguard S&P 500 Accumulation UCITS ETF - VUAA.L,2021-11-29,84.94000244140625
Vanguard,VUAA.L,Vanguard S&P 500 Accumulation UCITS ETF - VUAA.L,2021-11-30,83.93000030517578
Vanguard,VUAA.L,Vanguard S&P 500 Accumulation UCITS ETF - VUAA.L,2021-12-01,85.02999877929688
Vanguard,VUAA.L,Vanguard S&P 500 Accumulation UCITS ETF - VUAA.L,2021-12-02,83.3499984741211
Vanguard,VUAA.L,Vanguard S&P 500 Accumulation UCITS ETF - VUAA.L,2021-12-03,83.05999755859375
Vanguard,VUAA.L,Vanguard S&P 500 Accumulation UCITS ETF - VUAA.L,2021-12-04,83.05999755859375
Vanguard,VUAA.L,Vanguard S&P 500 Accumulation UCITS ETF - VUAA.L,2021-12-05,83.05999755859375
Vanguard,VUAA.L,Vanguard S&P 500 Accumulation UCITS ETF - VUAA.L,2021-12-06,83.87000274658203
Vanguard,VUAA.L,Vanguard S&P 500 Accumulation UCITS ETF - VUAA.L,2021-12-07,85.79000091552734
Vanguard,VUAA.L,Vanguard S&P 500 Accumulation UCITS ETF - VUAA.L,2021-12-08,85.69499969482422
Vanguard,VUAA.L,Vanguard S&P 500 Accumulation UCITS ETF - VUAA.L,2021-12-09,85.82499694824219
Vanguard,VUAA.L,Vanguard S&P 500 Accumulation UCITS ETF - VUAA.L,2021-12-10,85.69999694824219
Vanguard,VUAA.L,Vanguard S&P 500 Accumulation UCITS ETF - VUAA.L,2021-12-11,85.69999694824219
Vanguard,VUAA.L,Vanguard S&P 500 Accumulation UCITS ETF - VUAA.L,2021-12-12,85.69999694824219
Vanguard,VUAA.L,Vanguard S&P 500 Accumulation UCITS ETF - VUAA.L,2021-12-13,85.58000183105469
Vanguard,VUAA.L,Vanguard S&P 500 Accumulation UCITS ETF - VUAA.L,2021-12-14,84.54000091552734
Vanguard,VUAA.L,Vanguard S&P 500 Accumulation UCITS ETF - VUAA.L,2021-12-15,84.44000244140625
Vanguard,VUAA.L,Vanguard S&P 500 Accumulation UCITS ETF - VUAA.L,2021-12-16,86.08999633789062
Vanguard,VUAA.L,Vanguard S&P 500 Accumulation UCITS ETF - VUAA.L,2021-12-17,85.01000213623047
Vanguard,VUAA.L,Vanguard S&P 500 Accumulation UCITS ETF - VUAA.L,2021-12-18,85.01000213623047
Vanguard,VUAA.L,Vanguard S&P 500 Accumulation UCITS ETF - VUAA.L,2021-12-19,85.01000213623047
Vanguard,VUAA.L,Vanguard S&P 500 Accumulation UCITS ETF - VUAA.L,2021-12-20,83.0199966430664
Vanguard,VUAA.L,Vanguard S&P 500 Accumulation UCITS ETF - VUAA.L,2021-12-21,84.29000091552734
Vanguard,VUAA.L,Vanguard S&P 500 Accumulation UCITS ETF - VUAA.L,2021-12-22,85.7699966430664
Vanguard,VUAA.L,Vanguard S&P 500 Accumulation UCITS ETF - VUAA.L,2021-12-23,86.61000061035156
Vanguard,VUAA.L,Vanguard S&P 500 Accumulation UCITS ETF - VUAA.L,2021-12-24,86.5999984741211
Vanguard,VUAA.L,Vanguard S&P 500 Accumulation UCITS ETF - VUAA.L,2021-12-25,86.5999984741211
Vanguard,VUAA.L,Vanguard S&P 500 Accumulation UCITS ETF - VUAA.L,2021-12-26,86.5999984741211
Vanguard,VUAA.L,Vanguard S&P 500 Accumulation UCITS ETF - VUAA.L,2021-12-27,86.5999984741211
Vanguard,VUAA.L,Vanguard S&P 500 Accumulation UCITS ETF - VUAA.L,2021-12-28,86.5999984741211
Vanguard,VUAA.L,Vanguard S&P 500 Accumulation UCITS ETF - VUAA.L,2021-12-29,87.69000244140625
Vanguard,VUAA.L,Vanguard S&P 500 Accumulation UCITS ETF - VUAA.L,2021-12-30,87.91999816894531
Vanguard,VUAA.L,Vanguard S&P 500 Accumulation UCITS ETF - VUAA.L,2021-12-31,87.37000274658203
Vanguard,VUAA.L,Vanguard S&P 500 Accumulation UCITS ETF - VUAA.L,2022-01-01,87.37000274658203
Vanguard,VUAA.L,Vanguard S&P 500 Accumulation UCITS ETF - VUAA.L,2022-01-02,87.37000274658203
Vanguard,VUAA.L,Vanguard S&P 500 Accumulation UCITS ETF - VUAA.L,2022-01-03,87.37000274658203
Vanguard,VUAA.L,Vanguard S&P 500 Accumulation UCITS ETF - VUAA.L,2022-01-04,87.75
Vanguard,VUAA.L,Vanguard S&P 500 Accumulation UCITS ETF - VUAA.L,2022-01-05,87.6500015258789
Vanguard,VUAA.L,Vanguard S&P 500 Accumulation UCITS ETF - VUAA.L,2022-01-06,86.12000274658203
Vanguard,VUAA.L,Vanguard S&P 500 Accumulation UCITS ETF - VUAA.L,2022-01-07,85.7300033569336
Vanguard,VUAA.L,Vanguard S&P 500 Accumulation UCITS ETF - VUAA.L,2022-01-08,85.7300033569336
Vanguard,VUAA.L,Vanguard S&P 500 Accumulation UCITS ETF - VUAA.L,2022-01-09,85.7300033569336
Vanguard,VUAA.L,Vanguard S&P 500 Accumulation UCITS ETF - VUAA.L,2022-01-10,84.43000030517578
Vanguard,VUAA.L,Vanguard S&P 500 Accumulation UCITS ETF - VUAA.L,2022-01-11,85.7699966430664
Vanguard,VUAA.L,Vanguard S&P 500 Accumulation UCITS ETF - VUAA.L,2022-01-12,86.56999969482422
Vanguard,VUAA.L,Vanguard S&P 500 Accumulation UCITS ETF - VUAA.L,2022-01-13,86.54000091552734
Vanguard,VUAA.L,Vanguard S&P 500 Accumulation UCITS ETF - VUAA.L,2022-01-14,84.95999908447266
Vanguard,VUAA.L,Vanguard S&P 500 Accumulation UCITS ETF - VUAA.L,2022-01-15,84.95999908447266
Vanguard,VUAA.L,Vanguard S&P 500 Accumulation UCITS ETF - VUAA.L,2022-01-16,84.95999908447266
Vanguard,VUAA.L,Vanguard S&P 500 Accumulation UCITS ETF - VUAA.L,2022-01-17,85.4749984741211
Vanguard,VUAA.L,Vanguard S&P 500 Accumulation UCITS ETF - VUAA.L,2022-01-18,83.95999908447266
Vanguard,VUAA.L,Vanguard S&P 500 Accumulation UCITS ETF - VUAA.L,2022-01-19,83.68000030517578
Vanguard,VUAA.L,Vanguard S&P 500 Accumulation UCITS ETF - VUAA.L,2022-01-20,84.18000030517578
Vanguard,VUAA.L,Vanguard S&P 500 Accumulation UCITS ETF - VUAA.L,2022-01-21,82.12999725341797
Vanguard,VUAA.L,Vanguard S&P 500 Accumulation UCITS ETF - VUAA.L,2022-01-22,82.12999725341797
Vanguard,VUAA.L,Vanguard S&P 500 Accumulation UCITS ETF - VUAA.L,2022-01-23,82.12999725341797
Vanguard,VUAA.L,Vanguard S&P 500 Accumulation UCITS ETF - VUAA.L,2022-01-24,78.56999969482422
Vanguard,VUAA.L,Vanguard S&P 500 Accumulation UCITS ETF - VUAA.L,2022-01-25,79.16000366210938
Vanguard,VUAA.L,Vanguard S&P 500 Accumulation UCITS ETF - VUAA.L,2022-01-26,81.02999877929688
Vanguard,VUAA.L,Vanguard S&P 500 Accumulation UCITS ETF - VUAA.L,2022-01-27,80.42500305175781
Vanguard,VUAA.L,Vanguard S&P 500 Accumulation UCITS ETF - VUAA.L,2022-01-28,79.94999694824219
Vanguard,VUAA.L,Vanguard S&P 500 Accumulation UCITS ETF - VUAA.L,2022-01-29,79.94999694824219
Vanguard,VUAA.L,Vanguard S&P 500 Accumulation UCITS ETF - VUAA.L,2022-01-30,79.94999694824219
Vanguard,VUAA.L,Vanguard S&P 500 Accumulation UCITS ETF - VUAA.L,2022-01-31,81.83999633789062
Vanguard,VUAA.L,Vanguard S&P 500 Accumulation UCITS ETF - VUAA.L,2022-02-01,82.77999877929688
Vanguard,VUAA.L,Vanguard S&P 500 Accumulation UCITS ETF - VUAA.L,2022-02-02,83.48500061035156
Vanguard,VUAA.L,Vanguard S&P 500 Accumulation UCITS ETF - VUAA.L,2022-02-03,82.93000030517578
Vanguard,VUAA.L,Vanguard S&P 500 Accumulation UCITS ETF - VUAA.L,2022-02-04,82.11000061035156
Vanguard,VUAA.L,Vanguard S&P 500 Accumulation UCITS ETF - VUAA.L,2022-02-05,82.11000061035156
Vanguard,VUAA.L,Vanguard S&P 500 Accumulation UCITS ETF - VUAA.L,2022-02-06,82.11000061035156
Vanguard,VUAA.L,Vanguard S&P 500 Accumulation UCITS ETF - VUAA.L,2022-02-07,82.44000244140625
Vanguard,VUAA.L,Vanguard S&P 500 Accumulation UCITS ETF - VUAA.L,2022-02-08,82.62999725341797
Vanguard,VUAA.L,Vanguard S&P 500 Accumulation UCITS ETF - VUAA.L,2022-02-09,83.87999725341797
Vanguard,VUAA.L,Vanguard S&P 500 Accumulation UCITS ETF - VUAA.L,2022-02-10,83.48999786376953
Vanguard,VUAA.L,Vanguard S&P 500 Accumulation UCITS ETF - VUAA.L,2022-02-11,82.2699966430664
Vanguard,VUAA.L,Vanguard S&P 500 Accumulation UCITS ETF - VUAA.L,2022-02-12,82.2699966430664
Vanguard,VUAA.L,Vanguard S&P 500 Accumulation UCITS ETF - VUAA.L,2022-02-13,82.2699966430664
Vanguard,VUAA.L,Vanguard S&P 500 Accumulation UCITS ETF - VUAA.L,2022-02-14,80.86000061035156
Vanguard,VUAA.L,Vanguard S&P 500 Accumulation UCITS ETF - VUAA.L,2022-02-15,81.9000015258789
Vanguard,VUAA.L,Vanguard S&P 500 Accumulation UCITS ETF - VUAA.L,2022-02-16,81.47000122070312
Vanguard,VUAA.L,Vanguard S&P 500 Accumulation UCITS ETF - VUAA.L,2022-02-17,81.12999725341797
Vanguard,VUAA.L,Vanguard S&P 500 Accumulation UCITS ETF - VUAA.L,2022-02-18,79.87999725341797
Vanguard,VUAA.L,Vanguard S&P 500 Accumulation UCITS ETF - VUAA.L,2022-02-19,79.87999725341797
Vanguard,VUAA.L,Vanguard S&P 500 Accumulation UCITS ETF - VUAA.L,2022-02-20,79.87999725341797
Vanguard,VUAA.L,Vanguard S&P 500 Accumulation UCITS ETF - VUAA.L,2022-02-21,79.02999877929688
Vanguard,VUAA.L,Vanguard S&P 500 Accumulation UCITS ETF - VUAA.L,2022-02-22,79.33000183105469
Vanguard,VUAA.L,Vanguard S&P 500 Accumulation UCITS ETF - VUAA.L,2022-02-23,78.54000091552734
Vanguard,VUAA.L,Vanguard S&P 500 Accumulation UCITS ETF - VUAA.L,2022-02-24,76.77999877929688
Vanguard,VUAA.L,Vanguard S&P 500 Accumulation UCITS ETF - VUAA.L,2022-02-25,80.04000091552734
Vanguard,VUAA.L,Vanguard S&P 500 Accumulation UCITS ETF - VUAA.L,2022-02-26,80.04000091552734
Vanguard,VUAA.L,Vanguard S&P 500 Accumulation UCITS ETF - VUAA.L,2022-02-27,80.04000091552734
Vanguard,VUAA.L,Vanguard S&P 500 Accumulation UCITS ETF - VUAA.L,2022-02-28,80.41000366210938
Vanguard,VUAA.L,Vanguard S&P 500 Accumulation UCITS ETF - VUAA.L,2022-03-01,79.2699966430664
Vanguard,VUAA.L,Vanguard S&P 500 Accumulation UCITS ETF - VUAA.L,2022-03-02,80.43000030517578
Vanguard,VUAA.L,Vanguard S&P 500 Accumulation UCITS ETF - VUAA.L,2022-03-03,80.11000061035156
Vanguard,VUAA.L,Vanguard S&P 500 Accumulation UCITS ETF - VUAA.L,2022-03-04,78.80000305175781
Vanguard,VUAA.L,Vanguard S&P 500 Accumulation UCITS ETF - VUAA.L,2022-03-05,78.80000305175781
Vanguard,VUAA.L,Vanguard S&P 500 Accumulation UCITS ETF - VUAA.L,2022-03-06,78.80000305175781
Vanguard,VUAA.L,Vanguard S&P 500 Accumulation UCITS ETF - VUAA.L,2022-03-07,78.12000274658203
Vanguard,VUAA.L,Vanguard S&P 500 Accumulation UCITS ETF - VUAA.L,2022-03-08,76.45999908447266
Vanguard,VUAA.L,Vanguard S&P 500 Accumulation UCITS ETF - VUAA.L,2022-03-09,78.43000030517578
Vanguard,VUAA.L,Vanguard S&P 500 Accumulation UCITS ETF - VUAA.L,2022-03-10,77.33000183105469
Vanguard,VUAA.L,Vanguard S&P 500 Accumulation UCITS ETF - VUAA.L,2022-03-11,77.93000030517578
Vanguard,VUAA.L,Vanguard S&P 500 Accumulation UCITS ETF - VUAA.L,2022-03-12,77.93000030517578
Vanguard,VUAA.L,Vanguard S&P 500 Accumulation UCITS ETF - VUAA.L,2022-03-13,77.93000030517578
Vanguard,VUAA.L,Vanguard S&P 500 Accumulation UCITS ETF - VUAA.L,2022-03-14,77.08000183105469
Vanguard,VUAA.L,Vanguard S&P 500 Accumulation UCITS ETF - VUAA.L,2022-03-15,77.9000015258789
Vanguard,VUAA.L,Vanguard S&P 500 Accumulation UCITS ETF - VUAA.L,2022-03-16,79.56999969482422
Vanguard,VUAA.L,Vanguard S&P 500 Accumulation UCITS ETF - VUAA.L,2022-03-17,80.4000015258789
Vanguard,VUAA.L,Vanguard S&P 500 Accumulation UCITS ETF - VUAA.L,2022-03-18,81.36000061035156
Vanguard,VUAA.L,Vanguard S&P 500 Accumulation UCITS ETF - VUAA.L,2022-03-19,81.36000061035156
Vanguard,VUAA.L,Vanguard S&P 500 Accumulation UCITS ETF - VUAA.L,2022-03-20,81.36000061035156
Vanguard,VUAA.L,Vanguard S&P 500 Accumulation UCITS ETF - VUAA.L,2022-03-21,81.7300033569336
Vanguard,VUAA.L,Vanguard S&P 500 Accumulation UCITS ETF - VUAA.L,2022-03-22,82.66000366210938
Vanguard,VUAA.L,Vanguard S&P 500 Accumulation UCITS ETF - VUAA.L,2022-03-23,82.44000244140625
Vanguard,VUAA.L,Vanguard S&P 500 Accumulation UCITS ETF - VUAA.L,2022-03-24,82.40499877929688
Vanguard,VUAA.L,Vanguard S&P 500 Accumulation UCITS ETF - VUAA.L,2022-03-25,82.9800033569336
Vanguard,VUAA.L,Vanguard S&P 500 Accumulation UCITS ETF - VUAA.L,2022-03-26,82.9800033569336
Vanguard,VUAA.L,Vanguard S&P 500 Accumulation UCITS ETF - VUAA.L,2022-03-27,82.9800033569336
Vanguard,VUAA.L,Vanguard S&P 500 Accumulation UCITS ETF - VUAA.L,2022-03-28,83.20999908447266
Vanguard,VUAA.L,Vanguard S&P 500 Accumulation UCITS ETF - VUAA.L,2022-03-29,84.69000244140625
Vanguard,VUAA.L,Vanguard S&P 500 Accumulation UCITS ETF - VUAA.L,2022-03-30,84.6050033569336
Vanguard,VUAA.L,Vanguard S&P 500 Accumulation UCITS ETF - VUAA.L,2022-03-31,84.31999969482422
Vanguard,VUAA.L,Vanguard S&P 500 Accumulation UCITS ETF - VUAA.L,2022-04-01,83.16000366210938
Vanguard,VUAA.L,Vanguard S&P 500 Accumulation UCITS ETF - VUAA.L,2022-04-02,83.16000366210938
Vanguard,VUAA.L,Vanguard S&P 500 Accumulation UCITS ETF - VUAA.L,2022-04-03,83.16000366210938
Vanguard,VUAA.L,Vanguard S&P 500 Accumulation UCITS ETF - VUAA.L,2022-04-04,83.87999725341797
Vanguard,VUAA.L,Vanguard S&P 500 Accumulation UCITS ETF - VUAA.L,2022-04-05,83.86000061035156
Vanguard,VUAA.L,Vanguard S&P 500 Accumulation UCITS ETF - VUAA.L,2022-04-06,82.05000305175781
Vanguard,VUAA.L,Vanguard S&P 500 Accumulation UCITS ETF - VUAA.L,2022-04-07,81.91999816894531
Vanguard,VUAA.L,Vanguard S&P 500 Accumulation UCITS ETF - VUAA.L,2022-04-08,82.86000061035156
Vanguard,VUAA.L,Vanguard S&P 500 Accumulation UCITS ETF - VUAA.L,2022-04-09,82.86000061035156
Vanguard,VUAA.L,Vanguard S&P 500 Accumulation UCITS ETF - VUAA.L,2022-04-10,82.86000061035156
Vanguard,VUAA.L,Vanguard S&P 500 Accumulation UCITS ETF - VUAA.L,2022-04-11,81.55000305175781
Vanguard,VUAA.L,Vanguard S&P 500 Accumulation UCITS ETF - VUAA.L,2022-04-12,81.91999816894531
Vanguard,VUAA.L,Vanguard S&P 500 Accumulation UCITS ETF - VUAA.L,2022-04-13,81.4000015258789
Vanguard,VUAA.L,Vanguard S&P 500 Accumulation UCITS ETF - VUAA.L,2022-04-14,81.41000366210938
Vanguard,VUAA.L,Vanguard S&P 500 Accumulation UCITS ETF - VUAA.L,2022-04-15,81.41000366210938
Vanguard,VUAA.L,Vanguard S&P 500 Accumulation UCITS ETF - VUAA.L,2022-04-16,81.41000366210938
Vanguard,VUAA.L,Vanguard S&P 500 Accumulation UCITS ETF - VUAA.L,2022-04-17,81.41000366210938
Vanguard,VUAA.L,Vanguard S&P 500 Accumulation UCITS ETF - VUAA.L,2022-04-18,81.41000366210938
Vanguard,VUAA.L,Vanguard S&P 500 Accumulation UCITS ETF - VUAA.L,2022-04-19,81.7300033569336
Vanguard,VUAA.L,Vanguard S&P 500 Accumulation UCITS ETF - VUAA.L,2022-04-20,82.13999938964844
Vanguard,VUAA.L,Vanguard S&P 500 Accumulation UCITS ETF - VUAA.L,2022-04-21,82.30500030517578
Vanguard,VUAA.L,Vanguard S&P 500 Accumulation UCITS ETF - VUAA.L,2022-04-22,79.63999938964844
Vanguard,VUAA.L,Vanguard S&P 500 Accumulation UCITS ETF - VUAA.L,2022-04-23,79.63999938964844
Vanguard,VUAA.L,Vanguard S&P 500 Accumulation UCITS ETF - VUAA.L,2022-04-24,79.63999938964844
Vanguard,VUAA.L,Vanguard S&P 500 Accumulation UCITS ETF - VUAA.L,2022-04-25,77.52999877929688
Vanguard,VUAA.L,Vanguard S&P 500 Accumulation UCITS ETF - VUAA.L,2022-04-26,77.52999877929688
Vanguard,VUAA.L,Vanguard S&P 500 Accumulation UCITS ETF - VUAA.L,2022-04-27,77.54000091552734
Vanguard,VUAA.L,Vanguard S&P 500 Accumulation UCITS ETF - VUAA.L,2022-04-28,77.62999725341797
Vanguard,VUAA.L,Vanguard S&P 500 Accumulation UCITS ETF - VUAA.L,2022-04-29,77.66999816894531
Vanguard,VUAA.L,Vanguard S&P 500 Accumulation UCITS ETF - VUAA.L,2022-04-30,77.66999816894531
Vanguard,VUAA.L,Vanguard S&P 500 Accumulation UCITS ETF - VUAA.L,2022-05-01,77.66999816894531
Vanguard,VUAA.L,Vanguard S&P 500 Accumulation UCITS ETF - VUAA.L,2022-05-02,77.66999816894531
Vanguard,VUAA.L,Vanguard S&P 500 Accumulation UCITS ETF - VUAA.L,2022-05-03,77.06999969482422
Vanguard,VUAA.L,Vanguard S&P 500 Accumulation UCITS ETF - VUAA.L,2022-05-04,76.30000305175781
Vanguard,VUAA.L,Vanguard S&P 500 Accumulation UCITS ETF - VUAA.L,2022-05-05,76.3949966430664
Vanguard,VUAA.L,Vanguard S&P 500 Accumulation UCITS ETF - VUAA.L,2022-05-06,75.9000015258789
Vanguard,VUAA.L,Vanguard S&P 500 Accumulation UCITS ETF - VUAA.L,2022-05-07,75.9000015258789
Vanguard,VUAA.L,Vanguard S&P 500 Accumulation UCITS ETF - VUAA.L,2022-05-08,75.9000015258789
Vanguard,VUAA.L,Vanguard S&P 500 Accumulation UCITS ETF - VUAA.L,2022-05-09,73.7699966430664
Vanguard,VUAA.L,Vanguard S&P 500 Accumulation UCITS ETF - VUAA.L,2022-05-10,73.1500015258789
Vanguard,VUAA.L,Vanguard S&P 500 Accumulation UCITS ETF - VUAA.L,2022-05-11,74.12999725341797
Vanguard,VUAA.L,Vanguard S&P 500 Accumulation UCITS ETF - VUAA.L,2022-05-12,72.2300033569336
Vanguard,VUAA.L,Vanguard S&P 500 Accumulation UCITS ETF - VUAA.L,2022-05-13,73.95999908447266
Vanguard,VUAA.L,Vanguard S&P 500 Accumulation UCITS ETF - VUAA.L,2022-05-14,73.95999908447266
Vanguard,VUAA.L,Vanguard S&P 500 Accumulation UCITS ETF - VUAA.L,2022-05-15,73.95999908447266
Vanguard,VUAA.L,Vanguard S&P 500 Accumulation UCITS ETF - VUAA.L,2022-05-16,73.58999633789062
Vanguard,VUAA.L,Vanguard S&P 500 Accumulation UCITS ETF - VUAA.L,2022-05-17,74.79000091552734
Vanguard,VUAA.L,Vanguard S&P 500 Accumulation UCITS ETF - VUAA.L,2022-05-18,73.13500213623047
Vanguard,VUAA.L,Vanguard S&P 500 Accumulation UCITS ETF - VUAA.L,2022-05-19,71.76000213623047
Vanguard,VUAA.L,Vanguard S&P 500 Accumulation UCITS ETF - VUAA.L,2022-05-20,71.30999755859375
Vanguard,VUAA.L,Vanguard S&P 500 Accumulation UCITS ETF - VUAA.L,2022-05-21,71.30999755859375
Vanguard,VUAA.L,Vanguard S&P 500 Accumulation UCITS ETF - VUAA.L,2022-05-22,71.30999755859375
Vanguard,VUAA.L,Vanguard S&P 500 Accumulation UCITS ETF - VUAA.L,2022-05-23,73.12000274658203
Vanguard,VUAA.L,Vanguard S&P 500 Accumulation UCITS ETF - VUAA.L,2022-05-24,71.54000091552734
Vanguard,VUAA.L,Vanguard S&P 500 Accumulation UCITS ETF - VUAA.L,2022-05-25,72.80999755859375
Vanguard,VUAA.L,Vanguard S&P 500 Accumulation UCITS ETF - VUAA.L,2022-05-26,74.37999725341797
Vanguard,VUAA.L,Vanguard S&P 500 Accumulation UCITS ETF - VUAA.L,2022-05-27,75.88999938964844
Vanguard,VUAA.L,Vanguard S&P 500 Accumulation UCITS ETF - VUAA.L,2022-05-28,75.88999938964844
Vanguard,VUAA.L,Vanguard S&P 500 Accumulation UCITS ETF - VUAA.L,2022-05-29,75.88999938964844
Vanguard,VUAA.L,Vanguard S&P 500 Accumulation UCITS ETF - VUAA.L,2022-05-30,77.0
Vanguard,VUAA.L,Vanguard S&P 500 Accumulation UCITS ETF - VUAA.L,2022-05-31,75.80999755859375
Vanguard,VUAA.L,Vanguard S&P 500 Accumulation UCITS ETF - VUAA.L,2022-06-01,75.30000305175781
Vanguard,VUAA.L,Vanguard S&P 500 Accumulation UCITS ETF - VUAA.L,2022-06-02,75.30000305175781
Vanguard,VUAA.L,Vanguard S&P 500 Accumulation UCITS ETF - VUAA.L,2022-06-03,75.30000305175781
Vanguard,VUAA.L,Vanguard S&P 500 Accumulation UCITS ETF - VUAA.L,2022-06-04,75.30000305175781
Vanguard,VUAA.L,Vanguard S&P 500 Accumulation UCITS ETF - VUAA.L,2022-06-05,75.30000305175781
Vanguard,VUAA.L,Vanguard S&P 500 Accumulation UCITS ETF - VUAA.L,2022-06-06,76.13999938964844
Vanguard,VUAA.L,Vanguard S&P 500 Accumulation UCITS ETF - VUAA.L,2022-06-07,75.86000061035156
Vanguard,VUAA.L,Vanguard S&P 500 Accumulation UCITS ETF - VUAA.L,2022-06-08,76.5
Vanguard,VUAA.L,Vanguard S&P 500 Accumulation UCITS ETF - VUAA.L,2022-06-09,75.3499984741211
Vanguard,VUAA.L,Vanguard S&P 500 Accumulation UCITS ETF - VUAA.L,2022-06-10,71.87999725341797
Vanguard,VUAA.L,Vanguard S&P 500 Accumulation UCITS ETF - VUAA.L,2022-06-11,71.87999725341797
Vanguard,VUAA.L,Vanguard S&P 500 Accumulation UCITS ETF - VUAA.L,2022-06-12,71.87999725341797
Vanguard,VUAA.L,Vanguard S&P 500 Accumulation UCITS ETF - VUAA.L,2022-06-13,69.56999969482422
Vanguard,VUAA.L,Vanguard S&P 500 Accumulation UCITS ETF - VUAA.L,2022-06-14,69.01000213623047
Vanguard,VUAA.L,Vanguard S&P 500 Accumulation UCITS ETF - VUAA.L,2022-06-15,69.36499786376953
Vanguard,VUAA.L,Vanguard S&P 500 Accumulation UCITS ETF - VUAA.L,2022-06-16,67.69999694824219
Vanguard,VUAA.L,Vanguard S&P 500 Accumulation UCITS ETF - VUAA.L,2022-06-17,67.69999694824219
Vanguard,VUAA.L,Vanguard S&P 500 Accumulation UCITS ETF - VUAA.L,2022-06-18,67.69999694824219
Vanguard,VUAA.L,Vanguard S&P 500 Accumulation UCITS ETF - VUAA.L,2022-06-19,67.69999694824219
Vanguard,VUAA.L,Vanguard S&P 500 Accumulation UCITS ETF - VUAA.L,2022-06-20,68.2699966430664
Vanguard,VUAA.L,Vanguard S&P 500 Accumulation UCITS ETF - VUAA.L,2022-06-21,69.43000030517578
Vanguard,VUAA.L,Vanguard S&P 500 Accumulation UCITS ETF - VUAA.L,2022-06-22,69.63999938964844
Vanguard,VUAA.L,Vanguard S&P 500 Accumulation UCITS ETF - VUAA.L,2022-06-23,69.58999633789062
Vanguard,VUAA.L,Vanguard S&P 500 Accumulation UCITS ETF - VUAA.L,2022-06-24,71.54000091552734
Vanguard,VUAA.L,Vanguard S&P 500 Accumulation UCITS ETF - VUAA.L,2022-06-25,71.54000091552734
Vanguard,VUAA.L,Vanguard S&P 500 Accumulation UCITS ETF - VUAA.L,2022-06-26,71.54000091552734
Vanguard,VUAA.L,Vanguard S&P 500 Accumulation UCITS ETF - VUAA.L,2022-06-27,72.16999816894531
Vanguard,VUAA.L,Vanguard S&P 500 Accumulation UCITS ETF - VUAA.L,2022-06-28,71.38999938964844
Vanguard,VUAA.L,Vanguard S&P 500 Accumulation UCITS ETF - VUAA.L,2022-06-29,70.3499984741211
Vanguard,VUAA.L,Vanguard S&P 500 Accumulation UCITS ETF - VUAA.L,2022-06-30,69.73999786376953
Vanguard,VUAA.L,Vanguard S&P 500 Accumulation UCITS ETF - VUAA.L,2022-07-01,69.55999755859375
Vanguard,VUAA.L,Vanguard S&P 500 Accumulation UCITS ETF - VUAA.L,2022-07-02,69.55999755859375
Vanguard,VUAA.L,Vanguard S&P 500 Accumulation UCITS ETF - VUAA.L,2022-07-03,69.55999755859375
Vanguard,VUAA.L,Vanguard S&P 500 Accumulation UCITS ETF - VUAA.L,2022-07-04,70.20999908447266
Vanguard,VUAA.L,Vanguard S&P 500 Accumulation UCITS ETF - VUAA.L,2022-07-05,69.16000366210938
Vanguard,VUAA.L,Vanguard S&P 500 Accumulation UCITS ETF - VUAA.L,2022-07-06,70.36499786376953
Vanguard,VUAA.L,Vanguard S&P 500 Accumulation UCITS ETF - VUAA.L,2022-07-07,71.54499816894531
Vanguard,VUAA.L,Vanguard S&P 500 Accumulation UCITS ETF - VUAA.L,2022-07-08,72.19000244140625
Vanguard,VUAA.L,Vanguard S&P 500 Accumulation UCITS ETF - VUAA.L,2022-07-09,72.19000244140625
Vanguard,VUAA.L,Vanguard S&P 500 Accumulation UCITS ETF - VUAA.L,2022-07-10,72.19000244140625
Vanguard,VUAA.L,Vanguard S&P 500 Accumulation UCITS ETF - VUAA.L,2022-07-11,71.1500015258789
Vanguard,VUAA.L,Vanguard S&P 500 Accumulation UCITS ETF - VUAA.L,2022-07-12,71.20999908447266
Vanguard,VUAA.L,Vanguard S&P 500 Accumulation UCITS ETF - VUAA.L,2022-07-13,70.05000305175781
Vanguard,VUAA.L,Vanguard S&P 500 Accumulation UCITS ETF - VUAA.L,2022-07-14,69.18000030517578
Vanguard,VUAA.L,Vanguard S&P 500 Accumulation UCITS ETF - VUAA.L,2022-07-15,71.12000274658203
Vanguard,VUAA.L,Vanguard S&P 500 Accumulation UCITS ETF - VUAA.L,2022-07-16,71.12000274658203
Vanguard,VUAA.L,Vanguard S&P 500 Accumulation UCITS ETF - VUAA.L,2022-07-17,71.12000274658203
Vanguard,VUAA.L,Vanguard S&P 500 Accumulation UCITS ETF - VUAA.L,2022-07-18,71.7300033569336
Vanguard,VUAA.L,Vanguard S&P 500 Accumulation UCITS ETF - VUAA.L,2022-07-19,71.9749984741211
Vanguard,VUAA.L,Vanguard S&P 500 Accumulation UCITS ETF - VUAA.L,2022-07-20,73.05500030517578
Vanguard,VUAA.L,Vanguard S&P 500 Accumulation UCITS ETF - VUAA.L,2022-07-21,72.98999786376953
Vanguard,VUAA.L,Vanguard S&P 500 Accumulation UCITS ETF - VUAA.L,2022-07-22,73.27999877929688
Vanguard,VUAA.L,Vanguard S&P 500 Accumulation UCITS ETF - VUAA.L,2022-07-23,73.27999877929688
Vanguard,VUAA.L,Vanguard S&P 500 Accumulation UCITS ETF - VUAA.L,2022-07-24,73.27999877929688
Vanguard,VUAA.L,Vanguard S&P 500 Accumulation UCITS ETF - VUAA.L,2022-07-25,73.2300033569336
Vanguard,VUAA.L,Vanguard S&P 500 Accumulation UCITS ETF - VUAA.L,2022-07-26,72.37000274658203
Vanguard,VUAA.L,Vanguard S&P 500 Accumulation UCITS ETF - VUAA.L,2022-07-27,73.29000091552734
Vanguard,VUAA.L,Vanguard S&P 500 Accumulation UCITS ETF - VUAA.L,2022-07-28,74.5999984741211
Vanguard,VUAA.L,Vanguard S&P 500 Accumulation UCITS ETF - VUAA.L,2022-07-29,75.5
Vanguard,VUAA.L,Vanguard S&P 500 Accumulation UCITS ETF - VUAA.L,2022-07-30,75.5
Vanguard,VUAA.L,Vanguard S&P 500 Accumulation UCITS ETF - VUAA.L,2022-07-31,75.5
Vanguard,VUAA.L,Vanguard S&P 500 Accumulation UCITS ETF - VUAA.L,2022-08-01,76.30999755859375
Vanguard,VUAA.L,Vanguard S&P 500 Accumulation UCITS ETF - VUAA.L,2022-08-02,75.80999755859375
Vanguard,VUAA.L,Vanguard S&P 500 Accumulation UCITS ETF - VUAA.L,2022-08-03,76.30000305175781
Vanguard,VUAA.L,Vanguard S&P 500 Accumulation UCITS ETF - VUAA.L,2022-08-04,76.47000122070312
Vanguard,VUAA.L,Vanguard S&P 500 Accumulation UCITS ETF - VUAA.L,2022-08-05,75.95999908447266
Vanguard,VUAA.L,Vanguard S&P 500 Accumulation UCITS ETF - VUAA.L,2022-08-06,75.95999908447266
Vanguard,VUAA.L,Vanguard S&P 500 Accumulation UCITS ETF - VUAA.L,2022-08-07,75.95999908447266
Vanguard,VUAA.L,Vanguard S&P 500 Accumulation UCITS ETF - VUAA.L,2022-08-08,76.83999633789062
Vanguard,VUAA.L,Vanguard S&P 500 Accumulation UCITS ETF - VUAA.L,2022-08-09,76.12000274658203
Vanguard,VUAA.L,Vanguard S&P 500 Accumulation UCITS ETF - VUAA.L,2022-08-10,77.5199966430664
Vanguard,VUAA.L,Vanguard S&P 500 Accumulation UCITS ETF - VUAA.L,2022-08-11,78.02999877929688
Vanguard,VUAA.L,Vanguard S&P 500 Accumulation UCITS ETF - VUAA.L,2022-08-12,78.31999969482422
Vanguard,VUAA.L,Vanguard S&P 500 Accumulation UCITS ETF - VUAA.L,2022-08-13,78.31999969482422
Vanguard,VUAA.L,Vanguard S&P 500 Accumulation UCITS ETF - VUAA.L,2022-08-14,78.31999969482422
Vanguard,VUAA.L,Vanguard S&P 500 Accumulation UCITS ETF - VUAA.L,2022-08-15,78.88999938964844
Vanguard,VUAA.L,Vanguard S&P 500 Accumulation UCITS ETF - VUAA.L,2022-08-16,79.37999725341797
Vanguard,VUAA.L,Vanguard S&P 500 Accumulation UCITS ETF - VUAA.L,2022-08-17,78.72000122070312
Vanguard,VUAA.L,Vanguard S&P 500 Accumulation UCITS ETF - VUAA.L,2022-08-18,79.0199966430664
Vanguard,VUAA.L,Vanguard S&P 500 Accumulation UCITS ETF - VUAA.L,2022-08-19,78.05999755859375
Vanguard,VUAA.L,Vanguard S&P 500 Accumulation UCITS ETF - VUAA.L,2022-08-20,78.05999755859375
Vanguard,VUAA.L,Vanguard S&P 500 Accumulation UCITS ETF - VUAA.L,2022-08-21,78.05999755859375
Vanguard,VUAA.L,Vanguard S&P 500 Accumulation UCITS ETF - VUAA.L,2022-08-22,76.80999755859375
Vanguard,VUAA.L,Vanguard S&P 500 Accumulation UCITS ETF - VUAA.L,2022-08-23,76.30000305175781
Vanguard,VUAA.L,Vanguard S&P 500 Accumulation UCITS ETF - VUAA.L,2022-08-24,76.5999984741211
Vanguard,VUAA.L,Vanguard S&P 500 Accumulation UCITS ETF - VUAA.L,2022-08-25,76.83999633789062
Vanguard,VUAA.L,Vanguard S&P 500 Accumulation UCITS ETF - VUAA.L,2022-08-26,76.05000305175781
Vanguard,VUAA.L,Vanguard S&P 500 Accumulation UCITS ETF - VUAA.L,2022-08-27,76.05000305175781
Vanguard,VUAA.L,Vanguard S&P 500 Accumulation UCITS ETF - VUAA.L,2022-08-28,76.05000305175781
Vanguard,VUAA.L,Vanguard S&P 500 Accumulation UCITS ETF - VUAA.L,2022-08-29,76.05000305175781
Vanguard,VUAA.L,Vanguard S&P 500 Accumulation UCITS ETF - VUAA.L,2022-08-30,73.80999755859375
Vanguard,VUAA.L,Vanguard S&P 500 Accumulation UCITS ETF - VUAA.L,2022-08-31,73.5199966430664
Vanguard,VUAA.L,Vanguard S&P 500 Accumulation UCITS ETF - VUAA.L,2022-09-01,72.23999786376953
Vanguard,VUAA.L,Vanguard S&P 500 Accumulation UCITS ETF - VUAA.L,2022-09-02,74.11000061035156
Vanguard,VUAA.L,Vanguard S&P 500 Accumulation UCITS ETF - VUAA.L,2022-09-03,74.11000061035156
Vanguard,VUAA.L,Vanguard S&P 500 Accumulation UCITS ETF - VUAA.L,2022-09-04,74.11000061035156
Vanguard,VUAA.L,Vanguard S&P 500 Accumulation UCITS ETF - VUAA.L,2022-09-05,72.66000366210938
Vanguard,VUAA.L,Vanguard S&P 500 Accumulation UCITS ETF - VUAA.L,2022-09-06,72.44499969482422
Vanguard,VUAA.L,Vanguard S&P 500 Accumulation UCITS ETF - VUAA.L,2022-09-07,72.79499816894531
Vanguard,VUAA.L,Vanguard S&P 500 Accumulation UCITS ETF - VUAA.L,2022-09-08,74.01000213623047
Vanguard,VUAA.L,Vanguard S&P 500 Accumulation UCITS ETF - VUAA.L,2022-09-09,74.91999816894531
Vanguard,VUAA.L,Vanguard S&P 500 Accumulation UCITS ETF - VUAA.L,2022-09-10,74.91999816894531
Vanguard,VUAA.L,Vanguard S&P 500 Accumulation UCITS ETF - VUAA.L,2022-09-11,74.91999816894531
Vanguard,VUAA.L,Vanguard S&P 500 Accumulation UCITS ETF - VUAA.L,2022-09-12,75.98999786376953
Vanguard,VUAA.L,Vanguard S&P 500 Accumulation UCITS ETF - VUAA.L,2022-09-13,73.5999984741211
Vanguard,VUAA.L,Vanguard S&P 500 Accumulation UCITS ETF - VUAA.L,2022-09-14,72.8499984741211
Vanguard,VUAA.L,Vanguard S&P 500 Accumulation UCITS ETF - VUAA.L,2022-09-15,72.4800033569336
Vanguard,VUAA.L,Vanguard S&P 500 Accumulation UCITS ETF - VUAA.L,2022-09-16,71.2300033569336
Vanguard,VUAA.L,Vanguard S&P 500 Accumulation UCITS ETF - VUAA.L,2022-09-17,71.2300033569336
Vanguard,VUAA.L,Vanguard S&P 500 Accumulation UCITS ETF - VUAA.L,2022-09-18,71.2300033569336
Vanguard,VUAA.L,Vanguard S&P 500 Accumulation UCITS ETF - VUAA.L,2022-09-19,71.2300033569336
Vanguard,VUAA.L,Vanguard S&P 500 Accumulation UCITS ETF - VUAA.L,2022-09-20,71.4000015258789
Vanguard,VUAA.L,Vanguard S&P 500 Accumulation UCITS ETF - VUAA.L,2022-09-21,71.61000061035156
Vanguard,VUAA.L,Vanguard S&P 500 Accumulation UCITS ETF - VUAA.L,2022-09-22,69.44999694824219
Vanguard,VUAA.L,Vanguard S&P 500 Accumulation UCITS ETF - VUAA.L,2022-09-23,68.29000091552734
Vanguard,VUAA.L,Vanguard S&P 500 Accumulation UCITS ETF - VUAA.L,2022-09-24,68.29000091552734
Vanguard,VUAA.L,Vanguard S&P 500 Accumulation UCITS ETF - VUAA.L,2022-09-25,68.29000091552734
Vanguard,VUAA.L,Vanguard S&P 500 Accumulation UCITS ETF - VUAA.L,2022-09-26,67.97000122070312
Vanguard,VUAA.L,Vanguard S&P 500 Accumulation UCITS ETF - VUAA.L,2022-09-27,67.83999633789062
Vanguard,VUAA.L,Vanguard S&P 500 Accumulation UCITS ETF - VUAA.L,2022-09-28,68.11000061035156
Vanguard,VUAA.L,Vanguard S&P 500 Accumulation UCITS ETF - VUAA.L,2022-09-29,67.36000061035156
Vanguard,VUAA.L,Vanguard S&P 500 Accumulation UCITS ETF - VUAA.L,2022-09-30,67.80000305175781
Vanguard,VUAA.L,Vanguard S&P 500 Accumulation UCITS ETF - VUAA.L,2022-10-01,67.80000305175781
Vanguard,VUAA.L,Vanguard S&P 500 Accumulation UCITS ETF - VUAA.L,2022-10-02,67.80000305175781
Vanguard,VUAA.L,Vanguard S&P 500 Accumulation UCITS ETF - VUAA.L,2022-10-03,67.69999694824219
Vanguard,VUAA.L,Vanguard S&P 500 Accumulation UCITS ETF - VUAA.L,2022-10-04,69.94000244140625
Vanguard,VUAA.L,Vanguard S&P 500 Accumulation UCITS ETF - VUAA.L,2022-10-05,69.1500015258789
Vanguard,VUAA.L,Vanguard S&P 500 Accumulation UCITS ETF - VUAA.L,2022-10-06,69.76000213623047
Vanguard,VUAA.L,Vanguard S&P 500 Accumulation UCITS ETF - VUAA.L,2022-10-07,67.86000061035156
Vanguard,VUAA.L,Vanguard S&P 500 Accumulation UCITS ETF - VUAA.L,2022-10-08,67.86000061035156
Vanguard,VUAA.L,Vanguard S&P 500 Accumulation UCITS ETF - VUAA.L,2022-10-09,67.86000061035156
Vanguard,VUAA.L,Vanguard S&P 500 Accumulation UCITS ETF - VUAA.L,2022-10-10,66.88999938964844
Vanguard,VUAA.L,Vanguard S&P 500 Accumulation UCITS ETF - VUAA.L,2022-10-11,66.7699966430664
Vanguard,VUAA.L,Vanguard S&P 500 Accumulation UCITS ETF - VUAA.L,2022-10-12,66.5
Vanguard,VUAA.L,Vanguard S&P 500 Accumulation UCITS ETF - VUAA.L,2022-10-13,67.0199966430664
Vanguard,VUAA.L,Vanguard S&P 500 Accumulation UCITS ETF - VUAA.L,2022-10-14,67.01000213623047
Vanguard,VUAA.L,Vanguard S&P 500 Accumulation UCITS ETF - VUAA.L,2022-10-15,67.01000213623047
Vanguard,VUAA.L,Vanguard S&P 500 Accumulation UCITS ETF - VUAA.L,2022-10-16,67.01000213623047
Vanguard,VUAA.L,Vanguard S&P 500 Accumulation UCITS ETF - VUAA.L,2022-10-17,67.98999786376953
Vanguard,VUAA.L,Vanguard S&P 500 Accumulation UCITS ETF - VUAA.L,2022-10-18,68.41000366210938
Vanguard,VUAA.L,Vanguard S&P 500 Accumulation UCITS ETF - VUAA.L,2022-10-19,68.45999908447266
Vanguard,VUAA.L,Vanguard S&P 500 Accumulation UCITS ETF - VUAA.L,2022-10-20,68.80999755859375
Vanguard,VUAA.L,Vanguard S&P 500 Accumulation UCITS ETF - VUAA.L,2022-10-21,68.47000122070312
Vanguard,VUAA.L,Vanguard S&P 500 Accumulation UCITS ETF - VUAA.L,2022-10-22,68.47000122070312
Vanguard,VUAA.L,Vanguard S&P 500 Accumulation UCITS ETF - VUAA.L,2022-10-23,68.47000122070312
Vanguard,VUAA.L,Vanguard S&P 500 Accumulation UCITS ETF - VUAA.L,2022-10-24,69.8949966430664
Vanguard,VUAA.L,Vanguard S&P 500 Accumulation UCITS ETF - VUAA.L,2022-10-25,71.12999725341797
Vanguard,VUAA.L,Vanguard S&P 500 Accumulation UCITS ETF - VUAA.L,2022-10-26,71.8499984741211
Vanguard,VUAA.L,Vanguard S&P 500 Accumulation UCITS ETF - VUAA.L,2022-10-27,70.94999694824219
Vanguard,VUAA.L,Vanguard S&P 500 Accumulation UCITS ETF - VUAA.L,2022-10-28,71.51000213623047
Vanguard,VUAA.L,Vanguard S&P 500 Accumulation UCITS ETF - VUAA.L,2022-10-29,71.51000213623047
Vanguard,VUAA.L,Vanguard S&P 500 Accumulation UCITS ETF - VUAA.L,2022-10-30,71.51000213623047
Vanguard,VUAA.L,Vanguard S&P 500 Accumulation UCITS ETF - VUAA.L,2022-10-31,71.68000030517578
Vanguard,VUAA.L,Vanguard S&P 500 Accumulation UCITS ETF - VUAA.L,2022-11-01,71.36000061035156
Vanguard,VUAA.L,Vanguard S&P 500 Accumulation UCITS ETF - VUAA.L,2022-11-02,70.81999969482422
Vanguard,VUAA.L,Vanguard S&P 500 Accumulation UCITS ETF - VUAA.L,2022-11-03,69.19000244140625
Vanguard,VUAA.L,Vanguard S&P 500 Accumulation UCITS ETF - VUAA.L,2022-11-04,69.13999938964844
Vanguard,VUAA.L,Vanguard S&P 500 Accumulation UCITS ETF - VUAA.L,2022-11-05,69.13999938964844
Vanguard,VUAA.L,Vanguard S&P 500 Accumulation UCITS ETF - VUAA.L,2022-11-06,69.13999938964844
Vanguard,VUAA.L,Vanguard S&P 500 Accumulation UCITS ETF - VUAA.L,2022-11-07,70.11000061035156
Vanguard,VUAA.L,Vanguard S&P 500 Accumulation UCITS ETF - VUAA.L,2022-11-08,71.36000061035156
Vanguard,VUAA.L,Vanguard S&P 500 Accumulation UCITS ETF - VUAA.L,2022-11-09,70.26000213623047
Vanguard,VUAA.L,Vanguard S&P 500 Accumulation UCITS ETF - VUAA.L,2022-11-10,72.58000183105469
Vanguard,VUAA.L,Vanguard S&P 500 Accumulation UCITS ETF - VUAA.L,2022-11-11,73.20999908447266
Vanguard,VUAA.L,Vanguard S&P 500 Accumulation UCITS ETF - VUAA.L,2022-11-12,73.20999908447266
Vanguard,VUAA.L,Vanguard S&P 500 Accumulation UCITS ETF - VUAA.L,2022-11-13,73.20999908447266
Vanguard,VUAA.L,Vanguard S&P 500 Accumulation UCITS ETF - VUAA.L,2022-11-14,73.87999725341797
Vanguard,VUAA.L,Vanguard S&P 500 Accumulation UCITS ETF - VUAA.L,2022-11-15,74.2300033569336
Vanguard,VUAA.L,Vanguard S&P 500 Accumulation UCITS ETF - VUAA.L,2022-11-16,73.54000091552734
Vanguard,VUAA.L,Vanguard S&P 500 Accumulation UCITS ETF - VUAA.L,2022-11-17,72.56500244140625
Vanguard,VUAA.L,Vanguard S&P 500 Accumulation UCITS ETF - VUAA.L,2022-11-18,73.33999633789062
Vanguard,VUAA.L,Vanguard S&P 500 Accumulation UCITS ETF - VUAA.L,2022-11-19,73.33999633789062
Vanguard,VUAA.L,Vanguard S&P 500 Accumulation UCITS ETF - VUAA.L,2022-11-20,73.33999633789062
Vanguard,VUAA.L,Vanguard S&P 500 Accumulation UCITS ETF - VUAA.L,2022-11-21,73.01000213623047
Vanguard,VUAA.L,Vanguard S&P 500 Accumulation UCITS ETF - VUAA.L,2022-11-22,73.66999816894531
Vanguard,VUAA.L,Vanguard S&P 500 Accumulation UCITS ETF - VUAA.L,2022-11-23,74.58000183105469
Vanguard,VUAA.L,Vanguard S&P 500 Accumulation UCITS ETF - VUAA.L,2022-11-24,74.84500122070312
Vanguard,VUAA.L,Vanguard S&P 500 Accumulation UCITS ETF - VUAA.L,2022-11-25,74.625
Vanguard,VUAA.L,Vanguard S&P 500 Accumulation UCITS ETF - VUAA.L,2022-11-26,74.625
Vanguard,VUAA.L,Vanguard S&P 500 Accumulation UCITS ETF - VUAA.L,2022-11-27,74.625
Vanguard,VUAA.L,Vanguard S&P 500 Accumulation UCITS ETF - VUAA.L,2022-11-28,73.92500305175781
Vanguard,VUAA.L,Vanguard S&P 500 Accumulation UCITS ETF - VUAA.L,2022-11-29,73.12999725341797
Vanguard,VUAA.L,Vanguard S&P 500 Accumulation UCITS ETF - VUAA.L,2022-11-30,73.3499984741211
Vanguard,VUAA.L,Vanguard S&P 500 Accumulation UCITS ETF - VUAA.L,2022-12-01,75.5
Vanguard,VUAA.L,Vanguard S&P 500 Accumulation UCITS ETF - VUAA.L,2022-12-02,75.06999969482422
Vanguard,VUAA.L,Vanguard S&P 500 Accumulation UCITS ETF - VUAA.L,2022-12-03,75.06999969482422
Vanguard,VUAA.L,Vanguard S&P 500 Accumulation UCITS ETF - VUAA.L,2022-12-04,75.06999969482422
Vanguard,VUAA.L,Vanguard S&P 500 Accumulation UCITS ETF - VUAA.L,2022-12-05,74.54000091552734
Vanguard,VUAA.L,Vanguard S&P 500 Accumulation UCITS ETF - VUAA.L,2022-12-06,73.4000015258789
Vanguard,VUAA.L,Vanguard S&P 500 Accumulation UCITS ETF - VUAA.L,2022-12-07,72.81999969482422
Vanguard,VUAA.L,Vanguard S&P 500 Accumulation UCITS ETF - VUAA.L,2022-12-08,73.41000366210938
Vanguard,VUAA.L,Vanguard S&P 500 Accumulation UCITS ETF - VUAA.L,2022-12-09,73.6500015258789
Vanguard,VUAA.L,Vanguard S&P 500 Accumulation UCITS ETF - VUAA.L,2022-12-10,73.6500015258789
Vanguard,VUAA.L,Vanguard S&P 500 Accumulation UCITS ETF - VUAA.L,2022-12-11,73.6500015258789
Vanguard,VUAA.L,Vanguard S&P 500 Accumulation UCITS ETF - VUAA.L,2022-12-12,73.27999877929688
Vanguard,VUAA.L,Vanguard S&P 500 Accumulation UCITS ETF - VUAA.L,2022-12-13,75.2699966430664
Vanguard,VUAA.L,Vanguard S&P 500 Accumulation UCITS ETF - VUAA.L,2022-12-14,75.05999755859375
Vanguard,VUAA.L,Vanguard S&P 500 Accumulation UCITS ETF - VUAA.L,2022-12-15,72.28500366210938
Vanguard,VUAA.L,Vanguard S&P 500 Accumulation UCITS ETF - VUAA.L,2022-12-16,71.3499984741211
Vanguard,VUAA.L,Vanguard S&P 500 Accumulation UCITS ETF - VUAA.L,2022-12-17,71.3499984741211
Vanguard,VUAA.L,Vanguard S&P 500 Accumulation UCITS ETF - VUAA.L,2022-12-18,71.3499984741211
Vanguard,VUAA.L,Vanguard S&P 500 Accumulation UCITS ETF - VUAA.L,2022-12-19,70.97000122070312
Vanguard,VUAA.L,Vanguard S&P 500 Accumulation UCITS ETF - VUAA.L,2022-12-20,70.77999877929688
Vanguard,VUAA.L,Vanguard S&P 500 Accumulation UCITS ETF - VUAA.L,2022-12-21,72.02999877929688
Vanguard,VUAA.L,Vanguard S&P 500 Accumulation UCITS ETF - VUAA.L,2022-12-22,70.63500213623047
Vanguard,VUAA.L,Vanguard S&P 500 Accumulation UCITS ETF - VUAA.L,2022-12-23,71.12000274658203
Vanguard,VUAA.L,Vanguard S&P 500 Accumulation UCITS ETF - VUAA.L,2022-12-24,71.12000274658203
Vanguard,VUAA.L,Vanguard S&P 500 Accumulation UCITS ETF - VUAA.L,2022-12-25,71.12000274658203
Vanguard,VUAA.L,Vanguard S&P 500 Accumulation UCITS ETF - VUAA.L,2022-12-26,71.12000274658203
Vanguard,VUAA.L,Vanguard S&P 500 Accumulation UCITS ETF - VUAA.L,2022-12-27,71.12000274658203
Vanguard,VUAA.L,Vanguard S&P 500 Accumulation UCITS ETF - VUAA.L,2022-12-28,70.62000274658203
Vanguard,VUAA.L,Vanguard S&P 500 Accumulation UCITS ETF - VUAA.L,2022-12-29,71.43000030517578
Vanguard,VUAA.L,Vanguard S&P 500 Accumulation UCITS ETF - VUAA.L,2022-12-30,71.08999633789062
Vanguard,VUAA.L,Vanguard S&P 500 Accumulation UCITS ETF - VUAA.L,2022-12-31,71.08999633789062
Vanguard,VUAA.L,Vanguard S&P 500 Accumulation UCITS ETF - VUAA.L,2023-01-01,71.08999633789062
Vanguard,VUAA.L,Vanguard S&P 500 Accumulation UCITS ETF - VUAA.L,2023-01-02,71.08999633789062
Vanguard,VUAA.L,Vanguard S&P 500 Accumulation UCITS ETF - VUAA.L,2023-01-03,70.7300033569336
Vanguard,VUAA.L,Vanguard S&P 500 Accumulation UCITS ETF - VUAA.L,2023-01-04,71.69000244140625
Vanguard,VUAA.L,Vanguard S&P 500 Accumulation UCITS ETF - VUAA.L,2023-01-05,70.66000366210938
Vanguard,VUAA.L,Vanguard S&P 500 Accumulation UCITS ETF - VUAA.L,2023-01-06,71.80000305175781
Vanguard,VUAA.L,Vanguard S&P 500 Accumulation UCITS ETF - VUAA.L,2023-01-07,71.80000305175781
Vanguard,VUAA.L,Vanguard S&P 500 Accumulation UCITS ETF - VUAA.L,2023-01-08,71.80000305175781
Vanguard,VUAA.L,Vanguard S&P 500 Accumulation UCITS ETF - VUAA.L,2023-01-09,73.30500030517578
Vanguard,VUAA.L,Vanguard S&P 500 Accumulation UCITS ETF - VUAA.L,2023-01-10,72.26000213623047
Vanguard,VUAA.L,Vanguard S&P 500 Accumulation UCITS ETF - VUAA.L,2023-01-11,73.16000366210938
Vanguard,VUAA.L,Vanguard S&P 500 Accumulation UCITS ETF - VUAA.L,2023-01-12,73.62999725341797
Vanguard,VUAA.L,Vanguard S&P 500 Accumulation UCITS ETF - VUAA.L,2023-01-13,73.69999694824219
Vanguard,VUAA.L,Vanguard S&P 500 Accumulation UCITS ETF - VUAA.L,2023-01-14,73.69999694824219
Vanguard,VUAA.L,Vanguard S&P 500 Accumulation UCITS ETF - VUAA.L,2023-01-15,73.69999694824219
Vanguard,VUAA.L,Vanguard S&P 500 Accumulation UCITS ETF - VUAA.L,2023-01-16,74.2249984741211
Vanguard,VUAA.L,Vanguard S&P 500 Accumulation UCITS ETF - VUAA.L,2023-01-17,74.12999725341797
Vanguard,VUAA.L,Vanguard S&P 500 Accumulation UCITS ETF - VUAA.L,2023-01-18,73.55999755859375
Vanguard,VUAA.L,Vanguard S&P 500 Accumulation UCITS ETF - VUAA.L,2023-01-19,72.23999786376953
Vanguard,VUAA.L,Vanguard S&P 500 Accumulation UCITS ETF - VUAA.L,2023-01-20,73.08000183105469
Vanguard,VUAA.L,Vanguard S&P 500 Accumulation UCITS ETF - VUAA.L,2023-01-21,73.08000183105469
Vanguard,VUAA.L,Vanguard S&P 500 Accumulation UCITS ETF - VUAA.L,2023-01-22,73.08000183105469
Vanguard,VUAA.L,Vanguard S&P 500 Accumulation UCITS ETF - VUAA.L,2023-01-23,74.7300033569336
Vanguard,VUAA.L,Vanguard S&P 500 Accumulation UCITS ETF - VUAA.L,2023-01-24,74.52999877929688
Vanguard,VUAA.L,Vanguard S&P 500 Accumulation UCITS ETF - VUAA.L,2023-01-25,73.83000183105469
Vanguard,VUAA.L,Vanguard S&P 500 Accumulation UCITS ETF - VUAA.L,2023-01-26,74.7699966430664
Vanguard,VUAA.L,Vanguard S&P 500 Accumulation UCITS ETF - VUAA.L,2023-01-27,75.55000305175781
Vanguard,VUAA.L,Vanguard S&P 500 Accumulation UCITS ETF - VUAA.L,2023-01-28,75.55000305175781
Vanguard,VUAA.L,Vanguard S&P 500 Accumulation UCITS ETF - VUAA.L,2023-01-29,75.55000305175781
Vanguard,VUAA.L,Vanguard S&P 500 Accumulation UCITS ETF - VUAA.L,2023-01-30,75.12000274658203
Vanguard,VUAA.L,Vanguard S&P 500 Accumulation UCITS ETF - VUAA.L,2023-01-31,75.12000274658203
Vanguard,VUAA.L,Vanguard S&P 500 Accumulation UCITS ETF - VUAA.L,2023-02-01,75.5199966430664
Vanguard,VUAA.L,Vanguard S&P 500 Accumulation UCITS ETF - VUAA.L,2023-02-02,77.66000366210938
Vanguard,VUAA.L,Vanguard S&P 500 Accumulation UCITS ETF - VUAA.L,2023-02-03,77.66000366210938
Vanguard,VUAA.L,Vanguard S&P 500 Accumulation UCITS ETF - VUAA.L,2023-02-04,77.66000366210938
Vanguard,VUAA.L,Vanguard S&P 500 Accumulation UCITS ETF - VUAA.L,2023-02-05,77.66000366210938
Vanguard,VUAA.L,Vanguard S&P 500 Accumulation UCITS ETF - VUAA.L,2023-02-06,76.54000091552734
Vanguard,VUAA.L,Vanguard S&P 500 Accumulation UCITS ETF - VUAA.L,2023-02-07,76.43000030517578
Vanguard,VUAA.L,Vanguard S&P 500 Accumulation UCITS ETF - VUAA.L,2023-02-08,76.48999786376953
Vanguard,VUAA.L,Vanguard S&P 500 Accumulation UCITS ETF - VUAA.L,2023-02-09,76.63999938964844
Vanguard,VUAA.L,Vanguard S&P 500 Accumulation UCITS ETF - VUAA.L,2023-02-10,75.7699966430664
Vanguard,VUAA.L,Vanguard S&P 500 Accumulation UCITS ETF - VUAA.L,2023-02-11,75.7699966430664
Vanguard,VUAA.L,Vanguard S&P 500 Accumulation UCITS ETF - VUAA.L,2023-02-12,75.7699966430664
Vanguard,VUAA.L,Vanguard S&P 500 Accumulation UCITS ETF - VUAA.L,2023-02-13,76.62000274658203
Vanguard,VUAA.L,Vanguard S&P 500 Accumulation UCITS ETF - VUAA.L,2023-02-14,76.19000244140625
Vanguard,VUAA.L,Vanguard S&P 500 Accumulation UCITS ETF - VUAA.L,2023-02-15,76.63999938964844
Vanguard,VUAA.L,Vanguard S&P 500 Accumulation UCITS ETF - VUAA.L,2023-02-16,76.62000274658203
Vanguard,VUAA.L,Vanguard S&P 500 Accumulation UCITS ETF - VUAA.L,2023-02-17,75.33000183105469
Vanguard,VUAA.L,Vanguard S&P 500 Accumulation UCITS ETF - VUAA.L,2023-02-18,75.33000183105469
Vanguard,VUAA.L,Vanguard S&P 500 Accumulation UCITS ETF - VUAA.L,2023-02-19,75.33000183105469
Vanguard,VUAA.L,Vanguard S&P 500 Accumulation UCITS ETF - VUAA.L,2023-02-20,75.65499877929688
Vanguard,VUAA.L,Vanguard S&P 500 Accumulation UCITS ETF - VUAA.L,2023-02-21,74.62999725341797
Vanguard,VUAA.L,Vanguard S&P 500 Accumulation UCITS ETF - VUAA.L,2023-02-22,74.38999938964844
Vanguard,VUAA.L,Vanguard S&P 500 Accumulation UCITS ETF - VUAA.L,2023-02-23,74.1500015258789
Vanguard,VUAA.L,Vanguard S&P 500 Accumulation UCITS ETF - VUAA.L,2023-02-24,73.63999938964844
Vanguard,VUAA.L,Vanguard S&P 500 Accumulation UCITS ETF - VUAA.L,2023-02-25,73.63999938964844
Vanguard,VUAA.L,Vanguard S&P 500 Accumulation UCITS ETF - VUAA.L,2023-02-26,73.63999938964844
Vanguard,VUAA.L,Vanguard S&P 500 Accumulation UCITS ETF - VUAA.L,2023-02-27,74.0999984741211
Vanguard,VUAA.L,Vanguard S&P 500 Accumulation UCITS ETF - VUAA.L,2023-02-28,74.06999969482422
Vanguard,VUAA.L,Vanguard S&P 500 Accumulation UCITS ETF - VUAA.L,2023-03-01,73.45999908447266
Vanguard,VUAA.L,Vanguard S&P 500 Accumulation UCITS ETF - VUAA.L,2023-03-02,73.30999755859375
Vanguard,VUAA.L,Vanguard S&P 500 Accumulation UCITS ETF - VUAA.L,2023-03-03,74.70999908447266
Vanguard,VUAA.L,Vanguard S&P 500 Accumulation UCITS ETF - VUAA.L,2023-03-04,74.70999908447266
Vanguard,VUAA.L,Vanguard S&P 500 Accumulation UCITS ETF - VUAA.L,2023-03-05,74.70999908447266
Vanguard,VUAA.L,Vanguard S&P 500 Accumulation UCITS ETF - VUAA.L,2023-03-06,75.7300033569336
Vanguard,VUAA.L,Vanguard S&P 500 Accumulation UCITS ETF - VUAA.L,2023-03-07,74.5199966430664
Vanguard,VUAA.L,Vanguard S&P 500 Accumulation UCITS ETF - VUAA.L,2023-03-08,74.08999633789062
Vanguard,VUAA.L,Vanguard S&P 500 Accumulation UCITS ETF - VUAA.L,2023-03-09,74.34500122070312
Vanguard,VUAA.L,Vanguard S&P 500 Accumulation UCITS ETF - VUAA.L,2023-03-10,73.19999694824219
Vanguard,VUAA.L,Vanguard S&P 500 Accumulation UCITS ETF - VUAA.L,2023-03-11,73.19999694824219
Vanguard,VUAA.L,Vanguard S&P 500 Accumulation UCITS ETF - VUAA.L,2023-03-12,73.19999694824219
Vanguard,VUAA.L,Vanguard S&P 500 Accumulation UCITS ETF - VUAA.L,2023-03-13,72.08000183105469
Vanguard,VUAA.L,Vanguard S&P 500 Accumulation UCITS ETF - VUAA.L,2023-03-14,73.12000274658203
Vanguard,VUAA.L,Vanguard S&P 500 Accumulation UCITS ETF - VUAA.L,2023-03-15,71.70999908447266
Vanguard,VUAA.L,Vanguard S&P 500 Accumulation UCITS ETF - VUAA.L,2023-03-16,73.26000213623047
Vanguard,VUAA.L,Vanguard S&P 500 Accumulation UCITS ETF - VUAA.L,2023-03-17,73.08000183105469
Vanguard,VUAA.L,Vanguard S&P 500 Accumulation UCITS ETF - VUAA.L,2023-03-18,73.08000183105469
Vanguard,VUAA.L,Vanguard S&P 500 Accumulation UCITS ETF - VUAA.L,2023-03-19,73.08000183105469
Vanguard,VUAA.L,Vanguard S&P 500 Accumulation UCITS ETF - VUAA.L,2023-03-20,73.18000030517578
Vanguard,VUAA.L,Vanguard S&P 500 Accumulation UCITS ETF - VUAA.L,2023-03-21,74.11000061035156
Vanguard,VUAA.L,Vanguard S&P 500 Accumulation UCITS ETF - VUAA.L,2023-03-22,74.43000030517578
Vanguard,VUAA.L,Vanguard S&P 500 Accumulation UCITS ETF - VUAA.L,2023-03-23,74.33999633789062
Vanguard,VUAA.L,Vanguard S&P 500 Accumulation UCITS ETF - VUAA.L,2023-03-24,73.37000274658203
Vanguard,VUAA.L,Vanguard S&P 500 Accumulation UCITS ETF - VUAA.L,2023-03-25,73.37000274658203
Vanguard,VUAA.L,Vanguard S&P 500 Accumulation UCITS ETF - VUAA.L,2023-03-26,73.37000274658203
Vanguard,VUAA.L,Vanguard S&P 500 Accumulation UCITS ETF - VUAA.L,2023-03-27,74.16000366210938
Vanguard,VUAA.L,Vanguard S&P 500 Accumulation UCITS ETF - VUAA.L,2023-03-28,73.95999908447266
Vanguard,VUAA.L,Vanguard S&P 500 Accumulation UCITS ETF - VUAA.L,2023-03-29,74.69000244140625
Vanguard,VUAA.L,Vanguard S&P 500 Accumulation UCITS ETF - VUAA.L,2023-03-30,75.38999938964844
Vanguard,VUAA.L,Vanguard S&P 500 Accumulation UCITS ETF - VUAA.L,2023-03-31,76.05000305175781
Vanguard,VUAA.L,Vanguard S&P 500 Accumulation UCITS ETF - VUAA.L,2023-04-01,76.05000305175781
Vanguard,VUAA.L,Vanguard S&P 500 Accumulation UCITS ETF - VUAA.L,2023-04-02,76.05000305175781
Vanguard,VUAA.L,Vanguard S&P 500 Accumulation UCITS ETF - VUAA.L,2023-04-03,76.45999908447266
Vanguard,VUAA.L,Vanguard S&P 500 Accumulation UCITS ETF - VUAA.L,2023-04-04,76.37000274658203
Vanguard,VUAA.L,Vanguard S&P 500 Accumulation UCITS ETF - VUAA.L,2023-04-05,76.11000061035156
Vanguard,VUAA.L,Vanguard S&P 500 Accumulation UCITS ETF - VUAA.L,2023-04-06,76.11000061035156
Vanguard,VUAA.L,Vanguard S&P 500 Accumulation UCITS ETF - VUAA.L,2023-04-07,76.11000061035156
Vanguard,VUAA.L,Vanguard S&P 500 Accumulation UCITS ETF - VUAA.L,2023-04-08,76.11000061035156
Vanguard,VUAA.L,Vanguard S&P 500 Accumulation UCITS ETF - VUAA.L,2023-04-09,76.11000061035156
Vanguard,VUAA.L,Vanguard S&P 500 Accumulation UCITS ETF - VUAA.L,2023-04-10,76.11000061035156
Vanguard,VUAA.L,Vanguard S&P 500 Accumulation UCITS ETF - VUAA.L,2023-04-11,76.5999984741211
Vanguard,VUAA.L,Vanguard S&P 500 Accumulation UCITS ETF - VUAA.L,2023-04-12,76.52999877929688
Vanguard,VUAA.L,Vanguard S&P 500 Accumulation UCITS ETF - VUAA.L,2023-04-13,76.76000213623047
Vanguard,VUAA.L,Vanguard S&P 500 Accumulation UCITS ETF - VUAA.L,2023-04-14,76.94999694824219
Vanguard,VUAA.L,Vanguard S&P 500 Accumulation UCITS ETF - VUAA.L,2023-04-15,76.94999694824219
Vanguard,VUAA.L,Vanguard S&P 500 Accumulation UCITS ETF - VUAA.L,2023-04-16,76.94999694824219
Vanguard,VUAA.L,Vanguard S&P 500 Accumulation UCITS ETF - VUAA.L,2023-04-17,76.94000244140625
Vanguard,VUAA.L,Vanguard S&P 500 Accumulation UCITS ETF - VUAA.L,2023-04-18,77.30999755859375
Vanguard,VUAA.L,Vanguard S&P 500 Accumulation UCITS ETF - VUAA.L,2023-04-19,77.19999694824219
Vanguard,VUAA.L,Vanguard S&P 500 Accumulation UCITS ETF - VUAA.L,2023-04-20,76.98999786376953
Vanguard,VUAA.L,Vanguard S&P 500 Accumulation UCITS ETF - VUAA.L,2023-04-21,76.94999694824219
Vanguard,VUAA.L,Vanguard S&P 500 Accumulation UCITS ETF - VUAA.L,2023-04-22,76.94999694824219
Vanguard,VUAA.L,Vanguard S&P 500 Accumulation UCITS ETF - VUAA.L,2023-04-23,76.94999694824219
Vanguard,VUAA.L,Vanguard S&P 500 Accumulation UCITS ETF - VUAA.L,2023-04-24,76.87999725341797
Vanguard,VUAA.L,Vanguard S&P 500 Accumulation UCITS ETF - VUAA.L,2023-04-25,76.48999786376953
Vanguard,VUAA.L,Vanguard S&P 500 Accumulation UCITS ETF - VUAA.L,2023-04-26,76.11000061035156
Vanguard,VUAA.L,Vanguard S&P 500 Accumulation UCITS ETF - VUAA.L,2023-04-27,76.4000015258789
Vanguard,VUAA.L,Vanguard S&P 500 Accumulation UCITS ETF - VUAA.L,2023-04-28,77.33000183105469
Vanguard,VUAA.L,Vanguard S&P 500 Accumulation UCITS ETF - VUAA.L,2023-04-29,77.33000183105469
Vanguard,VUAA.L,Vanguard S&P 500 Accumulation UCITS ETF - VUAA.L,2023-04-30,77.33000183105469
Vanguard,VUAA.L,Vanguard S&P 500 Accumulation UCITS ETF - VUAA.L,2023-05-01,77.33000183105469
Vanguard,VUAA.L,Vanguard S&P 500 Accumulation UCITS ETF - VUAA.L,2023-05-02,76.31999969482422
Vanguard,VUAA.L,Vanguard S&P 500 Accumulation UCITS ETF - VUAA.L,2023-05-03,76.80000305175781
Vanguard,VUAA.L,Vanguard S&P 500 Accumulation UCITS ETF - VUAA.L,2023-05-04,75.7300033569336
Vanguard,VUAA.L,Vanguard S&P 500 Accumulation UCITS ETF - VUAA.L,2023-05-05,76.8499984741211
Vanguard,VUAA.L,Vanguard S&P 500 Accumulation UCITS ETF - VUAA.L,2023-05-06,76.8499984741211
Vanguard,VUAA.L,Vanguard S&P 500 Accumulation UCITS ETF - VUAA.L,2023-05-07,76.8499984741211
Vanguard,VUAA.L,Vanguard S&P 500 Accumulation UCITS ETF - VUAA.L,2023-05-08,76.8499984741211
Vanguard,VUAA.L,Vanguard S&P 500 Accumulation UCITS ETF - VUAA.L,2023-05-09,76.94000244140625
Vanguard,VUAA.L,Vanguard S&P 500 Accumulation UCITS ETF - VUAA.L,2023-05-10,77.04000091552734
Vanguard,VUAA.L,Vanguard S&P 500 Accumulation UCITS ETF - VUAA.L,2023-05-11,76.87999725341797
Vanguard,VUAA.L,Vanguard S&P 500 Accumulation UCITS ETF - VUAA.L,2023-05-12,76.80999755859375
Vanguard,VUAA.L,Vanguard S&P 500 Accumulation UCITS ETF - VUAA.L,2023-05-13,76.80999755859375
Vanguard,VUAA.L,Vanguard S&P 500 Accumulation UCITS ETF - VUAA.L,2023-05-14,76.80999755859375
Vanguard,VUAA.L,Vanguard S&P 500 Accumulation UCITS ETF - VUAA.L,2023-05-15,76.98999786376953
Vanguard,VUAA.L,Vanguard S&P 500 Accumulation UCITS ETF - VUAA.L,2023-05-16,76.91000366210938
Vanguard,VUAA.L,Vanguard S&P 500 Accumulation UCITS ETF - VUAA.L,2023-05-17,77.0
Vanguard,VUAA.L,Vanguard S&P 500 Accumulation UCITS ETF - VUAA.L,2023-05-18,77.96499633789062
Vanguard,VUAA.L,Vanguard S&P 500 Accumulation UCITS ETF - VUAA.L,2023-05-19,78.20500183105469
Vanguard,VUAA.L,Vanguard S&P 500 Accumulation UCITS ETF - VUAA.L,2023-05-20,78.20500183105469
Vanguard,VUAA.L,Vanguard S&P 500 Accumulation UCITS ETF - VUAA.L,2023-05-21,78.20500183105469
Vanguard,VUAA.L,Vanguard S&P 500 Accumulation UCITS ETF - VUAA.L,2023-05-22,78.37000274658203
Vanguard,VUAA.L,Vanguard S&P 500 Accumulation UCITS ETF - VUAA.L,2023-05-23,78.02999877929688
Vanguard,VUAA.L,Vanguard S&P 500 Accumulation UCITS ETF - VUAA.L,2023-05-24,76.80000305175781
Vanguard,VUAA.L,Vanguard S&P 500 Accumulation UCITS ETF - VUAA.L,2023-05-25,77.19000244140625
Vanguard,VUAA.L,Vanguard S&P 500 Accumulation UCITS ETF - VUAA.L,2023-05-26,78.2699966430664
Vanguard,VUAA.L,Vanguard S&P 500 Accumulation UCITS ETF - VUAA.L,2023-05-27,78.2699966430664
Vanguard,VUAA.L,Vanguard S&P 500 Accumulation UCITS ETF - VUAA.L,2023-05-28,78.2699966430664
Vanguard,VUAA.L,Vanguard S&P 500 Accumulation UCITS ETF - VUAA.L,2023-05-29,78.2699966430664
Vanguard,VUAA.L,Vanguard S&P 500 Accumulation UCITS ETF - VUAA.L,2023-05-30,78.56999969482422
Vanguard,VUAA.L,Vanguard S&P 500 Accumulation UCITS ETF - VUAA.L,2023-05-31,77.79000091552734
Vanguard,VUAA.L,Vanguard S&P 500 Accumulation UCITS ETF - VUAA.L,2023-06-01,78.5
Vanguard,VUAA.L,Vanguard S&P 500 Accumulation UCITS ETF - VUAA.L,2023-06-02,79.8499984741211
Vanguard,VUAA.L,Vanguard S&P 500 Accumulation UCITS ETF - VUAA.L,2023-06-03,79.8499984741211
Vanguard,VUAA.L,Vanguard S&P 500 Accumulation UCITS ETF - VUAA.L,2023-06-04,79.8499984741211
Vanguard,VUAA.L,Vanguard S&P 500 Accumulation UCITS ETF - VUAA.L,2023-06-05,80.12999725341797
Vanguard,VUAA.L,Vanguard S&P 500 Accumulation UCITS ETF - VUAA.L,2023-06-06,79.9000015258789
Vanguard,VUAA.L,Vanguard S&P 500 Accumulation UCITS ETF - VUAA.L,2023-06-07,79.97000122070312
Vanguard,VUAA.L,Vanguard S&P 500 Accumulation UCITS ETF - VUAA.L,2023-06-08,80.0199966430664
Vanguard,VUAA.L,Vanguard S&P 500 Accumulation UCITS ETF - VUAA.L,2023-06-09,80.27999877929688
Vanguard,VUAA.L,Vanguard S&P 500 Accumulation UCITS ETF - VUAA.L,2023-06-10,80.27999877929688
Vanguard,VUAA.L,Vanguard S&P 500 Accumulation UCITS ETF - VUAA.L,2023-06-11,80.27999877929688
Vanguard,VUAA.L,Vanguard S&P 500 Accumulation UCITS ETF - VUAA.L,2023-06-12,80.5
Vanguard,VUAA.L,Vanguard S&P 500 Accumulation UCITS ETF - VUAA.L,2023-06-13,81.55000305175781
Vanguard,VUAA.L,Vanguard S&P 500 Accumulation UCITS ETF - VUAA.L,2023-06-14,81.94999694824219
Vanguard,VUAA.L,Vanguard S&P 500 Accumulation UCITS ETF - VUAA.L,2023-06-15,82.31999969482422
Vanguard,VUAA.L,Vanguard S&P 500 Accumulation UCITS ETF - VUAA.L,2023-06-16,82.6500015258789
Vanguard,VUAA.L,Vanguard S&P 500 Accumulation UCITS ETF - VUAA.L,2023-06-17,82.6500015258789
Vanguard,VUAA.L,Vanguard S&P 500 Accumulation UCITS ETF - VUAA.L,2023-06-18,82.6500015258789
Vanguard,VUAA.L,Vanguard S&P 500 Accumulation UCITS ETF - VUAA.L,2023-06-19,82.2300033569336
Vanguard,VUAA.L,Vanguard S&P 500 Accumulation UCITS ETF - VUAA.L,2023-06-20,81.77999877929688
Vanguard,VUAA.L,Vanguard S&P 500 Accumulation UCITS ETF - VUAA.L,2023-06-21,81.63999938964844
Vanguard,VUAA.L,Vanguard S&P 500 Accumulation UCITS ETF - VUAA.L,2023-06-22,81.61000061035156
Vanguard,VUAA.L,Vanguard S&P 500 Accumulation UCITS ETF - VUAA.L,2023-06-23,81.23999786376953
Vanguard,VUAA.L,Vanguard S&P 500 Accumulation UCITS ETF - VUAA.L,2023-06-24,81.23999786376953
Vanguard,VUAA.L,Vanguard S&P 500 Accumulation UCITS ETF - VUAA.L,2023-06-25,81.23999786376953
Vanguard,VUAA.L,Vanguard S&P 500 Accumulation UCITS ETF - VUAA.L,2023-06-26,81.16999816894531
Vanguard,VUAA.L,Vanguard S&P 500 Accumulation UCITS ETF - VUAA.L,2023-06-27,81.37999725341797
Vanguard,VUAA.L,Vanguard S&P 500 Accumulation UCITS ETF - VUAA.L,2023-06-28,81.86000061035156
Vanguard,VUAA.L,Vanguard S&P 500 Accumulation UCITS ETF - VUAA.L,2023-06-29,82.02999877929688
Vanguard,VUAA.L,Vanguard S&P 500 Accumulation UCITS ETF - VUAA.L,2023-06-30,82.9800033569336
Vanguard,VUAA.L,Vanguard S&P 500 Accumulation UCITS ETF - VUAA.L,2023-07-01,82.9800033569336
Vanguard,VUAA.L,Vanguard S&P 500 Accumulation UCITS ETF - VUAA.L,2023-07-02,82.9800033569336
Vanguard,VUAA.L,Vanguard S&P 500 Accumulation UCITS ETF - VUAA.L,2023-07-03,83.18000030517578
Vanguard,VUAA.L,Vanguard S&P 500 Accumulation UCITS ETF - VUAA.L,2023-07-04,83.21499633789062
Vanguard,VUAA.L,Vanguard S&P 500 Accumulation UCITS ETF - VUAA.L,2023-07-05,83.22000122070312
Vanguard,VUAA.L,Vanguard S&P 500 Accumulation UCITS ETF - VUAA.L,2023-07-06,82.08000183105469
Vanguard,VUAA.L,Vanguard S&P 500 Accumulation UCITS ETF - VUAA.L,2023-07-07,82.55000305175781
Vanguard,VUAA.L,Vanguard S&P 500 Accumulation UCITS ETF - VUAA.L,2023-07-08,82.55000305175781
Vanguard,VUAA.L,Vanguard S&P 500 Accumulation UCITS ETF - VUAA.L,2023-07-09,82.55000305175781
Vanguard,VUAA.L,Vanguard S&P 500 Accumulation UCITS ETF - VUAA.L,2023-07-10,82.33000183105469
Vanguard,VUAA.L,Vanguard S&P 500 Accumulation UCITS ETF - VUAA.L,2023-07-11,82.5999984741211
Vanguard,VUAA.L,Vanguard S&P 500 Accumulation UCITS ETF - VUAA.L,2023-07-12,83.7300033569336
Vanguard,VUAA.L,Vanguard S&P 500 Accumulation UCITS ETF - VUAA.L,2023-07-13,84.01000213623047
Vanguard,VUAA.L,Vanguard S&P 500 Accumulation UCITS ETF - VUAA.L,2023-07-14,84.51000213623047
Vanguard,VUAA.L,Vanguard S&P 500 Accumulation UCITS ETF - VUAA.L,2023-07-15,84.51000213623047
Vanguard,VUAA.L,Vanguard S&P 500 Accumulation UCITS ETF - VUAA.L,2023-07-16,84.51000213623047
Vanguard,VUAA.L,Vanguard S&P 500 Accumulation UCITS ETF - VUAA.L,2023-07-17,84.47000122070312
Vanguard,VUAA.L,Vanguard S&P 500 Accumulation UCITS ETF - VUAA.L,2023-07-18,84.80999755859375
Vanguard,VUAA.L,Vanguard S&P 500 Accumulation UCITS ETF - VUAA.L,2023-07-19,85.51000213623047
Vanguard,VUAA.L,Vanguard S&P 500 Accumulation UCITS ETF - VUAA.L,2023-07-20,85.13999938964844
Vanguard,VUAA.L,Vanguard S&P 500 Accumulation UCITS ETF - VUAA.L,2023-07-21,85.06999969482422
Vanguard,VUAA.L,Vanguard S&P 500 Accumulation UCITS ETF - VUAA.L,2023-07-22,85.06999969482422
Vanguard,VUAA.L,Vanguard S&P 500 Accumulation UCITS ETF - VUAA.L,2023-07-23,85.06999969482422
Vanguard,VUAA.L,Vanguard S&P 500 Accumulation UCITS ETF - VUAA.L,2023-07-24,85.16999816894531
Vanguard,VUAA.L,Vanguard S&P 500 Accumulation UCITS ETF - VUAA.L,2023-07-25,85.36000061035156
Vanguard,VUAA.L,Vanguard S&P 500 Accumulation UCITS ETF - VUAA.L,2023-07-26,85.2300033569336
Vanguard,VUAA.L,Vanguard S&P 500 Accumulation UCITS ETF - VUAA.L,2023-07-27,85.87000274658203
Vanguard,VUAA.L,Vanguard S&P 500 Accumulation UCITS ETF - VUAA.L,2023-07-28,85.76000213623047
Vanguard,VUAA.L,Vanguard S&P 500 Accumulation UCITS ETF - VUAA.L,2023-07-29,85.76000213623047
Vanguard,VUAA.L,Vanguard S&P 500 Accumulation UCITS ETF - VUAA.L,2023-07-30,85.76000213623047
Vanguard,VUAA.L,Vanguard S&P 500 Accumulation UCITS ETF - VUAA.L,2023-07-31,85.70999908447266
Vanguard,VUAA.L,Vanguard S&P 500 Accumulation UCITS ETF - VUAA.L,2023-08-01,85.52999877929688
Vanguard,VUAA.L,Vanguard S&P 500 Accumulation UCITS ETF - VUAA.L,2023-08-02,84.66000366210938
Vanguard,VUAA.L,Vanguard S&P 500 Accumulation UCITS ETF - VUAA.L,2023-08-03,84.23999786376953
Vanguard,VUAA.L,Vanguard S&P 500 Accumulation UCITS ETF - VUAA.L,2023-08-04,84.6500015258789
Vanguard,VUAA.L,Vanguard S&P 500 Accumulation UCITS ETF - VUAA.L,2023-08-05,84.6500015258789
Vanguard,VUAA.L,Vanguard S&P 500 Accumulation UCITS ETF - VUAA.L,2023-08-06,84.6500015258789
Vanguard,VUAA.L,Vanguard S&P 500 Accumulation UCITS ETF - VUAA.L,2023-08-07,84.11000061035156
Vanguard,VUAA.L,Vanguard S&P 500 Accumulation UCITS ETF - VUAA.L,2023-08-08,83.63999938964844
Vanguard,VUAA.L,Vanguard S&P 500 Accumulation UCITS ETF - VUAA.L,2023-08-09,83.69999694824219
Vanguard,VUAA.L,Vanguard S&P 500 Accumulation UCITS ETF - VUAA.L,2023-08-10,84.2300033569336
Vanguard,VUAA.L,Vanguard S&P 500 Accumulation UCITS ETF - VUAA.L,2023-08-11,83.3499984741211
Vanguard,VUAA.L,Vanguard S&P 500 Accumulation UCITS ETF - VUAA.L,2023-08-12,83.3499984741211
Vanguard,VUAA.L,Vanguard S&P 500 Accumulation UCITS ETF - VUAA.L,2023-08-13,83.3499984741211
Vanguard,VUAA.L,Vanguard S&P 500 Accumulation UCITS ETF - VUAA.L,2023-08-14,83.77999877929688
Vanguard,VUAA.L,Vanguard S&P 500 Accumulation UCITS ETF - VUAA.L,2023-08-15,83.3949966430664
Vanguard,VUAA.L,Vanguard S&P 500 Accumulation UCITS ETF - VUAA.L,2023-08-16,83.12999725341797
Vanguard,VUAA.L,Vanguard S&P 500 Accumulation UCITS ETF - VUAA.L,2023-08-17,82.37000274658203
Vanguard,VUAA.L,Vanguard S&P 500 Accumulation UCITS ETF - VUAA.L,2023-08-18,81.61000061035156
Vanguard,VUAA.L,Vanguard S&P 500 Accumulation UCITS ETF - VUAA.L,2023-08-19,81.61000061035156
Vanguard,VUAA.L,Vanguard S&P 500 Accumulation UCITS ETF - VUAA.L,2023-08-20,81.61000061035156
Vanguard,VUAA.L,Vanguard S&P 500 Accumulation UCITS ETF - VUAA.L,2023-08-21,81.81999969482422
Vanguard,VUAA.L,Vanguard S&P 500 Accumulation UCITS ETF - VUAA.L,2023-08-22,82.4000015258789
Vanguard,VUAA.L,Vanguard S&P 500 Accumulation UCITS ETF - VUAA.L,2023-08-23,82.87000274658203
Vanguard,VUAA.L,Vanguard S&P 500 Accumulation UCITS ETF - VUAA.L,2023-08-24,82.52999877929688
Vanguard,VUAA.L,Vanguard S&P 500 Accumulation UCITS ETF - VUAA.L,2023-08-25,82.12999725341797
Vanguard,VUAA.L,Vanguard S&P 500 Accumulation UCITS ETF - VUAA.L,2023-08-26,82.12999725341797
Vanguard,VUAA.L,Vanguard S&P 500 Accumulation UCITS ETF - VUAA.L,2023-08-27,82.12999725341797
Vanguard,VUAA.L,Vanguard S&P 500 Accumulation UCITS ETF - VUAA.L,2023-08-28,82.12999725341797
Vanguard,VUAA.L,Vanguard S&P 500 Accumulation UCITS ETF - VUAA.L,2023-08-29,83.83999633789062
Vanguard,VUAA.L,Vanguard S&P 500 Accumulation UCITS ETF - VUAA.L,2023-08-30,84.48999786376953
Vanguard,VUAA.L,Vanguard S&P 500 Accumulation UCITS ETF - VUAA.L,2023-08-31,84.66000366210938
Vanguard,VUAA.L,Vanguard S&P 500 Accumulation UCITS ETF - VUAA.L,2023-09-01,84.48999786376953
Vanguard,VUAA.L,Vanguard S&P 500 Accumulation UCITS ETF - VUAA.L,2023-09-02,84.48999786376953
Vanguard,VUAA.L,Vanguard S&P 500 Accumulation UCITS ETF - VUAA.L,2023-09-03,84.48999786376953
Vanguard,VUAA.L,Vanguard S&P 500 Accumulation UCITS ETF - VUAA.L,2023-09-04,84.52999877929688
Vanguard,VUAA.L,Vanguard S&P 500 Accumulation UCITS ETF - VUAA.L,2023-09-05,84.41000366210938
Vanguard,VUAA.L,Vanguard S&P 500 Accumulation UCITS ETF - VUAA.L,2023-09-06,83.56999969482422
Vanguard,VUAA.L,Vanguard S&P 500 Accumulation UCITS ETF - VUAA.L,2023-09-07,83.43000030517578
Vanguard,VUAA.L,Vanguard S&P 500 Accumulation UCITS ETF - VUAA.L,2023-09-08,83.76000213623047
Vanguard,VUAA.L,Vanguard S&P 500 Accumulation UCITS ETF - VUAA.L,2023-09-09,83.76000213623047
Vanguard,VUAA.L,Vanguard S&P 500 Accumulation UCITS ETF - VUAA.L,2023-09-10,83.76000213623047
Vanguard,VUAA.L,Vanguard S&P 500 Accumulation UCITS ETF - VUAA.L,2023-09-11,83.80000305175781
Vanguard,VUAA.L,Vanguard S&P 500 Accumulation UCITS ETF - VUAA.L,2023-09-12,83.77999877929688
Vanguard,VUAA.L,Vanguard S&P 500 Accumulation UCITS ETF - VUAA.L,2023-09-13,83.87000274658203
Vanguard,VUAA.L,Vanguard S&P 500 Accumulation UCITS ETF - VUAA.L,2023-09-14,84.27999877929688
Vanguard,VUAA.L,Vanguard S&P 500 Accumulation UCITS ETF - VUAA.L,2023-09-15,83.70500183105469
Vanguard,VUAA.L,Vanguard S&P 500 Accumulation UCITS ETF - VUAA.L,2023-09-16,83.70500183105469
Vanguard,VUAA.L,Vanguard S&P 500 Accumulation UCITS ETF - VUAA.L,2023-09-17,83.70500183105469
Vanguard,VUAA.L,Vanguard S&P 500 Accumulation UCITS ETF - VUAA.L,2023-09-18,83.56999969482422
Vanguard,VUAA.L,Vanguard S&P 500 Accumulation UCITS ETF - VUAA.L,2023-09-19,82.94999694824219
Vanguard,VUAA.L,Vanguard S&P 500 Accumulation UCITS ETF - VUAA.L,2023-09-20,83.41000366210938
Vanguard,VUAA.L,Vanguard S&P 500 Accumulation UCITS ETF - VUAA.L,2023-09-21,81.70999908447266
Vanguard,VUAA.L,Vanguard S&P 500 Accumulation UCITS ETF - VUAA.L,2023-09-22,81.61000061035156
Vanguard,VUAA.L,Vanguard S&P 500 Accumulation UCITS ETF - VUAA.L,2023-09-23,81.61000061035156
Vanguard,VUAA.L,Vanguard S&P 500 Accumulation UCITS ETF - VUAA.L,2023-09-24,81.61000061035156
Vanguard,VUAA.L,Vanguard S&P 500 Accumulation UCITS ETF - VUAA.L,2023-09-25,81.0999984741211
Vanguard,VUAA.L,Vanguard S&P 500 Accumulation UCITS ETF - VUAA.L,2023-09-26,80.37000274658203
Vanguard,VUAA.L,Vanguard S&P 500 Accumulation UCITS ETF - VUAA.L,2023-09-27,80.16000366210938
Vanguard,VUAA.L,Vanguard S&P 500 Accumulation UCITS ETF - VUAA.L,2023-09-28,80.62999725341797
Vanguard,VUAA.L,Vanguard S&P 500 Accumulation UCITS ETF - VUAA.L,2023-09-29,80.8499984741211
Vanguard,VUAA.L,Vanguard S&P 500 Accumulation UCITS ETF - VUAA.L,2023-09-30,80.8499984741211
Vanguard,VUAA.L,Vanguard S&P 500 Accumulation UCITS ETF - VUAA.L,2023-10-01,80.8499984741211
Vanguard,VUAA.L,Vanguard S&P 500 Accumulation UCITS ETF - VUAA.L,2023-10-02,80.55999755859375
Vanguard,VUAA.L,Vanguard S&P 500 Accumulation UCITS ETF - VUAA.L,2023-10-03,79.19000244140625
Vanguard,VUAA.L,Vanguard S&P 500 Accumulation UCITS ETF - VUAA.L,2023-10-04,79.48999786376953
Vanguard,VUAA.L,Vanguard S&P 500 Accumulation UCITS ETF - VUAA.L,2023-10-05,79.4000015258789
Vanguard,VUAA.L,Vanguard S&P 500 Accumulation UCITS ETF - VUAA.L,2023-10-06,80.2699966430664
Vanguard,VUAA.L,Vanguard S&P 500 Accumulation UCITS ETF - VUAA.L,2023-10-07,80.2699966430664
Vanguard,VUAA.L,Vanguard S&P 500 Accumulation UCITS ETF - VUAA.L,2023-10-08,80.2699966430664
Vanguard,VUAA.L,Vanguard S&P 500 Accumulation UCITS ETF - VUAA.L,2023-10-09,80.66999816894531
Vanguard,VUAA.L,Vanguard S&P 500 Accumulation UCITS ETF - VUAA.L,2023-10-10,82.12999725341797
Vanguard,VUAA.L,Vanguard S&P 500 Accumulation UCITS ETF - VUAA.L,2023-10-11,81.7699966430664
Vanguard,VUAA.L,Vanguard S&P 500 Accumulation UCITS ETF - VUAA.L,2023-10-12,82.05000305175781
Vanguard,VUAA.L,Vanguard S&P 500 Accumulation UCITS ETF - VUAA.L,2023-10-13,81.30999755859375
Vanguard,VUAA.L,Vanguard S&P 500 Accumulation UCITS ETF - VUAA.L,2023-10-14,81.30999755859375
Vanguard,VUAA.L,Vanguard S&P 500 Accumulation UCITS ETF - VUAA.L,2023-10-15,81.30999755859375
Vanguard,VUAA.L,Vanguard S&P 500 Accumulation UCITS ETF - VUAA.L,2023-10-16,82.11499786376953
Vanguard,VUAA.L,Vanguard S&P 500 Accumulation UCITS ETF - VUAA.L,2023-10-17,82.08999633789062
Vanguard,VUAA.L,Vanguard S&P 500 Accumulation UCITS ETF - VUAA.L,2023-10-18,81.44000244140625
Vanguard,VUAA.L,Vanguard S&P 500 Accumulation UCITS ETF - VUAA.L,2023-10-19,80.93000030517578
Vanguard,VUAA.L,Vanguard S&P 500 Accumulation UCITS ETF - VUAA.L,2023-10-20,79.41999816894531
Vanguard,VUAA.L,Vanguard S&P 500 Accumulation UCITS ETF - VUAA.L,2023-10-21,79.41999816894531
Vanguard,VUAA.L,Vanguard S&P 500 Accumulation UCITS ETF - VUAA.L,2023-10-22,79.41999816894531
Vanguard,VUAA.L,Vanguard S&P 500 Accumulation UCITS ETF - VUAA.L,2023-10-23,79.48999786376953
Vanguard,VUAA.L,Vanguard S&P 500 Accumulation UCITS ETF - VUAA.L,2023-10-24,79.5199966430664
Vanguard,VUAA.L,Vanguard S&P 500 Accumulation UCITS ETF - VUAA.L,2023-10-25,79.05999755859375
Vanguard,VUAA.L,Vanguard S&P 500 Accumulation UCITS ETF - VUAA.L,2023-10-26,77.9800033569336
Vanguard,VUAA.L,Vanguard S&P 500 Accumulation UCITS ETF - VUAA.L,2023-10-27,77.72000122070312
Vanguard,VUAA.L,Vanguard S&P 500 Accumulation UCITS ETF - VUAA.L,2023-10-28,77.72000122070312
Vanguard,VUAA.L,Vanguard S&P 500 Accumulation UCITS ETF - VUAA.L,2023-10-29,77.72000122070312
Vanguard,VUAA.L,Vanguard S&P 500 Accumulation UCITS ETF - VUAA.L,2023-10-30,77.83000183105469
Vanguard,VUAA.L,Vanguard S&P 500 Accumulation UCITS ETF - VUAA.L,2023-10-31,78.29000091552734
Vanguard,VUAA.L,Vanguard S&P 500 Accumulation UCITS ETF - VUAA.L,2023-11-01,79.05000305175781
Vanguard,VUAA.L,Vanguard S&P 500 Accumulation UCITS ETF - VUAA.L,2023-11-02,80.70999908447266
Vanguard,VUAA.L,Vanguard S&P 500 Accumulation UCITS ETF - VUAA.L,2023-11-03,81.9800033569336
Vanguard,VUAA.L,Vanguard S&P 500 Accumulation UCITS ETF - VUAA.L,2023-11-04,81.9800033569336
Vanguard,VUAA.L,Vanguard S&P 500 Accumulation UCITS ETF - VUAA.L,2023-11-05,81.9800033569336
Vanguard,VUAA.L,Vanguard S&P 500 Accumulation UCITS ETF - VUAA.L,2023-11-06,81.91000366210938
Vanguard,VUAA.L,Vanguard S&P 500 Accumulation UCITS ETF - VUAA.L,2023-11-07,82.27999877929688
Vanguard,VUAA.L,Vanguard S&P 500 Accumulation UCITS ETF - VUAA.L,2023-11-08,82.09500122070312
Vanguard,VUAA.L,Vanguard S&P 500 Accumulation UCITS ETF - VUAA.L,2023-11-09,82.31999969482422
Vanguard,VUAA.L,Vanguard S&P 500 Accumulation UCITS ETF - VUAA.L,2023-11-10,82.12000274658203
Vanguard,VUAA.L,Vanguard S&P 500 Accumulation UCITS ETF - VUAA.L,2023-11-11,82.12000274658203
Vanguard,VUAA.L,Vanguard S&P 500 Accumulation UCITS ETF - VUAA.L,2023-11-12,82.12000274658203
Vanguard,VUAA.L,Vanguard S&P 500 Accumulation UCITS ETF - VUAA.L,2023-11-13,82.86000061035156
Vanguard,VUAA.L,Vanguard S&P 500 Accumulation UCITS ETF - VUAA.L,2023-11-14,84.61000061035156
Vanguard,VUAA.L,Vanguard S&P 500 Accumulation UCITS ETF - VUAA.L,2023-11-15,84.75
Vanguard,VUAA.L,Vanguard S&P 500 Accumulation UCITS ETF - VUAA.L,2023-11-16,84.37999725341797
Vanguard,VUAA.L,Vanguard S&P 500 Accumulation UCITS ETF - VUAA.L,2023-11-17,84.56999969482422
Vanguard,VUAA.L,Vanguard S&P 500 Accumulation UCITS ETF - VUAA.L,2023-11-18,84.56999969482422
Vanguard,VUAA.L,Vanguard S&P 500 Accumulation UCITS ETF - VUAA.L,2023-11-19,84.56999969482422
Vanguard,VUAA.L,Vanguard S&P 500 Accumulation UCITS ETF - VUAA.L,2023-11-20,85.16000366210938
Vanguard,VUAA.L,Vanguard S&P 500 Accumulation UCITS ETF - VUAA.L,2023-11-21,85.13999938964844
Vanguard,VUAA.L,Vanguard S&P 500 Accumulation UCITS ETF - VUAA.L,2023-11-22,85.58999633789062
Vanguard,VUAA.L,Vanguard S&P 500 Accumulation UCITS ETF - VUAA.L,2023-11-23,85.68000030517578
Vanguard,VUAA.L,Vanguard S&P 500 Accumulation UCITS ETF - VUAA.L,2023-11-24,85.55000305175781
Vanguard,VUAA.L,Vanguard S&P 500 Accumulation UCITS ETF - VUAA.L,2023-11-25,85.55000305175781
Vanguard,VUAA.L,Vanguard S&P 500 Accumulation UCITS ETF - VUAA.L,2023-11-26,85.55000305175781
Vanguard,VUAA.L,Vanguard S&P 500 Accumulation UCITS ETF - VUAA.L,2023-11-27,85.54000091552734
Vanguard,VUAA.L,Vanguard S&P 500 Accumulation UCITS ETF - VUAA.L,2023-11-28,85.80000305175781
Vanguard,VUAA.L,Vanguard S&P 500 Accumulation UCITS ETF - VUAA.L,2023-11-29,85.63999938964844
Vanguard,VUAA.L,Vanguard S&P 500 Accumulation UCITS ETF - VUAA.L,2023-11-30,85.43000030517578
Vanguard,VUAA.L,Vanguard S&P 500 Accumulation UCITS ETF - VUAA.L,2023-12-01,86.01000213623047
Vanguard,VUAA.L,Vanguard S&P 500 Accumulation UCITS ETF - VUAA.L,2023-12-02,86.01000213623047
Vanguard,VUAA.L,Vanguard S&P 500 Accumulation UCITS ETF - VUAA.L,2023-12-03,86.01000213623047
Vanguard,VUAA.L,Vanguard S&P 500 Accumulation UCITS ETF - VUAA.L,2023-12-04,85.55999755859375
Vanguard,VUAA.L,Vanguard S&P 500 Accumulation UCITS ETF - VUAA.L,2023-12-05,85.80500030517578
Vanguard,VUAA.L,Vanguard S&P 500 Accumulation UCITS ETF - VUAA.L,2023-12-06,85.80000305175781
Vanguard,VUAA.L,Vanguard S&P 500 Accumulation UCITS ETF - VUAA.L,2023-12-07,85.94999694824219
Vanguard,VUAA.L,Vanguard S&P 500 Accumulation UCITS ETF - VUAA.L,2023-12-08,86.2699966430664
Vanguard,VUAA.L,Vanguard S&P 500 Accumulation UCITS ETF - VUAA.L,2023-12-09,86.2699966430664
Vanguard,VUAA.L,Vanguard S&P 500 Accumulation UCITS ETF - VUAA.L,2023-12-10,86.2699966430664
Vanguard,VUAA.L,Vanguard S&P 500 Accumulation UCITS ETF - VUAA.L,2023-12-11,86.58499908447266
Vanguard,VUAA.L,Vanguard S&P 500 Accumulation UCITS ETF - VUAA.L,2023-12-12,87.0
Vanguard,VUAA.L,Vanguard S&P 500 Accumulation UCITS ETF - VUAA.L,2023-12-13,87.43000030517578
Vanguard,VUAA.L,Vanguard S&P 500 Accumulation UCITS ETF - VUAA.L,2023-12-14,88.77999877929688
Vanguard,VUAA.L,Vanguard S&P 500 Accumulation UCITS ETF - VUAA.L,2023-12-15,88.7699966430664
Vanguard,VUAA.L,Vanguard S&P 500 Accumulation UCITS ETF - VUAA.L,2023-12-16,88.7699966430664
Vanguard,VUAA.L,Vanguard S&P 500 Accumulation UCITS ETF - VUAA.L,2023-12-17,88.7699966430664
Vanguard,VUAA.L,Vanguard S&P 500 Accumulation UCITS ETF - VUAA.L,2023-12-18,89.08999633789062
Vanguard,VUAA.L,Vanguard S&P 500 Accumulation UCITS ETF - VUAA.L,2023-12-19,89.5
Vanguard,VUAA.L,Vanguard S&P 500 Accumulation UCITS ETF - VUAA.L,2023-12-20,89.66999816894531
Vanguard,VUAA.L,Vanguard S&P 500 Accumulation UCITS ETF - VUAA.L,2023-12-21,88.93000030517578
Vanguard,VUAA.L,Vanguard S&P 500 Accumulation UCITS ETF - VUAA.L,2023-12-22,89.31999969482422
Vanguard,VUAA.L,Vanguard S&P 500 Accumulation UCITS ETF - VUAA.L,2023-12-23,89.31999969482422
Vanguard,VUAA.L,Vanguard S&P 500 Accumulation UCITS ETF - VUAA.L,2023-12-24,89.31999969482422
Vanguard,VUAA.L,Vanguard S&P 500 Accumulation UCITS ETF - VUAA.L,2023-12-25,89.31999969482422
Vanguard,VUAA.L,Vanguard S&P 500 Accumulation UCITS ETF - VUAA.L,2023-12-26,89.31999969482422
Vanguard,VUAA.L,Vanguard S&P 500 Accumulation UCITS ETF - VUAA.L,2023-12-27,89.79000091552734
Vanguard,VUAA.L,Vanguard S&P 500 Accumulation UCITS ETF - VUAA.L,2023-12-28,90.01000213623047
Vanguard,VUAA.L,Vanguard S&P 500 Accumulation UCITS ETF - VUAA.L,2023-12-29,90.05999755859375
Vanguard,VUAA.L,Vanguard S&P 500 Accumulation UCITS ETF - VUAA.L,2023-12-30,90.05999755859375
Vanguard,VUAA.L,Vanguard S&P 500 Accumulation UCITS ETF - VUAA.L,2023-12-31,90.05999755859375
Vanguard,VUAA.L,Vanguard S&P 500 Accumulation UCITS ETF - VUAA.L,2024-01-01,90.05999755859375
Vanguard,VUAA.L,Vanguard S&P 500 Accumulation UCITS ETF - VUAA.L,2024-01-02,89.23999786376953
Vanguard,VUAA.L,Vanguard S&P 500 Accumulation UCITS ETF - VUAA.L,2024-01-03,88.68000030517578
Vanguard,VUAA.L,Vanguard S&P 500 Accumulation UCITS ETF - VUAA.L,2024-01-04,88.80000305175781
Vanguard,VUAA.L,Vanguard S&P 500 Accumulation UCITS ETF - VUAA.L,2024-01-05,88.58000183105469
Vanguard,VUAA.L,Vanguard S&P 500 Accumulation UCITS ETF - VUAA.L,2024-01-06,88.58000183105469
Vanguard,VUAA.L,Vanguard S&P 500 Accumulation UCITS ETF - VUAA.L,2024-01-07,88.58000183105469
Vanguard,VUAA.L,Vanguard S&P 500 Accumulation UCITS ETF - VUAA.L,2024-01-08,88.83999633789062
Vanguard,VUAA.L,Vanguard S&P 500 Accumulation UCITS ETF - VUAA.L,2024-01-09,89.37999725341797
Vanguard,VUAA.L,Vanguard S&P 500 Accumulation UCITS ETF - VUAA.L,2024-01-10,89.62999725341797
Vanguard,VUAA.L,Vanguard S&P 500 Accumulation UCITS ETF - VUAA.L,2024-01-11,89.2699966430664
Vanguard,VUAA.L,Vanguard S&P 500 Accumulation UCITS ETF - VUAA.L,2024-01-12,89.98999786376953
Vanguard,VUAA.L,Vanguard S&P 500 Accumulation UCITS ETF - VUAA.L,2024-01-13,89.98999786376953
Vanguard,VUAA.L,Vanguard S&P 500 Accumulation UCITS ETF - VUAA.L,2024-01-14,89.98999786376953
Vanguard,VUAA.L,Vanguard S&P 500 Accumulation UCITS ETF - VUAA.L,2024-01-15,89.95999908447266
Vanguard,VUAA.L,Vanguard S&P 500 Accumulation UCITS ETF - VUAA.L,2024-01-16,89.91999816894531
Vanguard,VUAA.L,Vanguard S&P 500 Accumulation UCITS ETF - VUAA.L,2024-01-17,89.26000213623047
Vanguard,VUAA.L,Vanguard S&P 500 Accumulation UCITS ETF - VUAA.L,2024-01-18,89.68000030517578
Vanguard,VUAA.L,Vanguard S&P 500 Accumulation UCITS ETF - VUAA.L,2024-01-19,90.4000015258789
Vanguard,VUAA.L,Vanguard S&P 500 Accumulation UCITS ETF - VUAA.L,2024-01-20,90.4000015258789
Vanguard,VUAA.L,Vanguard S&P 500 Accumulation UCITS ETF - VUAA.L,2024-01-21,90.4000015258789
Vanguard,VUAA.L,Vanguard S&P 500 Accumulation UCITS ETF - VUAA.L,2024-01-22,91.4000015258789
Vanguard,VUAA.L,Vanguard S&P 500 Accumulation UCITS ETF - VUAA.L,2024-01-23,91.19999694824219
Vanguard,VUAA.L,Vanguard S&P 500 Accumulation UCITS ETF - VUAA.L,2024-01-24,92.12999725341797
Vanguard,VUAA.L,Vanguard S&P 500 Accumulation UCITS ETF - VUAA.L,2024-01-25,92.0999984741211
Vanguard,VUAA.L,Vanguard S&P 500 Accumulation UCITS ETF - VUAA.L,2024-01-26,92.26000213623047
Vanguard,VUAA.L,Vanguard S&P 500 Accumulation UCITS ETF - VUAA.L,2024-01-27,92.26000213623047
Vanguard,VUAA.L,Vanguard S&P 500 Accumulation UCITS ETF - VUAA.L,2024-01-28,92.26000213623047
Vanguard,VUAA.L,Vanguard S&P 500 Accumulation UCITS ETF - VUAA.L,2024-01-29,92.0999984741211
Vanguard,VUAA.L,Vanguard S&P 500 Accumulation UCITS ETF - VUAA.L,2024-01-30,92.69999694824219
Vanguard,VUAA.L,Vanguard S&P 500 Accumulation UCITS ETF - VUAA.L,2024-01-31,91.94000244140625
Vanguard,VUAA.L,Vanguard S&P 500 Accumulation UCITS ETF - VUAA.L,2024-02-01,91.56999969482422
Vanguard,VUAA.L,Vanguard S&P 500 Accumulation UCITS ETF - VUAA.L,2024-02-02,93.12000274658203
Vanguard,VUAA.L,Vanguard S&P 500 Accumulation UCITS ETF - VUAA.L,2024-02-03,93.12000274658203
Vanguard,VUAA.L,Vanguard S&P 500 Accumulation UCITS ETF - VUAA.L,2024-02-04,93.12000274658203
Vanguard,VUAA.L,Vanguard S&P 500 Accumulation UCITS ETF - VUAA.L,2024-02-05,92.87999725341797
Vanguard,VUAA.L,Vanguard S&P 500 Accumulation UCITS ETF - VUAA.L,2024-02-06,93.11000061035156
Vanguard,VUAA.L,Vanguard S&P 500 Accumulation UCITS ETF - VUAA.L,2024-02-07,93.83000183105469
Vanguard,VUAA.L,Vanguard S&P 500 Accumulation UCITS ETF - VUAA.L,2024-02-08,93.94999694824219
Vanguard,VUAA.L,Vanguard S&P 500 Accumulation UCITS ETF - VUAA.L,2024-02-09,94.33000183105469
Vanguard,VUAA.L,Vanguard S&P 500 Accumulation UCITS ETF - VUAA.L,2024-02-10,94.33000183105469
Vanguard,VUAA.L,Vanguard S&P 500 Accumulation UCITS ETF - VUAA.L,2024-02-11,94.33000183105469
Vanguard,VUAA.L,Vanguard S&P 500 Accumulation UCITS ETF - VUAA.L,2024-02-12,95.0199966430664
Vanguard,VUAA.L,Vanguard S&P 500 Accumulation UCITS ETF - VUAA.L,2024-02-13,93.54000091552734
Vanguard,VUAA.L,Vanguard S&P 500 Accumulation UCITS ETF - VUAA.L,2024-02-14,93.68000030517578
Vanguard,VUAA.L,Vanguard S&P 500 Accumulation UCITS ETF - VUAA.L,2024-02-15,94.30999755859375
Vanguard,VUAA.L,Vanguard S&P 500 Accumulation UCITS ETF - VUAA.L,2024-02-16,94.73999786376953
Vanguard,VUAA.L,Vanguard S&P 500 Accumulation UCITS ETF - VUAA.L,2024-02-17,94.73999786376953
Vanguard,VUAA.L,Vanguard S&P 500 Accumulation UCITS ETF - VUAA.L,2024-02-18,94.73999786376953
Vanguard,VUAA.L,Vanguard S&P 500 Accumulation UCITS ETF - VUAA.L,2024-02-19,94.36499786376953
Vanguard,VUAA.L,Vanguard S&P 500 Accumulation UCITS ETF - VUAA.L,2024-02-20,93.69000244140625
Vanguard,VUAA.L,Vanguard S&P 500 Accumulation UCITS ETF - VUAA.L,2024-02-21,93.58000183105469
Vanguard,VUAA.L,Vanguard S&P 500 Accumulation UCITS ETF - VUAA.L,2024-02-22,95.44999694824219
Vanguard,VUAA.L,Vanguard S&P 500 Accumulation UCITS ETF - VUAA.L,2024-02-23,95.93000030517578
Vanguard,VUAA.L,Vanguard S&P 500 Accumulation UCITS ETF - VUAA.L,2024-02-24,95.93000030517578
Vanguard,VUAA.L,Vanguard S&P 500 Accumulation UCITS ETF - VUAA.L,2024-02-25,95.93000030517578
Vanguard,VUAA.L,Vanguard S&P 500 Accumulation UCITS ETF - VUAA.L,2024-02-26,95.7699966430664
Vanguard,VUAA.L,Vanguard S&P 500 Accumulation UCITS ETF - VUAA.L,2024-02-27,95.44000244140625
Vanguard,VUAA.L,Vanguard S&P 500 Accumulation UCITS ETF - VUAA.L,2024-02-28,95.58999633789062
Vanguard,VUAA.L,Vanguard S&P 500 Accumulation UCITS ETF - VUAA.L,2024-02-29,95.68000030517578
Vanguard,VUAA.L,Vanguard S&P 500 Accumulation UCITS ETF - VUAA.L,2024-03-01,96.37000274658203
Vanguard,VUAA.L,Vanguard S&P 500 Accumulation UCITS ETF - VUAA.L,2024-03-02,96.37000274658203
Vanguard,VUAA.L,Vanguard S&P 500 Accumulation UCITS ETF - VUAA.L,2024-03-03,96.37000274658203
Vanguard,VUAA.L,Vanguard S&P 500 Accumulation UCITS ETF - VUAA.L,2024-03-04,96.68000030517578
Vanguard,VUAA.L,Vanguard S&P 500 Accumulation UCITS ETF - VUAA.L,2024-03-05,95.91999816894531
Vanguard,VUAA.L,Vanguard S&P 500 Accumulation UCITS ETF - VUAA.L,2024-03-06,96.37999725341797
Vanguard,VUAA.L,Vanguard S&P 500 Accumulation UCITS ETF - VUAA.L,2024-03-07,97.04000091552734
Vanguard,VUAA.L,Vanguard S&P 500 Accumulation UCITS ETF - VUAA.L,2024-03-08,97.2300033569336
Vanguard,VUAA.L,Vanguard S&P 500 Accumulation UCITS ETF - VUAA.L,2024-03-09,97.2300033569336
Vanguard,VUAA.L,Vanguard S&P 500 Accumulation UCITS ETF - VUAA.L,2024-03-10,97.2300033569336
Vanguard,VUAA.L,Vanguard S&P 500 Accumulation UCITS ETF - VUAA.L,2024-03-11,96.41000366210938
Vanguard,VUAA.L,Vanguard S&P 500 Accumulation UCITS ETF - VUAA.L,2024-03-12,97.2300033569336
Vanguard,VUAA.L,Vanguard S&P 500 Accumulation UCITS ETF - VUAA.L,2024-03-13,97.45999908447266
Vanguard,VUAA.L,Vanguard S&P 500 Accumulation UCITS ETF - VUAA.L,2024-03-14,97.1500015258789
Vanguard,VUAA.L,Vanguard S&P 500 Accumulation UCITS ETF - VUAA.L,2024-03-15,96.38999938964844
Vanguard,VUAA.L,Vanguard S&P 500 Accumulation UCITS ETF - VUAA.L,2024-03-16,96.38999938964844
Vanguard,VUAA.L,Vanguard S&P 500 Accumulation UCITS ETF - VUAA.L,2024-03-17,96.38999938964844
Vanguard,VUAA.L,Vanguard S&P 500 Accumulation UCITS ETF - VUAA.L,2024-03-18,97.31999969482422
Vanguard,VUAA.L,Vanguard S&P 500 Accumulation UCITS ETF - VUAA.L,2024-03-19,97.3499984741211
Vanguard,VUAA.L,Vanguard S&P 500 Accumulation UCITS ETF - VUAA.L,2024-03-20,97.63999938964844
Vanguard,VUAA.L,Vanguard S&P 500 Accumulation UCITS ETF - VUAA.L,2024-03-21,99.21499633789062
Vanguard,VUAA.L,Vanguard S&P 500 Accumulation UCITS ETF - VUAA.L,2024-03-22,98.66999816894531
Vanguard,VUAA.L,Vanguard S&P 500 Accumulation UCITS ETF - VUAA.L,2024-03-23,98.66999816894531
Vanguard,VUAA.L,Vanguard S&P 500 Accumulation UCITS ETF - VUAA.L,2024-03-24,98.66999816894531
Vanguard,VUAA.L,Vanguard S&P 500 Accumulation UCITS ETF - VUAA.L,2024-03-25,98.55000305175781
Vanguard,VUAA.L,Vanguard S&P 500 Accumulation UCITS ETF - VUAA.L,2024-03-26,98.66999816894531
Vanguard,VUAA.L,Vanguard S&P 500 Accumulation UCITS ETF - VUAA.L,2024-03-27,98.48999786376953
Vanguard,VUAA.L,Vanguard S&P 500 Accumulation UCITS ETF - VUAA.L,2024-03-28,99.02999877929688
Vanguard,VUAA.L,Vanguard S&P 500 Accumulation UCITS ETF - VUAA.L,2024-03-29,99.02999877929688
Vanguard,VUAA.L,Vanguard S&P 500 Accumulation UCITS ETF - VUAA.L,2024-03-30,99.02999877929688
Vanguard,VUAA.L,Vanguard S&P 500 Accumulation UCITS ETF - VUAA.L,2024-03-31,99.02999877929688
Vanguard,VUAA.L,Vanguard S&P 500 Accumulation UCITS ETF - VUAA.L,2024-04-01,99.02999877929688
Vanguard,VUAA.L,Vanguard S&P 500 Accumulation UCITS ETF - VUAA.L,2024-04-02,98.0199966430664
Vanguard,VUAA.L,Vanguard S&P 500 Accumulation UCITS ETF - VUAA.L,2024-04-03,98.58999633789062
Vanguard,VUAA.L,Vanguard S&P 500 Accumulation UCITS ETF - VUAA.L,2024-04-04,98.98999786376953
Vanguard,VUAA.L,Vanguard S&P 500 Accumulation UCITS ETF - VUAA.L,2024-04-05,98.01000213623047
Vanguard,VUAA.L,Vanguard S&P 500 Accumulation UCITS ETF - VUAA.L,2024-04-06,98.01000213623047
Vanguard,VUAA.L,Vanguard S&P 500 Accumulation UCITS ETF - VUAA.L,2024-04-07,98.01000213623047
Vanguard,VUAA.L,Vanguard S&P 500 Accumulation UCITS ETF - VUAA.L,2024-04-08,98.31999969482422
Vanguard,VUAA.L,Vanguard S&P 500 Accumulation UCITS ETF - VUAA.L,2024-04-09,97.66999816894531
Vanguard,VUAA.L,Vanguard S&P 500 Accumulation UCITS ETF - VUAA.L,2024-04-10,97.31999969482422
Vanguard,VUAA.L,Vanguard S&P 500 Accumulation UCITS ETF - VUAA.L,2024-04-11,97.26000213623047
Vanguard,VUAA.L,Vanguard S&P 500 Accumulation UCITS ETF - VUAA.L,2024-04-12,97.26000213623047
Vanguard,VUAA.L,Vanguard S&P 500 Accumulation UCITS ETF - VUAA.L,2024-04-13,97.26000213623047
Vanguard,VUAA.L,Vanguard S&P 500 Accumulation UCITS ETF - VUAA.L,2024-04-14,97.26000213623047
Vanguard,VUAA.L,Vanguard S&P 500 Accumulation UCITS ETF - VUAA.L,2024-04-15,96.93000030517578
Vanguard,VUAA.L,Vanguard S&P 500 Accumulation UCITS ETF - VUAA.L,2024-04-16,95.41999816894531
Vanguard,VUAA.L,Vanguard S&P 500 Accumulation UCITS ETF - VUAA.L,2024-04-17,94.93000030517578
Vanguard,VUAA.L,Vanguard S&P 500 Accumulation UCITS ETF - VUAA.L,2024-04-18,95.29000091552734
Vanguard,VUAA.L,Vanguard S&P 500 Accumulation UCITS ETF - VUAA.L,2024-04-19,94.18000030517578
Vanguard,VUAA.L,Vanguard S&P 500 Accumulation UCITS ETF - VUAA.L,2024-04-20,94.18000030517578
Vanguard,VUAA.L,Vanguard S&P 500 Accumulation UCITS ETF - VUAA.L,2024-04-21,94.18000030517578
Vanguard,VUAA.L,Vanguard S&P 500 Accumulation UCITS ETF - VUAA.L,2024-04-22,94.02999877929688
Vanguard,VUAA.L,Vanguard S&P 500 Accumulation UCITS ETF - VUAA.L,2024-04-23,95.56999969482422
Vanguard,VUAA.L,Vanguard S&P 500 Accumulation UCITS ETF - VUAA.L,2024-04-24,95.6500015258789
Vanguard,VUAA.L,Vanguard S&P 500 Accumulation UCITS ETF - VUAA.L,2024-04-25,94.52999877929688
Vanguard,VUAA.L,Vanguard S&P 500 Accumulation UCITS ETF - VUAA.L,2024-04-26,96.22000122070312
Vanguard,VUAA.L,Vanguard S&P 500 Accumulation UCITS ETF - VUAA.L,2024-04-27,96.22000122070312
Vanguard,VUAA.L,Vanguard S&P 500 Accumulation UCITS ETF - VUAA.L,2024-04-28,96.22000122070312
Vanguard,VUAA.L,Vanguard S&P 500 Accumulation UCITS ETF - VUAA.L,2024-04-29,96.37000274658203
Vanguard,VUAA.L,Vanguard S&P 500 Accumulation UCITS ETF - VUAA.L,2024-04-30,95.94000244140625
Vanguard,VUAA.L,Vanguard S&P 500 Accumulation UCITS ETF - VUAA.L,2024-05-01,94.83999633789062
Vanguard,VUAA.L,Vanguard S&P 500 Accumulation UCITS ETF - VUAA.L,2024-05-02,95.01000213623047
Vanguard,VUAA.L,Vanguard S&P 500 Accumulation UCITS ETF - VUAA.L,2024-05-03,96.62000274658203
Vanguard,VUAA.L,Vanguard S&P 500 Accumulation UCITS ETF - VUAA.L,2024-05-04,96.62000274658203
Vanguard,VUAA.L,Vanguard S&P 500 Accumulation UCITS ETF - VUAA.L,2024-05-05,96.62000274658203
Vanguard,VUAA.L,Vanguard S&P 500 Accumulation UCITS ETF - VUAA.L,2024-05-06,96.62000274658203
Vanguard,VUAA.L,Vanguard S&P 500 Accumulation UCITS ETF - VUAA.L,2024-05-07,98.05000305175781
Vanguard,VUAA.L,Vanguard S&P 500 Accumulation UCITS ETF - VUAA.L,2024-05-08,97.91000366210938
Vanguard,VUAA.L,Vanguard S&P 500 Accumulation UCITS ETF - VUAA.L,2024-05-09,98.30000305175781
Vanguard,VUAA.L,Vanguard S&P 500 Accumulation UCITS ETF - VUAA.L,2024-05-10,98.52999877929688
Vanguard,VUAA.L,Vanguard S&P 500 Accumulation UCITS ETF - VUAA.L,2024-05-11,98.52999877929688
Vanguard,VUAA.L,Vanguard S&P 500 Accumulation UCITS ETF - VUAA.L,2024-05-12,98.52999877929688
Vanguard,VUAA.L,Vanguard S&P 500 Accumulation UCITS ETF - VUAA.L,2024-05-13,98.61000061035156
Vanguard,VUAA.L,Vanguard S&P 500 Accumulation UCITS ETF - VUAA.L,2024-05-14,98.69999694824219
Vanguard,VUAA.L,Vanguard S&P 500 Accumulation UCITS ETF - VUAA.L,2024-05-15,99.94999694824219
Vanguard,VUAA.L,Vanguard S&P 500 Accumulation UCITS ETF - VUAA.L,2024-05-16,100.58000183105469
Vanguard,VUAA.L,Vanguard S&P 500 Accumulation UCITS ETF - VUAA.L,2024-05-17,100.05999755859375
Vanguard,VUAA.L,Vanguard S&P 500 Accumulation UCITS ETF - VUAA.L,2024-05-18,100.05999755859375
Vanguard,VUAA.L,Vanguard S&P 500 Accumulation UCITS ETF - VUAA.L,2024-05-19,100.05999755859375
Vanguard,VUAA.L,Vanguard S&P 500 Accumulation UCITS ETF - VUAA.L,2024-05-20,100.58000183105469
Vanguard,VUAA.L,Vanguard S&P 500 Accumulation UCITS ETF - VUAA.L,2024-05-21,100.41999816894531
Vanguard,VUAA.L,Vanguard S&P 500 Accumulation UCITS ETF - VUAA.L,2024-05-22,100.4800033569336
Vanguard,VUAA.L,Vanguard S&P 500 Accumulation UCITS ETF - VUAA.L,2024-05-23,100.4800033569336
Vanguard,VUAA.L,Vanguard S&P 500 Accumulation UCITS ETF - VUAA.L,2024-05-24,100.23999786376953
Vanguard,VUAA.L,Vanguard S&P 500 Accumulation UCITS ETF - VUAA.L,2024-05-25,100.23999786376953
Vanguard,VUAA.L,Vanguard S&P 500 Accumulation UCITS ETF - VUAA.L,2024-05-26,100.23999786376953
Vanguard,VUAA.L,Vanguard S&P 500 Accumulation UCITS ETF - VUAA.L,2024-05-27,100.23999786376953
Vanguard,VUAA.L,Vanguard S&P 500 Accumulation UCITS ETF - VUAA.L,2024-05-28,100.26000213623047
Vanguard,VUAA.L,Vanguard S&P 500 Accumulation UCITS ETF - VUAA.L,2024-05-29,99.66500091552734
Vanguard,VUAA.L,Vanguard S&P 500 Accumulation UCITS ETF - VUAA.L,2024-05-30,99.30000305175781
Vanguard,VUAA.L,Vanguard S&P 500 Accumulation UCITS ETF - VUAA.L,2024-05-31,98.47000122070312
Vanguard,VUAA.L,Vanguard S&P 500 Accumulation UCITS ETF - VUAA.L,2024-06-01,98.47000122070312
Vanguard,VUAA.L,Vanguard S&P 500 Accumulation UCITS ETF - VUAA.L,2024-06-02,98.47000122070312
Vanguard,VUAA.L,Vanguard S&P 500 Accumulation UCITS ETF - VUAA.L,2024-06-03,99.63999938964844
Vanguard,VUAA.L,Vanguard S&P 500 Accumulation UCITS ETF - VUAA.L,2024-06-04,99.47000122070312
Vanguard,VUAA.L,Vanguard S&P 500 Accumulation UCITS ETF - VUAA.L,2024-06-05,100.73999786376953
Vanguard,VUAA.L,Vanguard S&P 500 Accumulation UCITS ETF - VUAA.L,2024-06-06,101.20999908447266
Vanguard,VUAA.L,Vanguard S&P 500 Accumulation UCITS ETF - VUAA.L,2024-06-07,101.33999633789062
Vanguard,VUAA.L,Vanguard S&P 500 Accumulation UCITS ETF - VUAA.L,2024-06-08,101.33999633789062
Vanguard,VUAA.L,Vanguard S&P 500 Accumulation UCITS ETF - VUAA.L,2024-06-09,101.33999633789062
Vanguard,VUAA.L,Vanguard S&P 500 Accumulation UCITS ETF - VUAA.L,2024-06-10,101.16000366210938
Vanguard,VUAA.L,Vanguard S&P 500 Accumulation UCITS ETF - VUAA.L,2024-06-11,101.22000122070312
Vanguard,VUAA.L,Vanguard S&P 500 Accumulation UCITS ETF - VUAA.L,2024-06-12,102.80000305175781
Vanguard,VUAA.L,Vanguard S&P 500 Accumulation UCITS ETF - VUAA.L,2024-06-13,102.54000091552734
Vanguard,VUAA.L,Vanguard S&P 500 Accumulation UCITS ETF - VUAA.L,2024-06-14,102.4800033569336
Vanguard,VUAA.L,Vanguard S&P 500 Accumulation UCITS ETF - VUAA.L,2024-06-15,102.4800033569336
Vanguard,VUAA.L,Vanguard S&P 500 Accumulation UCITS ETF - VUAA.L,2024-06-16,102.4800033569336
Vanguard,VUAA.L,Vanguard S&P 500 Accumulation UCITS ETF - VUAA.L,2024-06-17,102.91999816894531
Vanguard,VUAA.L,Vanguard S&P 500 Accumulation UCITS ETF - VUAA.L,2024-06-18,103.58000183105469
Vanguard,VUAA.L,Vanguard S&P 500 Accumulation UCITS ETF - VUAA.L,2024-06-19,103.87999725341797
Vanguard,VUAA.L,Vanguard S&P 500 Accumulation UCITS ETF - VUAA.L,2024-06-20,103.95999908447266
Vanguard,VUAA.L,Vanguard S&P 500 Accumulation UCITS ETF - VUAA.L,2024-06-21,103.31999969482422
Vanguard,VUAA.L,Vanguard S&P 500 Accumulation UCITS ETF - VUAA.L,2024-06-22,103.31999969482422
Vanguard,VUAA.L,Vanguard S&P 500 Accumulation UCITS ETF - VUAA.L,2024-06-23,103.31999969482422
Vanguard,VUAA.L,Vanguard S&P 500 Accumulation UCITS ETF - VUAA.L,2024-06-24,103.72000122070312
Vanguard,VUAA.L,Vanguard S&P 500 Accumulation UCITS ETF - VUAA.L,2024-06-25,103.33999633789062
Vanguard,VUAA.L,Vanguard S&P 500 Accumulation UCITS ETF - VUAA.L,2024-06-26,103.30000305175781
Vanguard,VUAA.L,Vanguard S&P 500 Accumulation UCITS ETF - VUAA.L,2024-06-27,103.54000091552734
Vanguard,VUAA.L,Vanguard S&P 500 Accumulation UCITS ETF - VUAA.L,2024-06-28,104.05999755859375
Vanguard,VUAA.L,Vanguard S&P 500 Accumulation UCITS ETF - VUAA.L,2024-06-29,104.05999755859375
Vanguard,VUAA.L,Vanguard S&P 500 Accumulation UCITS ETF - VUAA.L,2024-06-30,104.05999755859375
Vanguard,VUAA.L,Vanguard S&P 500 Accumulation UCITS ETF - VUAA.L,2024-07-01,103.33999633789062
Vanguard,VUAA.L,Vanguard S&P 500 Accumulation UCITS ETF - VUAA.L,2024-07-02,103.69999694824219
Vanguard,VUAA.L,Vanguard S&P 500 Accumulation UCITS ETF - VUAA.L,2024-07-03,104.5199966430664
Vanguard,VUAA.L,Vanguard S&P 500 Accumulation UCITS ETF - VUAA.L,2024-07-04,104.69999694824219
Vanguard,VUAA.L,Vanguard S&P 500 Accumulation UCITS ETF - VUAA.L,2024-07-05,105.04000091552734
Vanguard,VUAA.L,Vanguard S&P 500 Accumulation UCITS ETF - VUAA.L,2024-07-06,105.04000091552734
Vanguard,VUAA.L,Vanguard S&P 500 Accumulation UCITS ETF - VUAA.L,2024-07-07,105.04000091552734
Vanguard,VUAA.L,Vanguard S&P 500 Accumulation UCITS ETF - VUAA.L,2024-07-08,105.41999816894531
Vanguard,VUAA.L,Vanguard S&P 500 Accumulation UCITS ETF - VUAA.L,2024-07-09,105.62000274658203
Vanguard,VUAA.L,Vanguard S&P 500 Accumulation UCITS ETF - VUAA.L,2024-07-10,105.91999816894531
Vanguard,VUAA.L,Vanguard S&P 500 Accumulation UCITS ETF - VUAA.L,2024-07-11,105.86000061035156
Vanguard,VUAA.L,Vanguard S&P 500 Accumulation UCITS ETF - VUAA.L,2024-07-12,106.62000274658203
Vanguard,VUAA.L,Vanguard S&P 500 Accumulation UCITS ETF - VUAA.L,2024-07-13,106.62000274658203
Vanguard,VUAA.L,Vanguard S&P 500 Accumulation UCITS ETF - VUAA.L,2024-07-14,106.62000274658203
Vanguard,VUAA.L,Vanguard S&P 500 Accumulation UCITS ETF - VUAA.L,2024-07-15,107.0
Vanguard,VUAA.L,Vanguard S&P 500 Accumulation UCITS ETF - VUAA.L,2024-07-16,106.87999725341797
Vanguard,VUAA.L,Vanguard S&P 500 Accumulation UCITS ETF - VUAA.L,2024-07-17,106.04000091552734
Vanguard,VUAA.L,Vanguard S&P 500 Accumulation UCITS ETF - VUAA.L,2024-07-18,105.16000366210938
Vanguard,VUAA.L,Vanguard S&P 500 Accumulation UCITS ETF - VUAA.L,2024-07-19,104.4000015258789
Vanguard,VUAA.L,Vanguard S&P 500 Accumulation UCITS ETF - VUAA.L,2024-07-20,104.4000015258789
Vanguard,VUAA.L,Vanguard S&P 500 Accumulation UCITS ETF - VUAA.L,2024-07-21,104.4000015258789
Vanguard,VUAA.L,Vanguard S&P 500 Accumulation UCITS ETF - VUAA.L,2024-07-22,104.73999786376953
Vanguard,VUAA.L,Vanguard S&P 500 Accumulation UCITS ETF - VUAA.L,2024-07-23,105.69999694824219
Vanguard,VUAA.L,Vanguard S&P 500 Accumulation UCITS ETF - VUAA.L,2024-07-24,103.45999908447266
Vanguard,VUAA.L,Vanguard S&P 500 Accumulation UCITS ETF - VUAA.L,2024-07-25,103.18000030517578
Vanguard,VUAA.L,Vanguard S&P 500 Accumulation UCITS ETF - VUAA.L,2024-07-26,103.12000274658203
Vanguard,VUAA.L,Vanguard S&P 500 Accumulation UCITS ETF - VUAA.L,2024-07-27,103.12000274658203
Vanguard,VUAA.L,Vanguard S&P 500 Accumulation UCITS ETF - VUAA.L,2024-07-28,103.12000274658203
Vanguard,VUAA.L,Vanguard S&P 500 Accumulation UCITS ETF - VUAA.L,2024-07-29,103.12000274658203
Vanguard,VUAA.L,Vanguard S&P 500 Accumulation UCITS ETF - VUAA.L,2024-07-30,102.95999908447266
Vanguard,VUAA.L,Vanguard S&P 500 Accumulation UCITS ETF - VUAA.L,2024-07-31,104.72000122070312
Vanguard,VUAA.L,Vanguard S&P 500 Accumulation UCITS ETF - VUAA.L,2024-08-01,103.68000030517578
Vanguard,VUAA.L,Vanguard S&P 500 Accumulation UCITS ETF - VUAA.L,2024-08-02,100.63999938964844
Vanguard,VUAA.L,Vanguard S&P 500 Accumulation UCITS ETF - VUAA.L,2024-08-03,100.63999938964844
Vanguard,VUAA.L,Vanguard S&P 500 Accumulation UCITS ETF - VUAA.L,2024-08-04,100.63999938964844
Vanguard,VUAA.L,Vanguard S&P 500 Accumulation UCITS ETF - VUAA.L,2024-08-05,98.75
Vanguard,VUAA.L,Vanguard S&P 500 Accumulation UCITS ETF - VUAA.L,2024-08-06,99.4000015258789
Vanguard,VUAA.L,Vanguard S&P 500 Accumulation UCITS ETF - VUAA.L,2024-08-07,100.5999984741211
Vanguard,VUAA.L,Vanguard S&P 500 Accumulation UCITS ETF - VUAA.L,2024-08-08,100.27999877929688
Vanguard,VUAA.L,Vanguard S&P 500 Accumulation UCITS ETF - VUAA.L,2024-08-09,100.91999816894531
Vanguard,VUAA.L,Vanguard S&P 500 Accumulation UCITS ETF - VUAA.L,2024-08-10,100.91999816894531
Vanguard,VUAA.L,Vanguard S&P 500 Accumulation UCITS ETF - VUAA.L,2024-08-11,100.91999816894531
Vanguard,VUAA.L,Vanguard S&P 500 Accumulation UCITS ETF - VUAA.L,2024-08-12,101.12000274658203
Vanguard,VUAA.L,Vanguard S&P 500 Accumulation UCITS ETF - VUAA.L,2024-08-13,102.30000305175781
Vanguard,VUAA.L,Vanguard S&P 500 Accumulation UCITS ETF - VUAA.L,2024-08-14,103.27999877929688
Vanguard,VUAA.L,Vanguard S&P 500 Accumulation UCITS ETF - VUAA.L,2024-08-15,104.72000122070312
Vanguard,VUAA.L,Vanguard S&P 500 Accumulation UCITS ETF - VUAA.L,2024-08-16,104.94000244140625
Vanguard,VUAA.L,Vanguard S&P 500 Accumulation UCITS ETF - VUAA.L,2024-08-17,104.94000244140625
Vanguard,VUAA.L,Vanguard S&P 500 Accumulation UCITS ETF - VUAA.L,2024-08-18,104.94000244140625
Vanguard,VUAA.L,Vanguard S&P 500 Accumulation UCITS ETF - VUAA.L,2024-08-19,105.72000122070312
Vanguard,VUAA.L,Vanguard S&P 500 Accumulation UCITS ETF - VUAA.L,2024-08-20,106.0
Vanguard,VUAA.L,Vanguard S&P 500 Accumulation UCITS ETF - VUAA.L,2024-08-21,106.26000213623047
Vanguard,VUAA.L,Vanguard S&P 500 Accumulation UCITS ETF - VUAA.L,2024-08-22,106.18000030517578
Vanguard,VUAA.L,Vanguard S&P 500 Accumulation UCITS ETF - VUAA.L,2024-08-23,106.68000030517578
Vanguard,VUAA.L,Vanguard S&P 500 Accumulation UCITS ETF - VUAA.L,2024-08-24,106.68000030517578
Vanguard,VUAA.L,Vanguard S&P 500 Accumulation UCITS ETF - VUAA.L,2024-08-25,106.68000030517578
Vanguard,VUAA.L,Vanguard S&P 500 Accumulation UCITS ETF - VUAA.L,2024-08-26,106.68000030517578
Vanguard,VUAA.L,Vanguard S&P 500 Accumulation UCITS ETF - VUAA.L,2024-08-27,106.37999725341797
Vanguard,VUAA.L,Vanguard S&P 500 Accumulation UCITS ETF - VUAA.L,2024-08-28,105.94000244140625
Vanguard,VUAA.L,Vanguard S&P 500 Accumulation UCITS ETF - VUAA.L,2024-08-29,106.80000305175781
Vanguard,VUAA.L,Vanguard S&P 500 Accumulation UCITS ETF - VUAA.L,2024-08-30,106.0199966430664
Vanguard,VUAA.L,Vanguard S&P 500 Accumulation UCITS ETF - VUAA.L,2024-08-31,106.0199966430664
Vanguard,VUAA.L,Vanguard S&P 500 Accumulation UCITS ETF - VUAA.L,2024-09-01,106.0199966430664
Vanguard,VUAA.L,Vanguard S&P 500 Accumulation UCITS ETF - VUAA.L,2024-09-02,107.04000091552734
Vanguard,VUAA.L,Vanguard S&P 500 Accumulation UCITS ETF - VUAA.L,2024-09-03,105.68000030517578
Vanguard,VUAA.L,Vanguard S&P 500 Accumulation UCITS ETF - VUAA.L,2024-09-04,104.81999969482422
Vanguard,VUAA.L,Vanguard S&P 500 Accumulation UCITS ETF - VUAA.L,2024-09-05,104.05999755859375
Vanguard,VUAA.L,Vanguard S&P 500 Accumulation UCITS ETF - VUAA.L,2024-09-06,102.87999725341797
Vanguard,VUAA.L,Vanguard S&P 500 Accumulation UCITS ETF - VUAA.L,2024-09-07,102.87999725341797
Vanguard,VUAA.L,Vanguard S&P 500 Accumulation UCITS ETF - VUAA.L,2024-09-08,102.87999725341797
Vanguard,VUAA.L,Vanguard S&P 500 Accumulation UCITS ETF - VUAA.L,2024-09-09,103.45999908447266
Vanguard,VUAA.L,Vanguard S&P 500 Accumulation UCITS ETF - VUAA.L,2024-09-10,103.87999725341797
Vanguard,VUAA.L,Vanguard S&P 500 Accumulation UCITS ETF - VUAA.L,2024-09-11,103.04000091552734
Vanguard,VUAA.L,Vanguard S&P 500 Accumulation UCITS ETF - VUAA.L,2024-09-12,105.41999816894531
Vanguard,VUAA.L,Vanguard S&P 500 Accumulation UCITS ETF - VUAA.L,2024-09-13,106.72000122070312
Vanguard,VUAA.L,Vanguard S&P 500 Accumulation UCITS ETF - VUAA.L,2024-09-14,106.72000122070312
Vanguard,VUAA.L,Vanguard S&P 500 Accumulation UCITS ETF - VUAA.L,2024-09-15,106.72000122070312
Vanguard,VUAA.L,Vanguard S&P 500 Accumulation UCITS ETF - VUAA.L,2024-09-16,106.54000091552734
Vanguard,VUAA.L,Vanguard S&P 500 Accumulation UCITS ETF - VUAA.L,2024-09-17,107.27999877929688
Vanguard,VUAA.L,Vanguard S&P 500 Accumulation UCITS ETF - VUAA.L,2024-09-18,106.73999786376953
Vanguard,VUAA.L,Vanguard S&P 500 Accumulation UCITS ETF - VUAA.L,2024-09-19,108.37999725341797
Vanguard,VUAA.L,Vanguard S&P 500 Accumulation UCITS ETF - VUAA.L,2024-09-20,107.87999725341797
Vanguard,VUAA.L,Vanguard S&P 500 Accumulation UCITS ETF - VUAA.L,2024-09-21,107.87999725341797
Vanguard,VUAA.L,Vanguard S&P 500 Accumulation UCITS ETF - VUAA.L,2024-09-22,107.87999725341797
Vanguard,VUAA.L,Vanguard S&P 500 Accumulation UCITS ETF - VUAA.L,2024-09-23,108.5199966430664
Vanguard,VUAA.L,Vanguard S&P 500 Accumulation UCITS ETF - VUAA.L,2024-09-24,108.55999755859375
Vanguard,VUAA.L,Vanguard S&P 500 Accumulation UCITS ETF - VUAA.L,2024-09-25,108.69999694824219
Vanguard,VUAA.L,Vanguard S&P 500 Accumulation UCITS ETF - VUAA.L,2024-09-26,108.77999877929688
Vanguard,VUAA.L,Vanguard S&P 500 Accumulation UCITS ETF - VUAA.L,2024-09-27,109.05999755859375
Vanguard,VUAA.L,Vanguard S&P 500 Accumulation UCITS ETF - VUAA.L,2024-09-28,109.05999755859375
Vanguard,VUAA.L,Vanguard S&P 500 Accumulation UCITS ETF - VUAA.L,2024-09-29,109.05999755859375
Vanguard,VUAA.L,Vanguard S&P 500 Accumulation UCITS ETF - VUAA.L,2024-09-30,108.81999969482422
Vanguard,VUAA.L,Vanguard S&P 500 Accumulation UCITS ETF - VUAA.L,2024-10-01,108.23999786376953
Vanguard,VUAA.L,Vanguard S&P 500 Accumulation UCITS ETF - VUAA.L,2024-10-02,108.45999908447266
Vanguard,VUAA.L,Vanguard S&P 500 Accumulation UCITS ETF - VUAA.L,2024-10-03,108.18000030517578
Vanguard,VUAA.L,Vanguard S&P 500 Accumulation UCITS ETF - VUAA.L,2024-10-04,108.33999633789062
Vanguard,VUAA.L,Vanguard S&P 500 Accumulation UCITS ETF - VUAA.L,2024-10-05,108.33999633789062
Vanguard,VUAA.L,Vanguard S&P 500 Accumulation UCITS ETF - VUAA.L,2024-10-06,108.33999633789062
Vanguard,VUAA.L,Vanguard S&P 500 Accumulation UCITS ETF - VUAA.L,2024-10-07,108.86000061035156
Vanguard,VUAA.L,Vanguard S&P 500 Accumulation UCITS ETF - VUAA.L,2024-10-08,108.87999725341797
Vanguard,VUAA.L,Vanguard S&P 500 Accumulation UCITS ETF - VUAA.L,2024-10-09,109.69999694824219
Vanguard,VUAA.L,Vanguard S&P 500 Accumulation UCITS ETF - VUAA.L,2024-10-10,109.76000213623047
Vanguard,VUAA.L,Vanguard S&P 500 Accumulation UCITS ETF - VUAA.L,2024-10-11,110.30000305175781
Vanguard,VUAA.L,Vanguard S&P 500 Accumulation UCITS ETF - VUAA.L,2024-10-12,110.30000305175781
Vanguard,VUAA.L,Vanguard S&P 500 Accumulation UCITS ETF - VUAA.L,2024-10-13,110.30000305175781
Vanguard,VUAA.L,Vanguard S&P 500 Accumulation UCITS ETF - VUAA.L,2024-10-14,111.0
Vanguard,VUAA.L,Vanguard S&P 500 Accumulation UCITS ETF - VUAA.L,2024-10-15,110.87999725341797
Vanguard,VUAA.L,Vanguard S&P 500 Accumulation UCITS ETF - VUAA.L,2024-10-16,110.54000091552734
Vanguard,VUAA.L,Vanguard S&P 500 Accumulation UCITS ETF - VUAA.L,2024-10-17,111.27999877929688
Vanguard,VUAA.L,Vanguard S&P 500 Accumulation UCITS ETF - VUAA.L,2024-10-18,111.18000030517578
Vanguard,VUAA.L,Vanguard S&P 500 Accumulation UCITS ETF - VUAA.L,2024-10-19,111.18000030517578
Vanguard,VUAA.L,Vanguard S&P 500 Accumulation UCITS ETF - VUAA.L,2024-10-20,111.18000030517578
Vanguard,VUAA.L,Vanguard S&P 500 Accumulation UCITS ETF - VUAA.L,2024-10-21,110.62000274658203
Vanguard,VUAA.L,Vanguard S&P 500 Accumulation UCITS ETF - VUAA.L,2024-10-22,110.86000061035156
Vanguard,VUAA.L,Vanguard S&P 500 Accumulation UCITS ETF - VUAA.L,2024-10-23,110.22000122070312
Vanguard,VUAA.L,Vanguard S&P 500 Accumulation UCITS ETF - VUAA.L,2024-10-24,110.19999694824219
Vanguard,VUAA.L,Vanguard S&P 500 Accumulation UCITS ETF - VUAA.L,2024-10-25,110.91999816894531
Vanguard,VUAA.L,Vanguard S&P 500 Accumulation UCITS ETF - VUAA.L,2024-10-26,110.91999816894531
Vanguard,VUAA.L,Vanguard S&P 500 Accumulation UCITS ETF - VUAA.L,2024-10-27,110.91999816894531
Vanguard,VUAA.L,Vanguard S&P 500 Accumulation UCITS ETF - VUAA.L,2024-10-28,110.63999938964844
Vanguard,VUAA.L,Vanguard S&P 500 Accumulation UCITS ETF - VUAA.L,2024-10-29,110.66000366210938
Vanguard,VUAA.L,Vanguard S&P 500 Accumulation UCITS ETF - VUAA.L,2024-10-30,110.91999816894531
Vanguard,VUAA.L,Vanguard S&P 500 Accumulation UCITS ETF - VUAA.L,2024-10-31,108.72000122070312
Vanguard,VUAA.L,Vanguard S&P 500 Accumulation UCITS ETF - VUAA.L,2024-11-01,109.33999633789062
Vanguard,VUAA.L,Vanguard S&P 500 Accumulation UCITS ETF - VUAA.L,2024-11-02,109.33999633789062
Vanguard,VUAA.L,Vanguard S&P 500 Accumulation UCITS ETF - VUAA.L,2024-11-03,109.33999633789062
Vanguard,VUAA.L,Vanguard S&P 500 Accumulation UCITS ETF - VUAA.L,2024-11-04,108.63999938964844
Vanguard,VUAA.L,Vanguard S&P 500 Accumulation UCITS ETF - VUAA.L,2024-11-05,109.5199966430664
Vanguard,VUAA.L,Vanguard S&P 500 Accumulation UCITS ETF - VUAA.L,2024-11-06,112.0199966430664
Vanguard,VUAA.L,Vanguard S&P 500 Accumulation UCITS ETF - VUAA.L,2024-11-07,113.30000305175781
Vanguard,VUAA.L,Vanguard S&P 500 Accumulation UCITS ETF - VUAA.L,2024-11-08,113.86000061035156
Vanguard,VUAA.L,Vanguard S&P 500 Accumulation UCITS ETF - VUAA.L,2024-11-09,113.86000061035156
Vanguard,VUAA.L,Vanguard S&P 500 Accumulation UCITS ETF - VUAA.L,2024-11-10,113.86000061035156
Vanguard,VUAA.L,Vanguard S&P 500 Accumulation UCITS ETF - VUAA.L,2024-11-11,114.12000274658203
Vanguard,VUAA.L,Vanguard S&P 500 Accumulation UCITS ETF - VUAA.L,2024-11-12,113.72000122070312
Vanguard,VUAA.L,Vanguard S&P 500 Accumulation UCITS ETF - VUAA.L,2024-11-13,113.86000061035156
Vanguard,VUAA.L,Vanguard S&P 500 Accumulation UCITS ETF - VUAA.L,2024-11-14,113.5199966430664
Vanguard,VUAA.L,Vanguard S&P 500 Accumulation UCITS ETF - VUAA.L,2024-11-15,111.69999694824219
Vanguard,VUAA.L,Vanguard S&P 500 Accumulation UCITS ETF - VUAA.L,2024-11-16,111.69999694824219
Vanguard,VUAA.L,Vanguard S&P 500 Accumulation UCITS ETF - VUAA.L,2024-11-17,111.69999694824219
Vanguard,VUAA.L,Vanguard S&P 500 Accumulation UCITS ETF - VUAA.L,2024-11-18,112.16000366210938
Vanguard,VUAA.L,Vanguard S&P 500 Accumulation UCITS ETF - VUAA.L,2024-11-19,112.12000274658203
Vanguard,VUAA.L,Vanguard S&P 500 Accumulation UCITS ETF - VUAA.L,2024-11-20,111.54000091552734
Vanguard,VUAA.L,Vanguard S&P 500 Accumulation UCITS ETF - VUAA.L,2024-11-21,112.86000061035156
Vanguard,VUAA.L,Vanguard S&P 500 Accumulation UCITS ETF - VUAA.L,2024-11-22,113.12000274658203
Vanguard,VUAA.L,Vanguard S&P 500 Accumulation UCITS ETF - VUAA.L,2024-11-23,113.12000274658203
Vanguard,VUAA.L,Vanguard S&P 500 Accumulation UCITS ETF - VUAA.L,2024-11-24,113.12000274658203
Vanguard,VUAA.L,Vanguard S&P 500 Accumulation UCITS ETF - VUAA.L,2024-11-25,113.81999969482422
Vanguard,VUAA.L,Vanguard S&P 500 Accumulation UCITS ETF - VUAA.L,2024-11-26,114.18000030517578
Vanguard,VUAA.L,Vanguard S&P 500 Accumulation UCITS ETF - VUAA.L,2024-11-27,114.0
Vanguard,VUAA.L,Vanguard S&P 500 Accumulation UCITS ETF - VUAA.L,2024-11-28,114.27999877929688
Vanguard,VUAA.L,Vanguard S&P 500 Accumulation UCITS ETF - VUAA.L,2024-11-29,114.68000030517578
Vanguard,VUAA.L,Vanguard S&P 500 Accumulation UCITS ETF - VUAA.L,2024-11-30,114.68000030517578
Vanguard,VUAA.L,Vanguard S&P 500 Accumulation UCITS ETF - VUAA.L,2024-12-01,114.68000030517578
Vanguard,VUAA.L,Vanguard S&P 500 Accumulation UCITS ETF - VUAA.L,2024-12-02,114.86000061035156
Vanguard,VUAA.L,Vanguard S&P 500 Accumulation UCITS ETF - VUAA.L,2024-12-03,114.83999633789062
Vanguard,VUAA.L,Vanguard S&P 500 Accumulation UCITS ETF - VUAA.L,2024-12-04,115.45999908447266
Vanguard,VUAA.L,Vanguard S&P 500 Accumulation UCITS ETF - VUAA.L,2024-12-05,115.63999938964844
Vanguard,VUAA.L,Vanguard S&P 500 Accumulation UCITS ETF - VUAA.L,2024-12-06,115.77999877929688
Vanguard,VUAA.L,Vanguard S&P 500 Accumulation UCITS ETF - VUAA.L,2024-12-07,115.77999877929688
Vanguard,VUAA.L,Vanguard S&P 500 Accumulation UCITS ETF - VUAA.L,2024-12-08,115.77999877929688
Vanguard,VUAA.L,Vanguard S&P 500 Accumulation UCITS ETF - VUAA.L,2024-12-09,115.30000305175781
Vanguard,VUAA.L,Vanguard S&P 500 Accumulation UCITS ETF - VUAA.L,2024-12-10,115.08000183105469
Vanguard,VUAA.L,Vanguard S&P 500 Accumulation UCITS ETF - VUAA.L,2024-12-11,115.63999938964844
Vanguard,VUAA.L,Vanguard S&P 500 Accumulation UCITS ETF - VUAA.L,2024-12-12,115.5199966430664
Vanguard,VUAA.L,Vanguard S&P 500 Accumulation UCITS ETF - VUAA.L,2024-12-13,115.12000274658203
Vanguard,VUAA.L,Vanguard S&P 500 Accumulation UCITS ETF - VUAA.L,2024-12-14,115.12000274658203
Vanguard,VUAA.L,Vanguard S&P 500 Accumulation UCITS ETF - VUAA.L,2024-12-15,115.12000274658203
Vanguard,VUAA.L,Vanguard S&P 500 Accumulation UCITS ETF - VUAA.L,2024-12-16,115.4800033569336
Vanguard,VUAA.L,Vanguard S&P 500 Accumulation UCITS ETF - VUAA.L,2024-12-17,115.13999938964844
Vanguard,VUAA.L,Vanguard S&P 500 Accumulation UCITS ETF - VUAA.L,2024-12-18,115.19999694824219
Vanguard,VUAA.L,Vanguard S&P 500 Accumulation UCITS ETF - VUAA.L,2024-12-19,112.37999725341797
Vanguard,VUAA.L,Vanguard S&P 500 Accumulation UCITS ETF - VUAA.L,2024-12-20,113.19999694824219
Vanguard,VUAA.L,Vanguard S&P 500 Accumulation UCITS ETF - VUAA.L,2024-12-21,113.19999694824219
Vanguard,VUAA.L,Vanguard S&P 500 Accumulation UCITS ETF - VUAA.L,2024-12-22,113.19999694824219
Vanguard,VUAA.L,Vanguard S&P 500 Accumulation UCITS ETF - VUAA.L,2024-12-23,112.81999969482422
Vanguard,VUAA.L,Vanguard S&P 500 Accumulation UCITS ETF - VUAA.L,2024-12-24,113.73999786376953
Vanguard,VUAA.L,Vanguard S&P 500 Accumulation UCITS ETF - VUAA.L,2024-12-25,113.73999786376953
Vanguard,VUAA.L,Vanguard S&P 500 Accumulation UCITS ETF - VUAA.L,2024-12-26,113.73999786376953
Vanguard,VUAA.L,Vanguard S&P 500 Accumulation UCITS ETF - VUAA.L,2024-12-27,113.5199966430664
Vanguard,VUAA.L,Vanguard S&P 500 Accumulation UCITS ETF - VUAA.L,2024-12-28,113.5199966430664
Vanguard,VUAA.L,Vanguard S&P 500 Accumulation UCITS ETF - VUAA.L,2024-12-29,113.5199966430664
Vanguard,VUAA.L,Vanguard S&P 500 Accumulation UCITS ETF - VUAA.L,2024-12-30,112.4000015258789
Vanguard,VUAA.L,Vanguard S&P 500 Accumulation UCITS ETF - VUAA.L,2024-12-31,112.81999969482422
Vanguard,VUAA.L,Vanguard S&P 500 Accumulation UCITS ETF - VUAA.L,2025-01-01,112.81999969482422
Vanguard,VUAA.L,Vanguard S&P 500 Accumulation UCITS ETF - VUAA.L,2025-01-02,112.19999694824219
Vanguard,VUAA.L,Vanguard S&P 500 Accumulation UCITS ETF - VUAA.L,2025-01-03,112.68000030517578
Vanguard,VUAA.L,Vanguard S&P 500 Accumulation UCITS ETF - VUAA.L,2025-01-04,112.68000030517578
Vanguard,VUAA.L,Vanguard S&P 500 Accumulation UCITS ETF - VUAA.L,2025-01-05,112.68000030517578
Vanguard,VUAA.L,Vanguard S&P 500 Accumulation UCITS ETF - VUAA.L,2025-01-06,114.45999908447266
Vanguard,VUAA.L,Vanguard S&P 500 Accumulation UCITS ETF - VUAA.L,2025-01-07,113.05999755859375
Vanguard,VUAA.L,Vanguard S&P 500 Accumulation UCITS ETF - VUAA.L,2025-01-08,112.36000061035156
Vanguard,VUAA.L,Vanguard S&P 500 Accumulation UCITS ETF - VUAA.L,2025-01-09,112.19999694824219
Vanguard,VUAA.L,Vanguard S&P 500 Accumulation UCITS ETF - VUAA.L,2025-01-10,110.68000030517578
Vanguard,VUAA.L,Vanguard S&P 500 Accumulation UCITS ETF - VUAA.L,2025-01-11,110.68000030517578
Vanguard,VUAA.L,Vanguard S&P 500 Accumulation UCITS ETF - VUAA.L,2025-01-12,110.68000030517578
Vanguard,VUAA.L,Vanguard S&P 500 Accumulation UCITS ETF - VUAA.L,2025-01-13,110.27999877929688
Vanguard,VUAA.L,Vanguard S&P 500 Accumulation UCITS ETF - VUAA.L,2025-01-14,110.94000244140625
Vanguard,VUAA.L,Vanguard S&P 500 Accumulation UCITS ETF - VUAA.L,2025-01-15,112.66000366210938
Vanguard,VUAA.L,Vanguard S&P 500 Accumulation UCITS ETF - VUAA.L,2025-01-16,113.30000305175781
Vanguard,VUAA.L,Vanguard S&P 500 Accumulation UCITS ETF - VUAA.L,2025-01-17,114.26000213623047
Vanguard,VUAA.L,Vanguard S&P 500 Accumulation UCITS ETF - VUAA.L,2025-01-18,114.26000213623047
Vanguard,VUAA.L,Vanguard S&P 500 Accumulation UCITS ETF - VUAA.L,2025-01-19,114.26000213623047
Vanguard,VUAA.L,Vanguard S&P 500 Accumulation UCITS ETF - VUAA.L,2025-01-20,114.5999984741211
Vanguard,VUAA.L,Vanguard S&P 500 Accumulation UCITS ETF - VUAA.L,2025-01-21,114.76000213623047
Vanguard,VUAA.L,Vanguard S&P 500 Accumulation UCITS ETF - VUAA.L,2025-01-22,115.9800033569336
Vanguard,VUAA.L,Vanguard S&P 500 Accumulation UCITS ETF - VUAA.L,2025-01-23,116.0199966430664
Vanguard,VUAA.L,Vanguard S&P 500 Accumulation UCITS ETF - VUAA.L,2025-01-24,116.45999908447266
Vanguard,VUAA.L,Vanguard S&P 500 Accumulation UCITS ETF - VUAA.L,2025-01-25,116.45999908447266
Vanguard,VUAA.L,Vanguard S&P 500 Accumulation UCITS ETF - VUAA.L,2025-01-26,116.45999908447266
Vanguard,VUAA.L,Vanguard S&P 500 Accumulation UCITS ETF - VUAA.L,2025-01-27,113.95999908447266
Vanguard,VUAA.L,Vanguard S&P 500 Accumulation UCITS ETF - VUAA.L,2025-01-28,114.87999725341797
Vanguard,VUAA.L,Vanguard S&P 500 Accumulation UCITS ETF - VUAA.L,2025-01-29,115.0999984741211
Vanguard,VUAA.L,Vanguard S&P 500 Accumulation UCITS ETF - VUAA.L,2025-01-30,115.0
Vanguard,VUAA.L,Vanguard S&P 500 Accumulation UCITS ETF - VUAA.L,2025-01-31,116.27999877929688
Vanguard,VUAA.L,Vanguard S&P 500 Accumulation UCITS ETF - VUAA.L,2025-02-01,116.27999877929688
Vanguard,VUAA.L,Vanguard S&P 500 Accumulation UCITS ETF - VUAA.L,2025-02-02,116.27999877929688
Vanguard,VUAA.L,Vanguard S&P 500 Accumulation UCITS ETF - VUAA.L,2025-02-03,114.23999786376953
Vanguard,VUAA.L,Vanguard S&P 500 Accumulation UCITS ETF - VUAA.L,2025-02-04,114.94000244140625
Vanguard,VUAA.L,Vanguard S&P 500 Accumulation UCITS ETF - VUAA.L,2025-02-05,114.83999633789062
Vanguard,VUAA.L,Vanguard S&P 500 Accumulation UCITS ETF - VUAA.L,2025-02-06,115.62000274658203
Vanguard,VUAA.L,Vanguard S&P 500 Accumulation UCITS ETF - VUAA.L,2025-02-07,115.08000183105469
Vanguard,VUAA.L,Vanguard S&P 500 Accumulation UCITS ETF - VUAA.L,2025-02-08,115.08000183105469
Vanguard,VUAA.L,Vanguard S&P 500 Accumulation UCITS ETF - VUAA.L,2025-02-09,115.08000183105469
Vanguard,VUAA.L,Vanguard S&P 500 Accumulation UCITS ETF - VUAA.L,2025-02-10,115.33999633789062
Vanguard,VUAA.L,Vanguard S&P 500 Accumulation UCITS ETF - VUAA.L,2025-02-11,115.44000244140625
Vanguard,VUAA.L,Vanguard S&P 500 Accumulation UCITS ETF - VUAA.L,2025-02-12,114.73999786376953
Vanguard,VUAA.L,Vanguard S&P 500 Accumulation UCITS ETF - VUAA.L,2025-02-13,115.9000015258789
Vanguard,VUAA.L,Vanguard S&P 500 Accumulation UCITS ETF - VUAA.L,2025-02-14,116.44000244140625
Vanguard,VUAA.L,Vanguard S&P 500 Accumulation UCITS ETF - VUAA.L,2025-02-15,116.44000244140625
Vanguard,VUAA.L,Vanguard S&P 500 Accumulation UCITS ETF - VUAA.L,2025-02-16,116.44000244140625
Vanguard,VUAA.L,Vanguard S&P 500 Accumulation UCITS ETF - VUAA.L,2025-02-17,116.68000030517578
Vanguard,VUAA.L,Vanguard S&P 500 Accumulation UCITS ETF - VUAA.L,2025-02-18,116.5
Vanguard,VUAA.L,Vanguard S&P 500 Accumulation UCITS ETF - VUAA.L,2025-02-19,116.69999694824219
Vanguard,VUAA.L,Vanguard S&P 500 Accumulation UCITS ETF - VUAA.L,2025-02-20,116.05999755859375
Vanguard,VUAA.L,Vanguard S&P 500 Accumulation UCITS ETF - VUAA.L,2025-02-21,115.95999908447266
Vanguard,VUAA.L,Vanguard S&P 500 Accumulation UCITS ETF - VUAA.L,2025-02-22,115.95999908447266
Vanguard,VUAA.L,Vanguard S&P 500 Accumulation UCITS ETF - VUAA.L,2025-02-23,115.95999908447266
Vanguard,VUAA.L,Vanguard S&P 500 Accumulation UCITS ETF - VUAA.L,2025-02-24,114.58000183105469
Vanguard,VUAA.L,Vanguard S&P 500 Accumulation UCITS ETF - VUAA.L,2025-02-25,112.73999786376953
Vanguard,VUAA.L,Vanguard S&P 500 Accumulation UCITS ETF - VUAA.L,2025-02-26,114.33999633789062
Vanguard,VUAA.L,Vanguard S&P 500 Accumulation UCITS ETF - VUAA.L,2025-02-27,113.55999755859375
Vanguard,VUAA.L,Vanguard S&P 500 Accumulation UCITS ETF - VUAA.L,2025-02-28,112.04000091552734
Vanguard,VUAA.L,Vanguard S&P 500 Accumulation UCITS ETF - VUAA.L,2025-03-01,112.04000091552734
Vanguard,VUAA.L,Vanguard S&P 500 Accumulation UCITS ETF - VUAA.L,2025-03-02,112.04000091552734
Vanguard,VUAA.L,Vanguard S&P 500 Accumulation UCITS ETF - VUAA.L,2025-03-03,113.0999984741211
Vanguard,VUAA.L,Vanguard S&P 500 Accumulation UCITS ETF - VUAA.L,2025-03-04,109.45999908447266
Vanguard,VUAA.L,Vanguard S&P 500 Accumulation UCITS ETF - VUAA.L,2025-03-05,109.5
Vanguard,VUAA.L,Vanguard S&P 500 Accumulation UCITS ETF - VUAA.L,2025-03-06,110.4800033569336
Vanguard,VUAA.L,Vanguard S&P 500 Accumulation UCITS ETF - VUAA.L,2025-03-07,108.41999816894531
Vanguard,VUAA.L,Vanguard S&P 500 Accumulation UCITS ETF - VUAA.L,2025-03-08,108.41999816894531
Vanguard,VUAA.L,Vanguard S&P 500 Accumulation UCITS ETF - VUAA.L,2025-03-09,108.41999816894531
Vanguard,VUAA.L,Vanguard S&P 500 Accumulation UCITS ETF - VUAA.L,2025-03-10,107.5999984741211
Vanguard,VUAA.L,Vanguard S&P 500 Accumulation UCITS ETF - VUAA.L,2025-03-11,106.19999694824219
Vanguard,VUAA.L,Vanguard S&P 500 Accumulation UCITS ETF - VUAA.L,2025-03-12,107.0999984741211
Vanguard,VUAA.L,Vanguard S&P 500 Accumulation UCITS ETF - VUAA.L,2025-03-13,105.69999694824219
Vanguard,VUAA.L,Vanguard S&P 500 Accumulation UCITS ETF - VUAA.L,2025-03-14,106.9800033569336
Vanguard,VUAA.L,Vanguard S&P 500 Accumulation UCITS ETF - VUAA.L,2025-03-15,106.9800033569336
Vanguard,VUAA.L,Vanguard S&P 500 Accumulation UCITS ETF - VUAA.L,2025-03-16,106.9800033569336
Vanguard,VUAA.L,Vanguard S&P 500 Accumulation UCITS ETF - VUAA.L,2025-03-17,107.63999938964844
Vanguard,VUAA.L,Vanguard S&P 500 Accumulation UCITS ETF - VUAA.L,2025-03-18,107.13999938964844
Vanguard,VUAA.L,Vanguard S&P 500 Accumulation UCITS ETF - VUAA.L,2025-03-19,107.83999633789062
Vanguard,VUAA.L,Vanguard S&P 500 Accumulation UCITS ETF - VUAA.L,2025-03-20,108.0199966430664
Vanguard,VUAA.L,Vanguard S&P 500 Accumulation UCITS ETF - VUAA.L,2025-03-21,107.6500015258789
Vanguard,VUAA.L,Vanguard S&P 500 Accumulation UCITS ETF - VUAA.L,2025-03-22,107.6500015258789
Vanguard,VUAA.L,Vanguard S&P 500 Accumulation UCITS ETF - VUAA.L,2025-03-23,107.6500015258789
Vanguard,VUAA.L,Vanguard S&P 500 Accumulation UCITS ETF - VUAA.L,2025-03-24,109.80000305175781
Vanguard,VUAA.L,Vanguard S&P 500 Accumulation UCITS ETF - VUAA.L,2025-03-25,109.9800033569336
Vanguard,VUAA.L,Vanguard S&P 500 Accumulation UCITS ETF - VUAA.L,2025-03-26,109.33999633789062
Vanguard,VUAA.L,Vanguard S&P 500 Accumulation UCITS ETF - VUAA.L,2025-03-27,108.91999816894531
Vanguard,VUAA.L,Vanguard S&P 500 Accumulation UCITS ETF - VUAA.L,2025-03-28,106.68000030517578
Vanguard,VUAA.L,Vanguard S&P 500 Accumulation UCITS ETF - VUAA.L,2025-03-29,106.68000030517578
Vanguard,VUAA.L,Vanguard S&P 500 Accumulation UCITS ETF - VUAA.L,2025-03-30,106.68000030517578
Vanguard,VUAA.L,Vanguard S&P 500 Accumulation UCITS ETF - VUAA.L,2025-03-31,105.86000061035156
Vanguard,VUAA.L,Vanguard S&P 500 Accumulation UCITS ETF - VUAA.L,2025-04-01,107.4000015258789
Vanguard,VUAA.L,Vanguard S&P 500 Accumulation UCITS ETF - VUAA.L,2025-04-02,107.91999816894531
Vanguard,VUAA.L,Vanguard S&P 500 Accumulation UCITS ETF - VUAA.L,2025-04-03,103.9000015258789
Vanguard,VUAA.L,Vanguard S&P 500 Accumulation UCITS ETF - VUAA.L,2025-04-04,98.80000305175781
Vanguard,VUAA.L,Vanguard S&P 500 Accumulation UCITS ETF - VUAA.L,2025-04-05,98.80000305175781
Vanguard,VUAA.L,Vanguard S&P 500 Accumulation UCITS ETF - VUAA.L,2025-04-06,98.80000305175781
Vanguard,VUAA.L,Vanguard S&P 500 Accumulation UCITS ETF - VUAA.L,2025-04-07,95.23999786376953
Vanguard,VUAA.L,Vanguard S&P 500 Accumulation UCITS ETF - VUAA.L,2025-04-08,98.68000030517578
Vanguard,VUAA.L,Vanguard S&P 500 Accumulation UCITS ETF - VUAA.L,2025-04-09,95.23999786376953
Vanguard,VUAA.L,Vanguard S&P 500 Accumulation UCITS ETF - VUAA.L,2025-04-10,100.22000122070312
Vanguard,VUAA.L,Vanguard S&P 500 Accumulation UCITS ETF - VUAA.L,2025-04-11,100.26000213623047
Vanguard,VUAA.L,Vanguard S&P 500 Accumulation UCITS ETF - VUAA.L,2025-04-12,100.26000213623047
Vanguard,VUAA.L,Vanguard S&P 500 Accumulation UCITS ETF - VUAA.L,2025-04-13,100.26000213623047
Vanguard,VUAA.L,Vanguard S&P 500 Accumulation UCITS ETF - VUAA.L,2025-04-14,103.30000305175781
Vanguard,VUAA.L,Vanguard S&P 500 Accumulation UCITS ETF - VUAA.L,2025-04-15,103.4800033569336
Vanguard,VUAA.L,Vanguard S&P 500 Accumulation UCITS ETF - VUAA.L,2025-04-16,102.18000030517578
Vanguard,VUAA.L,Vanguard S&P 500 Accumulation UCITS ETF - VUAA.L,2025-04-17,100.95999908447266
Vanguard,VUAA.L,Vanguard S&P 500 Accumulation UCITS ETF - VUAA.L,2025-04-18,100.95999908447266
Vanguard,VUAA.L,Vanguard S&P 500 Accumulation UCITS ETF - VUAA.L,2025-04-19,100.95999908447266
Vanguard,VUAA.L,Vanguard S&P 500 Accumulation UCITS ETF - VUAA.L,2025-04-20,100.95999908447266
Vanguard,VUAA.L,Vanguard S&P 500 Accumulation UCITS ETF - VUAA.L,2025-04-21,100.95999908447266
Vanguard,VUAA.L,Vanguard S&P 500 Accumulation UCITS ETF - VUAA.L,2025-04-22,100.4800033569336
Vanguard,VUAA.L,Vanguard S&P 500 Accumulation UCITS ETF - VUAA.L,2025-04-23,103.12000274658203
Vanguard,VUAA.L,Vanguard S&P 500 Accumulation UCITS ETF - VUAA.L,2025-04-24,103.91999816894531
Vanguard,VUAA.L,Vanguard S&P 500 Accumulation UCITS ETF - VUAA.L,2025-04-25,104.62000274658203
Vanguard,VUAA.L,Vanguard S&P 500 Accumulation UCITS ETF - VUAA.L,2025-04-26,104.62000274658203
Vanguard,VUAA.L,Vanguard S&P 500 Accumulation UCITS ETF - VUAA.L,2025-04-27,104.62000274658203
Vanguard,VUAA.L,Vanguard S&P 500 Accumulation UCITS ETF - VUAA.L,2025-04-28,104.80000305175781
Vanguard,VUAA.L,Vanguard S&P 500 Accumulation UCITS ETF - VUAA.L,2025-04-29,105.41999816894531
Vanguard,VUAA.L,Vanguard S&P 500 Accumulation UCITS ETF - VUAA.L,2025-04-30,105.12000274658203
Vanguard,VUAA.L,Vanguard S&P 500 Accumulation UCITS ETF - VUAA.L,2025-05-01,107.68000030517578
Vanguard,VUAA.L,Vanguard S&P 500 Accumulation UCITS ETF - VUAA.L,2025-05-02,108.22000122070312
Vanguard,VUAA.L,Vanguard S&P 500 Accumulation UCITS ETF - VUAA.L,2025-05-03,108.22000122070312
Vanguard,VUAA.L,Vanguard S&P 500 Accumulation UCITS ETF - VUAA.L,2025-05-04,108.22000122070312
Vanguard,VUAA.L,Vanguard S&P 500 Accumulation UCITS ETF - VUAA.L,2025-05-05,108.22000122070312
Vanguard,VUAA.L,Vanguard S&P 500 Accumulation UCITS ETF - VUAA.L,2025-05-06,107.55999755859375
Vanguard,VUAA.L,Vanguard S&P 500 Accumulation UCITS ETF - VUAA.L,2025-05-07,106.9800033569336
Vanguard,VUAA.L,Vanguard S&P 500 Accumulation UCITS ETF - VUAA.L,2025-05-08,108.45999908447266
Vanguard,VUAA.L,Vanguard S&P 500 Accumulation UCITS ETF - VUAA.L,2025-05-09,108.13999938964844
Vanguard,VUAA.L,Vanguard S&P 500 Accumulation UCITS ETF - VUAA.L,2025-05-10,108.13999938964844
Vanguard,VUAA.L,Vanguard S&P 500 Accumulation UCITS ETF - VUAA.L,2025-05-11,108.13999938964844
Vanguard,VUAA.L,Vanguard S&P 500 Accumulation UCITS ETF - VUAA.L,2025-05-12,110.83999633789062
Vanguard,VUAA.L,Vanguard S&P 500 Accumulation UCITS ETF - VUAA.L,2025-05-13,112.54000091552734
Vanguard,VUAA.L,Vanguard S&P 500 Accumulation UCITS ETF - VUAA.L,2025-05-14,112.54000091552734
Vanguard,VUAA.L,Vanguard S&P 500 Accumulation UCITS ETF - VUAA.L,2025-05-15,112.63999938964844
Vanguard,VUAA.L,Vanguard S&P 500 Accumulation UCITS ETF - VUAA.L,2025-05-16,113.18000030517578
Vanguard,VUAA.L,Vanguard S&P 500 Accumulation UCITS ETF - VUAA.L,2025-05-17,113.18000030517578
Vanguard,VUAA.L,Vanguard S&P 500 Accumulation UCITS ETF - VUAA.L,2025-05-18,113.18000030517578
Vanguard,VUAA.L,Vanguard S&P 500 Accumulation UCITS ETF - VUAA.L,2025-05-19,113.41999816894531
Vanguard,VUAA.L,Vanguard S&P 500 Accumulation UCITS ETF - VUAA.L,2025-05-20,113.5199966430664
Vanguard,VUAA.L,Vanguard S&P 500 Accumulation UCITS ETF - VUAA.L,2025-05-21,113.27999877929688
Vanguard,VUAA.L,Vanguard S&P 500 Accumulation UCITS ETF - VUAA.L,2025-05-22,111.68000030517578
Vanguard,VUAA.L,Vanguard S&P 500 Accumulation UCITS ETF - VUAA.L,2025-05-23,110.77999877929688
Vanguard,VUAA.L,Vanguard S&P 500 Accumulation UCITS ETF - VUAA.L,2025-05-24,110.77999877929688
Vanguard,VUAA.L,Vanguard S&P 500 Accumulation UCITS ETF - VUAA.L,2025-05-25,110.77999877929688
Vanguard,VUAA.L,Vanguard S&P 500 Accumulation UCITS ETF - VUAA.L,2025-05-26,110.77999877929688
Vanguard,VUAA.L,Vanguard S&P 500 Accumulation UCITS ETF - VUAA.L,2025-05-27,112.63999938964844
Vanguard,VUAA.L,Vanguard S&P 500 Accumulation UCITS ETF - VUAA.L,2025-05-28,112.77999877929688
Vanguard,VUAA.L,Vanguard S&P 500 Accumulation UCITS ETF - VUAA.L,2025-05-29,112.83999633789062
Vanguard,VUAA.L,Vanguard S&P 500 Accumulation UCITS ETF - VUAA.L,2025-05-30,112.5199966430664
Vanguard,VUAA.L,Vanguard S&P 500 Accumulation UCITS ETF - VUAA.L,2025-05-31,112.5199966430664
Vanguard,VUAA.L,Vanguard S&P 500 Accumulation UCITS ETF - VUAA.L,2025-06-01,112.5199966430664
Vanguard,VUAA.L,Vanguard S&P 500 Accumulation UCITS ETF - VUAA.L,2025-06-02,112.58000183105469
Vanguard,VUAA.L,Vanguard S&P 500 Accumulation UCITS ETF - VUAA.L,2025-06-03,113.87999725341797
Vanguard,VUAA.L,Vanguard S&P 500 Accumulation UCITS ETF - VUAA.L,2025-06-04,114.30000305175781
Vanguard,VUAA.L,Vanguard S&P 500 Accumulation UCITS ETF - VUAA.L,2025-06-05,114.62000274658203
Vanguard,VUAA.L,Vanguard S&P 500 Accumulation UCITS ETF - VUAA.L,2025-06-06,114.5199966430664
Vanguard,VUAA.L,Vanguard S&P 500 Accumulation UCITS ETF - VUAA.L,2025-06-07,114.5199966430664
Vanguard,VUAA.L,Vanguard S&P 500 Accumulation UCITS ETF - VUAA.L,2025-06-08,114.5199966430664
Vanguard,VUAA.L,Vanguard S&P 500 Accumulation UCITS ETF - VUAA.L,2025-06-09,114.73999786376953
Vanguard,VUAA.L,Vanguard S&P 500 Accumulation UCITS ETF - VUAA.L,2025-06-10,114.86000061035156
Vanguard,VUAA.L,Vanguard S&P 500 Accumulation UCITS ETF - VUAA.L,2025-06-11,115.62000274658203
Vanguard,VUAA.L,Vanguard S&P 500 Accumulation UCITS ETF - VUAA.L,2025-06-12,115.23999786376953
Vanguard,VUAA.L,Vanguard S&P 500 Accumulation UCITS ETF - VUAA.L,2025-06-13,114.91999816894531
Vanguard,VUAA.L,Vanguard S&P 500 Accumulation UCITS ETF - VUAA.L,2025-06-14,114.91999816894531
Vanguard,VUAA.L,Vanguard S&P 500 Accumulation UCITS ETF - VUAA.L,2025-06-15,114.91999816894531
Vanguard,VUAA.L,Vanguard S&P 500 Accumulation UCITS ETF - VUAA.L,2025-06-16,115.4000015258789
Vanguard,VUAA.L,Vanguard S&P 500 Accumulation UCITS ETF - VUAA.L,2025-06-17,114.91999816894531
Vanguard,VUAA.L,Vanguard S&P 500 Accumulation UCITS ETF - VUAA.L,2025-06-18,114.87999725341797
Vanguard,VUAA.L,Vanguard S&P 500 Accumulation UCITS ETF - VUAA.L,2025-06-19,113.27999877929688
Vanguard,VUAA.L,Vanguard S&P 500 Accumulation UCITS ETF - VUAA.L,2025-06-20,114.37999725341797
Vanguard,VUAA.L,Vanguard S&P 500 Accumulation UCITS ETF - VUAA.L,2025-06-21,114.37999725341797
Vanguard,VUAA.L,Vanguard S&P 500 Accumulation UCITS ETF - VUAA.L,2025-06-22,114.37999725341797
Vanguard,VUAA.L,Vanguard S&P 500 Accumulation UCITS ETF - VUAA.L,2025-06-23,114.5
Vanguard,VUAA.L,Vanguard S&P 500 Accumulation UCITS ETF - VUAA.L,2025-06-24,116.27999877929688
Vanguard,VUAA.L,Vanguard S&P 500 Accumulation UCITS ETF - VUAA.L,2025-06-25,116.44000244140625
Vanguard,VUAA.L,Vanguard S&P 500 Accumulation UCITS ETF - VUAA.L,2025-06-26,117.18000030517578
Vanguard,VUAA.L,Vanguard S&P 500 Accumulation UCITS ETF - VUAA.L,2025-06-27,118.16000366210938
Vanguard,VUAA.L,Vanguard S&P 500 Accumulation UCITS ETF - VUAA.L,2025-06-28,118.16000366210938
Vanguard,VUAA.L,Vanguard S&P 500 Accumulation UCITS ETF - VUAA.L,2025-06-29,118.16000366210938
Vanguard,VUAA.L,Vanguard S&P 500 Accumulation UCITS ETF - VUAA.L,2025-06-30,118.31999969482422
Vanguard,VUAA.L,Vanguard S&P 500 Accumulation UCITS ETF - VUAA.L,2025-07-01,118.4800033569336
Vanguard,VUAA.L,Vanguard S&P 500 Accumulation UCITS ETF - VUAA.L,2025-07-02,118.77999877929688
Vanguard,VUAA.L,Vanguard S&P 500 Accumulation UCITS ETF - VUAA.L,2025-07-03,120.0199966430664
Vanguard,VUAA.L,Vanguard S&P 500 Accumulation UCITS ETF - VUAA.L,2025-07-04,119.37999725341797
Vanguard,VUAA.L,Vanguard S&P 500 Accumulation UCITS ETF - VUAA.L,2025-07-05,119.37999725341797
Vanguard,VUAA.L,Vanguard S&P 500 Accumulation UCITS ETF - VUAA.L,2025-07-06,119.37999725341797
Vanguard,VUAA.L,Vanguard S&P 500 Accumulation UCITS ETF - VUAA.L,2025-07-07,119.36000061035156
Vanguard,VUAA.L,Vanguard S&P 500 Accumulation UCITS ETF - VUAA.L,2025-07-08,119.0199966430664
Vanguard,VUAA.L,Vanguard S&P 500 Accumulation UCITS ETF - VUAA.L,2025-07-09,119.36000061035156
Vanguard,VUAA.L,Vanguard S&P 500 Accumulation UCITS ETF - VUAA.L,2025-07-10,120.08000183105469
Vanguard,VUAA.L,Vanguard S&P 500 Accumulation UCITS ETF - VUAA.L,2025-07-11,119.69999694824219
Vanguard,VUAA.L,Vanguard S&P 500 Accumulation UCITS ETF - VUAA.L,2025-07-12,119.69999694824219
Vanguard,VUAA.L,Vanguard S&P 500 Accumulation UCITS ETF - VUAA.L,2025-07-13,119.69999694824219
Vanguard,VUAA.L,Vanguard S&P 500 Accumulation UCITS ETF - VUAA.L,2025-07-14,119.72000122070312
Vanguard,VUAA.L,Vanguard S&P 500 Accumulation UCITS ETF - VUAA.L,2025-07-15,119.9000015258789
Vanguard,VUAA.L,Vanguard S&P 500 Accumulation UCITS ETF - VUAA.L,2025-07-16,118.80000305175781
Vanguard,VUAA.L,Vanguard S&P 500 Accumulation UCITS ETF - VUAA.L,2025-07-17,120.27999877929688
Vanguard,VUAA.L,Vanguard S&P 500 Accumulation UCITS ETF - VUAA.L,2025-07-18,120.5
Vanguard,VUAA.L,Vanguard S&P 500 Accumulation UCITS ETF - VUAA.L,2025-07-19,120.5
Vanguard,VUAA.L,Vanguard S&P 500 Accumulation UCITS ETF - VUAA.L,2025-07-20,120.5
Vanguard,VUAA.L,Vanguard S&P 500 Accumulation UCITS ETF - VUAA.L,2025-07-21,121.19999694824219
Vanguard,VUAA.L,Vanguard S&P 500 Accumulation UCITS ETF - VUAA.L,2025-07-22,120.5199966430664
Vanguard,VUAA.L,Vanguard S&P 500 Accumulation UCITS ETF - VUAA.L,2025-07-23,121.04000091552734
Vanguard,VUAA.L,Vanguard S&P 500 Accumulation UCITS ETF - VUAA.L,2025-07-24,121.91999816894531
Vanguard,VUAA.L,Vanguard S&P 500 Accumulation UCITS ETF - VUAA.L,2025-07-25,122.08000183105469
Vanguard,VUAA.L,Vanguard S&P 500 Accumulation UCITS ETF - VUAA.L,2025-07-26,122.08000183105469
Vanguard,VUAA.L,Vanguard S&P 500 Accumulation UCITS ETF - VUAA.L,2025-07-27,122.08000183105469
Vanguard,VUAA.L,Vanguard S&P 500 Accumulation UCITS ETF - VUAA.L,2025-07-28,122.30000305175781
Vanguard,VUAA.L,Vanguard S&P 500 Accumulation UCITS ETF - VUAA.L,2025-07-29,121.95999908447266
Vanguard,VUAA.L,Vanguard S&P 500 Accumulation UCITS ETF - VUAA.L,2025-07-30,121.9000015258789
Vanguard,VUAA.L,Vanguard S&P 500 Accumulation UCITS ETF - VUAA.L,2025-07-31,122.23999786376953
Vanguard,VUAA.L,Vanguard S&P 500 Accumulation UCITS ETF - VUAA.L,2025-08-01,119.30000305175781
Vanguard,VUAA.L,Vanguard S&P 500 Accumulation UCITS ETF - VUAA.L,2025-08-02,119.30000305175781
Vanguard,VUAA.L,Vanguard S&P 500 Accumulation UCITS ETF - VUAA.L,2025-08-03,119.30000305175781
Vanguard,VUAA.L,Vanguard S&P 500 Accumulation UCITS ETF - VUAA.L,2025-08-04,120.76000213623047
Vanguard,VUAA.L,Vanguard S&P 500 Accumulation UCITS ETF - VUAA.L,2025-08-05,120.5199966430664
Vanguard,VUAA.L,Vanguard S&P 500 Accumulation UCITS ETF - VUAA.L,2025-08-06,121.33999633789062
Vanguard,VUAA.L,Vanguard S&P 500 Accumulation UCITS ETF - VUAA.L,2025-08-07,121.30000305175781
Vanguard,VUAA.L,Vanguard S&P 500 Accumulation UCITS ETF - VUAA.L,2025-08-08,122.0
Vanguard,VUAA.L,Vanguard S&P 500 Accumulation UCITS ETF - VUAA.L,2025-08-09,122.0
Vanguard,VUAA.L,Vanguard S&P 500 Accumulation UCITS ETF - VUAA.L,2025-08-10,122.0
Vanguard,VUAA.L,Vanguard S&P 500 Accumulation UCITS ETF - VUAA.L,2025-08-11,122.26000213623047
Vanguard,VUAA.L,Vanguard S&P 500 Accumulation UCITS ETF - VUAA.L,2025-08-12,122.95999908447266
Vanguard,VUAA.L,Vanguard S&P 500 Accumulation UCITS ETF - VUAA.L,2025-08-13,123.58000183105469
Vanguard,VUAA.L,Vanguard S&P 500 Accumulation UCITS ETF - VUAA.L,2025-08-14,123.4800033569336
Vanguard,VUAA.L,Vanguard S&P 500 Accumulation UCITS ETF - VUAA.L,2025-08-15,123.58000183105469
Vanguard,VUAA.L,Vanguard S&P 500 Accumulation UCITS ETF - VUAA.L,2025-08-16,123.58000183105469
Vanguard,VUAA.L,Vanguard S&P 500 Accumulation UCITS ETF - VUAA.L,2025-08-17,123.58000183105469
Vanguard,VUAA.L,Vanguard S&P 500 Accumulation UCITS ETF - VUAA.L,2025-08-18,123.33999633789062
Vanguard,VUAA.L,Vanguard S&P 500 Accumulation UCITS ETF - VUAA.L,2025-08-19,123.18000030517578
Vanguard,VUAA.L,Vanguard S&P 500 Accumulation UCITS ETF - VUAA.L,2025-08-20,122.13999938964844
Vanguard,VUAA.L,Vanguard S&P 500 Accumulation UCITS ETF - VUAA.L,2025-08-21,122.31999969482422
Vanguard,VUAA.L,Vanguard S&P 500 Accumulation UCITS ETF - VUAA.L,2025-08-22,124.05999755859375
Vanguard,VUAA.L,Vanguard S&P 500 Accumulation UCITS ETF - VUAA.L,2025-08-23,124.05999755859375
Vanguard,VUAA.L,Vanguard S&P 500 Accumulation UCITS ETF - VUAA.L,2025-08-24,124.05999755859375
Vanguard,VUAA.L,Vanguard S&P 500 Accumulation UCITS ETF - VUAA.L,2025-08-25,124.05999755859375
Vanguard,VUAA.L,Vanguard S&P 500 Accumulation UCITS ETF - VUAA.L,2025-08-26,123.27999877929688
Vanguard,VUAA.L,Vanguard S&P 500 Accumulation UCITS ETF - VUAA.L,2025-08-27,123.95999908447266
Vanguard,VUAA.L,Vanguard S&P 500 Accumulation UCITS ETF - VUAA.L,2025-08-28,124.16000366210938
Vanguard,VUAA.L,Vanguard S&P 500 Accumulation UCITS ETF - VUAA.L,2025-08-29,123.63999938964844
Vanguard,VUAA.L,Vanguard S&P 500 Accumulation UCITS ETF - VUAA.L,2025-08-30,123.63999938964844
Vanguard,VUAA.L,Vanguard S&P 500 Accumulation UCITS ETF - VUAA.L,2025-08-31,123.63999938964844
Vanguard,VUAA.L,Vanguard S&P 500 Accumulation UCITS ETF - VUAA.L,2025-09-01,123.94000244140625
Vanguard,VUAA.L,Vanguard S&P 500 Accumulation UCITS ETF - VUAA.L,2025-09-02,122.08000183105469
Vanguard,VUAA.L,Vanguard S&P 500 Accumulation UCITS ETF - VUAA.L,2025-09-03,123.22000122070312
Vanguard,VUAA.L,Vanguard S&P 500 Accumulation UCITS ETF - VUAA.L,2025-09-04,124.0199966430664
Vanguard,VUAA.L,Vanguard S&P 500 Accumulation UCITS ETF - VUAA.L,2025-09-05,124.0
Vanguard,VUAA.L,Vanguard S&P 500 Accumulation UCITS ETF - VUAA.L,2025-09-06,124.0
Vanguard,VUAA.L,Vanguard S&P 500 Accumulation UCITS ETF - VUAA.L,2025-09-07,124.0
Vanguard,VUAA.L,Vanguard S&P 500 Accumulation UCITS ETF - VUAA.L,2025-09-08,124.52559661865234
Vanguard,VUAA.L,Vanguard S&P 500 Accumulation UCITS ETF - VUAA.L,2025-09-09,124.45999908447266
Vanguard,VUAA.L,Vanguard S&P 500 Accumulation UCITS ETF - VUAA.L,2025-09-10,125.22000122070312
Vanguard,VUAA.L,Vanguard S&P 500 Accumulation UCITS ETF - VUAA.L,2025-09-11,126.18000030517578
Vanguard,VUAA.L,Vanguard S&P 500 Accumulation UCITS ETF - VUAA.L,2025-09-12,126.16000366210938
Vanguard,VUAA.L,Vanguard S&P 500 Accumulation UCITS ETF - VUAA.L,2025-09-13,126.16000366210938
Vanguard,VUAA.L,Vanguard S&P 500 Accumulation UCITS ETF - VUAA.L,2025-09-14,126.16000366210938
Vanguard,VUAA.L,Vanguard S&P 500 Accumulation UCITS ETF - VUAA.L,2025-09-15,126.72000122070312
Vanguard,VUAA.L,Vanguard S&P 500 Accumulation UCITS ETF - VUAA.L,2025-09-16,126.55999755859375
Vanguard,VUAA.L,Vanguard S&P 500 Accumulation UCITS ETF - VUAA.L,2025-09-17,126.5
Vanguard,VUAA.L,Vanguard S&P 500 Accumulation UCITS ETF - VUAA.L,2025-09-18,127.36000061035156
Vanguard,VUAA.L,Vanguard S&P 500 Accumulation UCITS ETF - VUAA.L,2025-09-19,127.12000274658203
Vanguard,VUAA.L,Vanguard S&P 500 Accumulation UCITS ETF - VUAA.L,2025-09-20,127.12000274658203
Vanguard,VUAA.L,Vanguard S&P 500 Accumulation UCITS ETF - VUAA.L,2025-09-21,127.12000274658203
Vanguard,VUAA.L,Vanguard S&P 500 Accumulation UCITS ETF - VUAA.L,2025-09-22,127.87999725341797
Vanguard,VUAA.L,Vanguard S&P 500 Accumulation UCITS ETF - VUAA.L,2025-09-23,128.16000366210938
Vanguard,VUAA.L,Vanguard S&P 500 Accumulation UCITS ETF - VUAA.L,2025-09-24,127.44000244140625
Vanguard,VUAA.L,Vanguard S&P 500 Accumulation UCITS ETF - VUAA.L,2025-09-25,126.72000122070312
Vanguard,VUAA.L,Vanguard S&P 500 Accumulation UCITS ETF - VUAA.L,2025-09-26,126.95999908447266
Vanguard,VUAA.L,Vanguard S&P 500 Accumulation UCITS ETF - VUAA.L,2025-09-27,126.95999908447266
Vanguard,VUAA.L,Vanguard S&P 500 Accumulation UCITS ETF - VUAA.L,2025-09-28,126.95999908447266
Vanguard,VUAA.L,Vanguard S&P 500 Accumulation UCITS ETF - VUAA.L,2025-09-29,127.66000366210938
Vanguard,VUAA.L,Vanguard S&P 500 Accumulation UCITS ETF - VUAA.L,2025-09-30,127.44000244140625
Vanguard,VUAA.L,Vanguard S&P 500 Accumulation UCITS ETF - VUAA.L,2025-10-01,128.24000549316406
Vanguard,VUAA.L,Vanguard S&P 500 Accumulation UCITS ETF - VUAA.L,2025-10-02,128.39999389648438
Vanguard,VUAA.L,Vanguard S&P 500 Accumulation UCITS ETF - VUAA.L,2025-10-03,129.25999450683594
Vanguard,VUAA.L,Vanguard S&P 500 Accumulation UCITS ETF - VUAA.L,2025-10-04,129.25999450683594
Vanguard,VUAA.L,Vanguard S&P 500 Accumulation UCITS ETF - VUAA.L,2025-10-05,129.25999450683594
Vanguard,VUAA.L,Vanguard S&P 500 Accumulation UCITS ETF - VUAA.L,2025-10-06,129.17999267578125
Vanguard,VUAA.L,Vanguard S&P 500 Accumulation UCITS ETF - VUAA.L,2025-10-07,128.74000549316406
Vanguard,VUAA.L,Vanguard S&P 500 Accumulation UCITS ETF - VUAA.L,2025-10-08,129.39999389648438
Vanguard,VUAA.L,Vanguard S&P 500 Accumulation UCITS ETF - VUAA.L,2025-10-09,128.9600067138672
Vanguard,VUAA.L,Vanguard S&P 500 Accumulation UCITS ETF - VUAA.L,2025-10-10,127.19999694824219
Vanguard,VUAA.L,Vanguard S&P 500 Accumulation UCITS ETF - VUAA.L,2025-10-11,127.19999694824219
Vanguard,VUAA.L,Vanguard S&P 500 Accumulation UCITS ETF - VUAA.L,2025-10-12,127.19999694824219
Vanguard,VUAA.L,Vanguard S&P 500 Accumulation UCITS ETF - VUAA.L,2025-10-13,127.5999984741211
Vanguard,VUAA.L,Vanguard S&P 500 Accumulation UCITS ETF - VUAA.L,2025-10-14,127.0
Vanguard,VUAA.L,Vanguard S&P 500 Accumulation UCITS ETF - VUAA.L,2025-10-15,128.24000549316406
Vanguard,VUAA.L,Vanguard S&P 500 Accumulation UCITS ETF - VUAA.L,2025-10-16,128.24000549316406
Vanguard,VUAA.L,Vanguard S&P 500 Accumulation UCITS ETF - VUAA.L,2025-10-17,126.81999969482422
Vanguard,VUAA.L,Vanguard S&P 500 Accumulation UCITS ETF - VUAA.L,2025-10-18,126.81999969482422
Vanguard,VUAA.L,Vanguard S&P 500 Accumulation UCITS ETF - VUAA.L,2025-10-19,126.81999969482422
Vanguard,VUAA.L,Vanguard S&P 500 Accumulation UCITS ETF - VUAA.L,2025-10-20,129.0399932861328
Vanguard,VUAA.L,Vanguard S&P 500 Accumulation UCITS ETF - VUAA.L,2025-10-21,129.27999877929688
Vanguard,VUAA.L,Vanguard S&P 500 Accumulation UCITS ETF - VUAA.L,2025-10-22,128.47999572753906
Vanguard,VUAA.L,Vanguard S&P 500 Accumulation UCITS ETF - VUAA.L,2025-10-23,128.94000244140625
Vanguard,VUAA.L,Vanguard S&P 500 Accumulation UCITS ETF - VUAA.L,2025-10-24,128.94000244140625
Vanguard,VUAA.L,Vanguard S&P 500 Accumulation UCITS ETF - VUAA.L,2025-10-25,128.94000244140625
Vanguard,VUAA.L,Vanguard S&P 500 Accumulation UCITS ETF - VUAA.L,2025-10-26,128.94000244140625
Vanguard,VUAA.L,Vanguard S&P 500 Accumulation UCITS ETF - VUAA.L,2025-10-27,131.5399932861328
Vanguard,VUAA.L,Vanguard S&P 500 Accumulation UCITS ETF - VUAA.L,2025-10-28,132.10000610351562
Vanguard,VUAA.L,Vanguard S&P 500 Accumulation UCITS ETF - VUAA.L,2025-10-29,132.47999572753906
Vanguard,VUAA.L,Vanguard S&P 500 Accumulation UCITS ETF - VUAA.L,2025-10-30,131.63999938964844
Vanguard,VUAA.L,Vanguard S&P 500 Accumulation UCITS ETF - VUAA.L,2025-10-31,131.22000122070312
Vanguard,VUAA.L,Vanguard S&P 500 Accumulation UCITS ETF - VUAA.L,2025-11-01,131.22000122070312
Vanguard,VUAA.L,Vanguard S&P 500 Accumulation UCITS ETF - VUAA.L,2025-11-02,131.22000122070312
Vanguard,VUAA.L,Vanguard S&P 500 Accumulation UCITS ETF - VUAA.L,2025-11-03,131.33999633789062
Vanguard,VUAA.L,Vanguard S&P 500 Accumulation UCITS ETF - VUAA.L,2025-11-04,130.4600067138672
Vanguard,VUAA.L,Vanguard S&P 500 Accumulation UCITS ETF - VUAA.L,2025-11-05,130.5
Vanguard,VUAA.L,Vanguard S&P 500 Accumulation UCITS ETF - VUAA.L,2025-11-06,129.02000427246094
Vanguard,VUAA.L,Vanguard S&P 500 Accumulation UCITS ETF - VUAA.L,2025-11-07,127.55999755859375
Vanguard,VUAA.L,Vanguard S&P 500 Accumulation UCITS ETF - VUAA.L,2025-11-08,127.55999755859375
Vanguard,VUAA.L,Vanguard S&P 500 Accumulation UCITS ETF - VUAA.L,2025-11-09,127.55999755859375
Vanguard,VUAA.L,Vanguard S&P 500 Accumulation UCITS ETF - VUAA.L,2025-11-10,129.97999572753906
Vanguard,VUAA.L,Vanguard S&P 500 Accumulation UCITS ETF - VUAA.L,2025-11-11,130.75999450683594
Vanguard,VUAA.L,Vanguard S&P 500 Accumulation UCITS ETF - VUAA.L,2025-11-12,131.3000030517578
Vanguard,VUAA.L,Vanguard S&P 500 Accumulation UCITS ETF - VUAA.L,2025-11-13,130.17999267578125
Vanguard,VUAA.L,Vanguard S&P 500 Accumulation UCITS ETF - VUAA.L,2025-11-14,129.66000366210938
Vanguard,VUAA.L,Vanguard S&P 500 Accumulation UCITS ETF - VUAA.L,2025-11-15,129.66000366210938
Vanguard,VUAA.L,Vanguard S&P 500 Accumulation UCITS ETF - VUAA.L,2025-11-16,129.66000366210938
Vanguard,VUAA.L,Vanguard S&P 500 Accumulation UCITS ETF - VUAA.L,2025-11-17,129.0399932861328
Vanguard,VUAA.L,Vanguard S&P 500 Accumulation UCITS ETF - VUAA.L,2025-11-18,127.23999786376953
Vanguard,VUAA.L,Vanguard S&P 500 Accumulation UCITS ETF - VUAA.L,2025-11-19,127.23999786376953
Vanguard,VUAA.L,Vanguard S&P 500 Accumulation UCITS ETF - VUAA.L,2025-11-20,128.27999877929688
Vanguard,VUAA.L,Vanguard S&P 500 Accumulation UCITS ETF - VUAA.L,2025-11-21,126.0999984741211
Vanguard,VUAA.L,Vanguard S&P 500 Accumulation UCITS ETF - VUAA.L,2025-11-22,126.0999984741211
Vanguard,VUAA.L,Vanguard S&P 500 Accumulation UCITS ETF - VUAA.L,2025-11-23,126.0999984741211
Vanguard,VUAA.L,Vanguard S&P 500 Accumulation UCITS ETF - VUAA.L,2025-11-24,128.44000244140625
Vanguard,VUAA.L,Vanguard S&P 500 Accumulation UCITS ETF - VUAA.L,2025-11-25,128.97999572753906
Vanguard,VUAA.L,Vanguard S&P 500 Accumulation UCITS ETF - VUAA.L,2025-11-26,131.0
Vanguard,VUAA.L,Vanguard S&P 500 Accumulation UCITS ETF - VUAA.L,2025-11-27,130.82000732421875
Vanguard,VUAA.L,Vanguard S&P 500 Accumulation UCITS ETF - VUAA.L,2025-11-28,131.27999877929688
Vanguard,VUAA.L,Vanguard S&P 500 Accumulation UCITS ETF - VUAA.L,2025-11-29,131.27999877929688
Vanguard,VUAA.L,Vanguard S&P 500 Accumulation UCITS ETF - VUAA.L,2025-11-30,131.27999877929688
Vanguard,VUAA.L,Vanguard S&P 500 Accumulation UCITS ETF - VUAA.L,2025-12-01,131.0800018310547
Vanguard,VUAA.L,Vanguard S&P 500 Accumulation UCITS ETF - VUAA.L,2025-12-02,130.75999450683594
Vanguard,VUAA.L,Vanguard S&P 500 Accumulation UCITS ETF - VUAA.L,2025-12-03,131.44000244140625
Vanguard,VUAA.L,Vanguard S&P 500 Accumulation UCITS ETF - VUAA.L,2025-12-04,131.44000244140625
Vanguard,VUAA.L,Vanguard S&P 500 Accumulation UCITS ETF - VUAA.L,2025-12-05,131.86000061035156
Vanguard,VUAA.L,Vanguard S&P 500 Accumulation UCITS ETF - VUAA.L,2025-12-06,131.86000061035156
Vanguard,VUAA.L,Vanguard S&P 500 Accumulation UCITS ETF - VUAA.L,2025-12-07,131.86000061035156
Vanguard,VUAA.L,Vanguard S&P 500 Accumulation UCITS ETF - VUAA.L,2025-12-08,131.52000427246094
Vanguard,VUAA.L,Vanguard S&P 500 Accumulation UCITS ETF - VUAA.L,2025-12-09,131.82000732421875
Vanguard,VUAA.L,Vanguard S&P 500 Accumulation UCITS ETF - VUAA.L,2025-12-10,131.5
Vanguard,VUAA.L,Vanguard S&P 500 Accumulation UCITS ETF - VUAA.L,2025-12-11,131.82000732421875
Vanguard,VUAA.L,Vanguard S&P 500 Accumulation UCITS ETF - VUAA.L,2025-12-12,130.8800048828125
Vanguard,VUAA.L,Vanguard S&P 500 Accumulation UCITS ETF - VUAA.L,2025-12-13,130.8800048828125
Vanguard,VUAA.L,Vanguard S&P 500 Accumulation UCITS ETF - VUAA.L,2025-12-14,130.8800048828125
Vanguard,VUAA.L,Vanguard S&P 500 Accumulation UCITS ETF - VUAA.L,2025-12-15,131.0800018310547
Vanguard,VUAA.L,Vanguard S&P 500 Accumulation UCITS ETF - VUAA.L,2025-12-16,130.32000732421875
Vanguard,VUAA.L,Vanguard S&P 500 Accumulation UCITS ETF - VUAA.L,2025-12-17,129.60000610351562
Vanguard,VUAA.L,Vanguard S&P 500 Accumulation UCITS ETF - VUAA.L,2025-12-18,130.83999633789062
Vanguard,VUAA.L,Vanguard S&P 500 Accumulation UCITS ETF - VUAA.L,2025-12-19,131.22000122070312
Vanguard,VUAA.L,Vanguard S&P 500 Accumulation UCITS ETF - VUAA.L,2025-12-20,131.22000122070312
Vanguard,VUAA.L,Vanguard S&P 500 Accumulation UCITS ETF - VUAA.L,2025-12-21,131.22000122070312
Vanguard,VUAA.L,Vanguard S&P 500 Accumulation UCITS ETF - VUAA.L,2025-12-22,132.05999755859375
Vanguard,VUAA.L,Vanguard S&P 500 Accumulation UCITS ETF - VUAA.L,2025-12-23,132.44000244140625
Vanguard,VUAA.L,Vanguard S&P 500 Accumulation UCITS ETF - VUAA.L,2025-12-24,132.72000122070312
Vanguard,VUAA.L,Vanguard S&P 500 Accumulation UCITS ETF - VUAA.L,2025-12-25,132.72000122070312
Vanguard,VUAA.L,Vanguard S&P 500 Accumulation UCITS ETF - VUAA.L,2025-12-26,132.72000122070312
Vanguard,VUAA.L,Vanguard S&P 500 Accumulation UCITS ETF - VUAA.L,2025-12-27,132.72000122070312
Vanguard,VUAA.L,Vanguard S&P 500 Accumulation UCITS ETF - VUAA.L,2025-12-28,132.72000122070312
Vanguard,VUAA.L,Vanguard S&P 500 Accumulation UCITS ETF - VUAA.L,2025-12-29,132.4600067138672
Vanguard,VUAA.L,Vanguard S&P 500 Accumulation UCITS ETF - VUAA.L,2025-12-30,132.74000549316406
Vanguard,VUAA.L,Vanguard S&P 500 Accumulation UCITS ETF - VUAA.L,2025-12-31,132.4199981689453
Vanguard,VUAA.L,Vanguard S&P 500 Accumulation UCITS ETF - VUAA.L,2026-01-01,132.4199981689453
Vanguard,VUAA.L,Vanguard S&P 500 Accumulation UCITS ETF - VUAA.L,2026-01-02,131.63999938964844
Vanguard,VUAA.L,Vanguard S&P 500 Accumulation UCITS ETF - VUAA.L,2026-01-03,131.63999938964844
Vanguard,VUAA.L,Vanguard S&P 500 Accumulation UCITS ETF - VUAA.L,2026-01-04,131.63999938964844
Vanguard,VUAA.L,Vanguard S&P 500 Accumulation UCITS ETF - VUAA.L,2026-01-05,132.77999877929688
Vanguard,VUAA.L,Vanguard S&P 500 Accumulation UCITS ETF - VUAA.L,2026-01-06,132.9600067138672
Vanguard,VUAA.L,Vanguard S&P 500 Accumulation UCITS ETF - VUAA.L,2026-01-07,133.52000427246094
Vanguard,VUAA.L,Vanguard S&P 500 Accumulation UCITS ETF - VUAA.L,2026-01-08,132.89999389648438
Vanguard,VUAA.L,Vanguard S&P 500 Accumulation UCITS ETF - VUAA.L,2026-01-09,133.6199951171875
Vanguard,VUAA.L,Vanguard S&P 500 Accumulation UCITS ETF - VUAA.L,2026-01-10,133.6199951171875
Vanguard,VUAA.L,Vanguard S&P 500 Accumulation UCITS ETF - VUAA.L,2026-01-11,133.6199951171875
Vanguard,VUAA.L,Vanguard S&P 500 Accumulation UCITS ETF - VUAA.L,2026-01-12,133.9600067138672
Vanguard,VUAA.L,Vanguard S&P 500 Accumulation UCITS ETF - VUAA.L,2026-01-13,133.89999389648438
Vanguard,VUAA.L,Vanguard S&P 500 Accumulation UCITS ETF - VUAA.L,2026-01-14,132.77999877929688
Vanguard,VUAA.L,Vanguard S&P 500 Accumulation UCITS ETF - VUAA.L,2026-01-15,134.0
Vanguard,VUAA.L,Vanguard S&P 500 Accumulation UCITS ETF - VUAA.L,2026-01-16,133.6199951171875
Vanguard,VUAA.L,Vanguard S&P 500 Accumulation UCITS ETF - VUAA.L,2026-01-17,133.6199951171875
Vanguard,VUAA.L,Vanguard S&P 500 Accumulation UCITS ETF - VUAA.L,2026-01-18,133.6199951171875
Vanguard,VUAA.L,Vanguard S&P 500 Accumulation UCITS ETF - VUAA.L,2026-01-19,132.02000427246094
Vanguard,VUAA.L,Vanguard S&P 500 Accumulation UCITS ETF - VUAA.L,2026-01-20,131.94000244140625
Vanguard,VUAA.L,Vanguard S&P 500 Accumulation UCITS ETF - VUAA.L,2026-01-21,131.82000732421875
Vanguard,VUAA.L,Vanguard S&P 500 Accumulation UCITS ETF - VUAA.L,2026-01-22,133.02000427246094
Vanguard,VUAA.L,Vanguard S&P 500 Accumulation UCITS ETF - VUAA.L,2026-01-23,133.02000427246094
Vanguard,VUAA.L,Vanguard S&P 500 Accumulation UCITS ETF - VUAA.L,2026-01-24,133.02000427246094
Vanguard,VUAA.L,Vanguard S&P 500 Accumulation UCITS ETF - VUAA.L,2026-01-25,133.02000427246094
Vanguard,VUAA.L,Vanguard S&P 500 Accumulation UCITS ETF - VUAA.L,2026-01-26,133.67999267578125
Vanguard,VUAA.L,Vanguard S&P 500 Accumulation UCITS ETF - VUAA.L,2026-01-27,134.3000030517578
Vanguard,VUAA.L,Vanguard S&P 500 Accumulation UCITS ETF - VUAA.L,2026-01-28,134.13999938964844
Vanguard,VUAA.L,Vanguard S&P 500 Accumulation UCITS ETF - VUAA.L,2026-01-29,132.74000549316406
Vanguard,VUAA.L,Vanguard S&P 500 Accumulation UCITS ETF - VUAA.L,2026-01-30,133.32000732421875
Vanguard,VUAA.L,Vanguard S&P 500 Accumulation UCITS ETF - VUAA.L,2026-01-31,133.32000732421875
Vanguard,VUAA.L,Vanguard S&P 500 Accumulation UCITS ETF - VUAA.L,2026-02-01,133.32000732421875
Vanguard,VUAA.L,Vanguard S&P 500 Accumulation UCITS ETF - VUAA.L,2026-02-02,134.13999938964844
Vanguard,VUAA.L,Vanguard S&P 500 Accumulation UCITS ETF - VUAA.L,2026-02-03,133.32000732421875
Vanguard,VUAA.L,Vanguard S&P 500 Accumulation UCITS ETF - VUAA.L,2026-02-04,132.52000427246094
Vanguard,VUAA.L,Vanguard S&P 500 Accumulation UCITS ETF - VUAA.L,2026-02-05,131.24000549316406
Vanguard,VUAA.L,Vanguard S&P 500 Accumulation UCITS ETF - VUAA.L,2026-02-06,132.66000366210938
Vanguard,VUAA.L,Vanguard S&P 500 Accumulation UCITS ETF - VUAA.L,2026-02-07,132.66000366210938
Vanguard,VUAA.L,Vanguard S&P 500 Accumulation UCITS ETF - VUAA.L,2026-02-08,132.66000366210938
Vanguard,VUAA.L,Vanguard S&P 500 Accumulation UCITS ETF - VUAA.L,2026-02-09,133.9600067138672
Vanguard,VUAA.L,Vanguard S&P 500 Accumulation UCITS ETF - VUAA.L,2026-02-10,134.0
Vanguard,VUAA.L,Vanguard S&P 500 Accumulation UCITS ETF - VUAA.L,2026-02-11,133.52000427246094
Vanguard,VUAA.L,Vanguard S&P 500 Accumulation UCITS ETF - VUAA.L,2026-02-12,132.1199951171875
Vanguard,VUAA.L,Vanguard S&P 500 Accumulation UCITS ETF - VUAA.L,2026-02-13,131.8800048828125
Vanguard,VUAA.L,Vanguard S&P 500 Accumulation UCITS ETF - VUAA.L,2026-02-14,131.8800048828125
Vanguard,VUAA.L,Vanguard S&P 500 Accumulation UCITS ETF - VUAA.L,2026-02-15,131.8800048828125
Vanguard,VUAA.L,Vanguard S&P 500 Accumulation UCITS ETF - VUAA.L,2026-02-16,131.4199981689453
Vanguard,VUAA.L,Vanguard S&P 500 Accumulation UCITS ETF - VUAA.L,2026-02-17,131.52000427246094
Vanguard,VUAA.L,Vanguard S&P 500 Accumulation UCITS ETF - VUAA.L,2026-02-18,132.75999450683594
Vanguard,VUAA.L,Vanguard S&P 500 Accumulation UCITS ETF - VUAA.L,2026-02-19,132.1199951171875
Vanguard,VUAA.L,Vanguard S&P 500 Accumulation UCITS ETF - VUAA.L,2026-02-20,132.5
Vanguard,VUAA.L,Vanguard S&P 500 Accumulation UCITS ETF - VUAA.L,2026-02-21,132.5
Vanguard,VUAA.L,Vanguard S&P 500 Accumulation UCITS ETF - VUAA.L,2026-02-22,132.5
Vanguard,VUAA.L,Vanguard S&P 500 Accumulation UCITS ETF - VUAA.L,2026-02-23,131.66000366210938
Vanguard,VUAA.L,Vanguard S&P 500 Accumulation UCITS ETF - VUAA.L,2026-02-24,132.16000366210938
Vanguard,VUAA.L,Vanguard S&P 500 Accumulation UCITS ETF - VUAA.L,2026-02-25,133.33999633789062
Vanguard,VUAA.L,Vanguard S&P 500 Accumulation UCITS ETF - VUAA.L,2026-02-26,132.77999877929688
Vanguard,VUAA.L,Vanguard S&P 500 Accumulation UCITS ETF - VUAA.L,2026-02-27,132.36000061035156
Vanguard,VUAA.L,Vanguard S&P 500 Accumulation UCITS ETF - VUAA.L,2026-02-28,132.36000061035156
Vanguard,VUAA.L,Vanguard S&P 500 Accumulation UCITS ETF - VUAA.L,2026-03-01,132.36000061035156
Vanguard,VUAA.L,Vanguard S&P 500 Accumulation UCITS ETF - VUAA.L,2026-03-02,131.83999633789062
Vanguard,VUAA.L,Vanguard S&P 500 Accumulation UCITS ETF - VUAA.L,2026-03-03,130.32000732421875
Vanguard,VUAA.L,Vanguard S&P 500 Accumulation UCITS ETF - VUAA.L,2026-03-04,132.24000549316406
Vanguard,VUAA.L,Vanguard S&P 500 Accumulation UCITS ETF - VUAA.L,2026-03-05,131.17999267578125
Vanguard,VUAA.L,Vanguard S&P 500 Accumulation UCITS ETF - VUAA.L,2026-03-06,129.9600067138672
Vanguard,VUAA.L,Vanguard S&P 500 Accumulation UCITS ETF - VUAA.L,2026-03-07,129.9600067138672
Vanguard,VUAA.L,Vanguard S&P 500 Accumulation UCITS ETF - VUAA.L,2026-03-08,129.9600067138672
Vanguard,VUAA.L,Vanguard S&P 500 Accumulation UCITS ETF - VUAA.L,2026-03-09,129.36000061035156
Vanguard,VUAA.L,Vanguard S&P 500 Accumulation UCITS ETF - VUAA.L,2026-03-10,131.4199981689453
Vanguard,VUAA.L,Vanguard S&P 500 Accumulation UCITS ETF - VUAA.L,2026-03-11,130.27999877929688
Vanguard,VUAA.L,Vanguard S&P 500 Accumulation UCITS ETF - VUAA.L,2026-03-12,129.10000610351562
Vanguard,VUAA.L,Vanguard S&P 500 Accumulation UCITS ETF - VUAA.L,2026-03-13,128.05999755859375
Vanguard,VUAA.L,Vanguard S&P 500 Accumulation UCITS ETF - VUAA.L,2026-03-14,128.05999755859375
Vanguard,VUAA.L,Vanguard S&P 500 Accumulation UCITS ETF - VUAA.L,2026-03-15,128.05999755859375
Vanguard,VUAA.L,Vanguard S&P 500 Accumulation UCITS ETF - VUAA.L,2026-03-16,128.74000549316406
Vanguard,VUAA.L,Vanguard S&P 500 Accumulation UCITS ETF - VUAA.L,2026-03-17,129.4600067138672
Vanguard,VUAA.L,Vanguard S&P 500 Accumulation UCITS ETF - VUAA.L,2026-03-18,128.47999572753906
Vanguard,VUAA.L,Vanguard S&P 500 Accumulation UCITS ETF - VUAA.L,2026-03-19,126.80000305175781
Vanguard,VUAA.L,Vanguard S&P 500 Accumulation UCITS ETF - VUAA.L,2026-03-20,126.16000366210938
Vanguard,VUAA.L,Vanguard S&P 500 Accumulation UCITS ETF - VUAA.L,2026-03-21,126.16000366210938
Vanguard,VUAA.L,Vanguard S&P 500 Accumulation UCITS ETF - VUAA.L,2026-03-22,126.16000366210938
Vanguard,VUAA.L,Vanguard S&P 500 Accumulation UCITS ETF - VUAA.L,2026-03-23,126.83999633789062
Vanguard,VUAA.L,Vanguard S&P 500 Accumulation UCITS ETF - VUAA.L,2026-03-24,126.69999694824219
Vanguard,VUAA.L,Vanguard S&P 500 Accumulation UCITS ETF - VUAA.L,2026-03-25,127.18000030517578
Vanguard,VUAA.L,Vanguard S&P 500 Accumulation UCITS ETF - VUAA.L,2026-03-26,125.54000091552734
Vanguard,VUAA.L,Vanguard S&P 500 Accumulation UCITS ETF - VUAA.L,2026-03-27,123.5199966430664
Vanguard,VUAA.L,Vanguard S&P 500 Accumulation UCITS ETF - VUAA.L,2026-03-28,123.5199966430664
Vanguard,VUAA.L,Vanguard S&P 500 Accumulation UCITS ETF - VUAA.L,2026-03-29,123.5199966430664
Vanguard,VUAA.L,Vanguard S&P 500 Accumulation UCITS ETF - VUAA.L,2026-03-30,123.31999969482422
Vanguard,VUAA.L,Vanguard S&P 500 Accumulation UCITS ETF - VUAA.L,2026-03-31,123.94000244140625
Vanguard,VUAA.L,Vanguard S&P 500 Accumulation UCITS ETF - VUAA.L,2026-04-01,127.04000091552734
Vanguard,VUAA.L,Vanguard S&P 500 Accumulation UCITS ETF - VUAA.L,2026-04-02,126.62000274658203
Vanguard,VUAA.L,Vanguard S&P 500 Accumulation UCITS ETF - VUAA.L,2026-04-03,126.62000274658203
Vanguard,VUAA.L,Vanguard S&P 500 Accumulation UCITS ETF - VUAA.L,2026-04-04,126.62000274658203
Vanguard,VUAA.L,Vanguard S&P 500 Accumulation UCITS ETF - VUAA.L,2026-04-05,126.62000274658203
Vanguard,VUAA.L,Vanguard S&P 500 Accumulation UCITS ETF - VUAA.L,2026-04-06,126.62000274658203
Vanguard,VUAA.L,Vanguard S&P 500 Accumulation UCITS ETF - VUAA.L,2026-04-07,126.33999633789062
Vanguard,VUAA.L,Vanguard S&P 500 Accumulation UCITS ETF - VUAA.L,2026-04-08,130.33999633789062
Vanguard,VUAA.L,Vanguard S&P 500 Accumulation UCITS ETF - VUAA.L,2026-04-09,131.0
Vanguard,VUAA.L,Vanguard S&P 500 Accumulation UCITS ETF - VUAA.L,2026-04-10,131.63999938964844
Vanguard,VUAA.L,Vanguard S&P 500 Accumulation UCITS ETF - VUAA.L,2026-04-11,131.63999938964844
Vanguard,VUAA.L,Vanguard S&P 500 Accumulation UCITS ETF - VUAA.L,2026-04-12,131.63999938964844
Vanguard,VUAA.L,Vanguard S&P 500 Accumulation UCITS ETF - VUAA.L,2026-04-13,131.33999633789062
Vanguard,VUAA.L,Vanguard S&P 500 Accumulation UCITS ETF - VUAA.L,2026-04-14,133.86000061035156
Vanguard,VUAA.L,Vanguard S&P 500 Accumulation UCITS ETF - VUAA.L,2026-04-15,134.74000549316406
Vanguard,VUAA.L,Vanguard S&P 500 Accumulation UCITS ETF - VUAA.L,2026-04-16,135.6199951171875
Vanguard,VUAA.L,Vanguard S&P 500 Accumulation UCITS ETF - VUAA.L,2026-04-17,137.5
Vanguard,VUAA.L,Vanguard S&P 500 Accumulation UCITS ETF - VUAA.L,2026-04-18,137.5
Vanguard,VUAA.L,Vanguard S&P 500 Accumulation UCITS ETF - VUAA.L,2026-04-19,137.5
Vanguard,VUAA.L,Vanguard S&P 500 Accumulation UCITS ETF - VUAA.L,2026-04-20,136.82000732421875
Vanguard,VUAA.L,Vanguard S&P 500 Accumulation UCITS ETF - VUAA.L,2026-04-21,136.6199951171875
Vanguard,VUAA.L,Vanguard S&P 500 Accumulation UCITS ETF - VUAA.L,2026-04-22,137.27999877929688
Vanguard,VUAA.L,Vanguard S&P 500 Accumulation UCITS ETF - VUAA.L,2026-04-23,137.72000122070312
Vanguard,VUAA.L,Vanguard S&P 500 Accumulation UCITS ETF - VUAA.L,2026-04-24,137.6199951171875
Vanguard,VUAA.L,Vanguard S&P 500 Accumulation UCITS ETF - VUAA.L,2026-04-25,137.6199951171875
Vanguard,VUAA.L,Vanguard S&P 500 Accumulation UCITS ETF - VUAA.L,2026-04-26,137.6199951171875
Vanguard,VUAA.L,Vanguard S&P 500 Accumulation UCITS ETF - VUAA.L,2026-04-27,137.86000061035156
Vanguard,VUAA.L,Vanguard S&P 500 Accumulation UCITS ETF - VUAA.L,2026-04-28,137.22000122070312
Vanguard,VUAA.L,Vanguard S&P 500 Accumulation UCITS ETF - VUAA.L,2026-04-29,137.44000244140625
Vanguard,VUAA.L,Vanguard S&P 500 Accumulation UCITS ETF - VUAA.L,2026-04-30,138.13999938964844
Vanguard,VUAA.L,Vanguard S&P 500 Accumulation UCITS ETF - VUAA.L,2026-05-01,139.83999633789062
Vanguard,VUAA.L,Vanguard S&P 500 Accumulation UCITS ETF - VUAA.L,2026-05-02,139.83999633789062
Vanguard,VUAA.L,Vanguard S&P 500 Accumulation UCITS ETF - VUAA.L,2026-05-03,139.83999633789062
Vanguard,VUAA.L,Vanguard S&P 500 Accumulation UCITS ETF - VUAA.L,2026-05-04,139.83999633789062
Vanguard,VUAA.L,Vanguard S&P 500 Accumulation UCITS ETF - VUAA.L,2026-05-05,139.8000030517578
Vanguard,VUAA.L,Vanguard S&P 500 Accumulation UCITS ETF - VUAA.L,2026-05-06,141.52000427246094
Vanguard,VUAA.L,Vanguard S&P 500 Accumulation UCITS ETF - VUAA.L,2026-05-07,142.1999969482422
Vanguard,VUAA.L,Vanguard S&P 500 Accumulation UCITS ETF - VUAA.L,2026-05-08,142.4600067138672
Vanguard,VUAA.L,Vanguard S&P 500 Accumulation UCITS ETF - VUAA.L,2026-05-09,142.4600067138672
Vanguard,VUAA.L,Vanguard S&P 500 Accumulation UCITS ETF - VUAA.L,2026-05-10,142.4600067138672
Vanguard,VUAA.L,Vanguard S&P 500 Accumulation UCITS ETF - VUAA.L,2026-05-11,143.02000427246094
Vanguard,VUAA.L,Vanguard S&P 500 Accumulation UCITS ETF - VUAA.L,2026-05-12,141.6999969482422
Vanguard,VUAA.L,Vanguard S&P 500 Accumulation UCITS ETF - VUAA.L,2026-05-13,142.97999572753906
Vanguard,VUAA.L,Vanguard S&P 500 Accumulation UCITS ETF - VUAA.L,2026-05-14,144.75999450683594
Vanguard,VUAA.L,Vanguard S&P 500 Accumulation UCITS ETF - VUAA.L,2026-05-15,143.3000030517578
Vanguard,VUAA.L,Vanguard S&P 500 Accumulation UCITS ETF - VUAA.L,2026-05-16,143.3000030517578
Vanguard,VUAA.L,Vanguard S&P 500 Accumulation UCITS ETF - VUAA.L,2026-05-17,143.3000030517578
Vanguard,VUAA.L,Vanguard S&P 500 Accumulation UCITS ETF - VUAA.L,2026-05-18,142.36000061035156
Vanguard,VUAA.L,Vanguard S&P 500 Accumulation UCITS ETF - VUAA.L,2026-05-19,141.60000610351562
Vanguard,VUAA.L,Vanguard S&P 500 Accumulation UCITS ETF - VUAA.L,2026-05-20,143.05999755859375
Vanguard,VUAA.L,Vanguard S&P 500 Accumulation UCITS ETF - VUAA.L,2026-05-21,142.6999969482422
Vanguard,VUAA.L,Vanguard S&P 500 Accumulation UCITS ETF - VUAA.L,2026-05-22,144.52000427246094
Vanguard,VUAA.L,Vanguard S&P 500 Accumulation UCITS ETF - VUAA.L,2026-05-23,144.52000427246094
Vanguard,VUAA.L,Vanguard S&P 500 Accumulation UCITS ETF - VUAA.L,2026-05-24,144.52000427246094
Vanguard,VUAA.L,Vanguard S&P 500 Accumulation UCITS ETF - VUAA.L,2026-05-25,144.52000427246094
Vanguard,VUAA.L,Vanguard S&P 500 Accumulation UCITS ETF - VUAA.L,2026-05-26,144.9600067138672
Vanguard,VUAA.L,Vanguard S&P 500 Accumulation UCITS ETF - VUAA.L,2026-05-27,144.9600067138672
Vanguard,VUAA.L,Vanguard S&P 500 Accumulation UCITS ETF - VUAA.L,2026-05-28,145.74000549316406
Vanguard,VUAA.L,Vanguard S&P 500 Accumulation UCITS ETF - VUAA.L,2026-05-29,146.33999633789062
Vanguard,VUAA.L,Vanguard S&P 500 Accumulation UCITS ETF - VUAA.L,2026-05-30,146.33999633789062
Vanguard,VUAA.L,Vanguard S&P 500 Accumulation UCITS ETF - VUAA.L,2026-05-31,146.33999633789062
Vanguard,VUAA.L,Vanguard S&P 500 Accumulation UCITS ETF - VUAA.L,2026-06-01,146.36000061035156
Vanguard,VUAA.L,Vanguard S&P 500 Accumulation UCITS ETF - VUAA.L,2026-06-02,146.8800048828125
Vanguard,VUAA.L,Vanguard S&P 500 Accumulation UCITS ETF - VUAA.L,2026-06-03,146.0800018310547
Vanguard,VUAA.L,Vanguard S&P 500 Accumulation UCITS ETF - VUAA.L,2026-06-04,146.0800018310547
Vanguard,VUAA.L,Vanguard S&P 500 Accumulation UCITS ETF - VUAA.L,2026-06-05,144.52000427246094
Vanguard,VUAA.L,Vanguard S&P 500 Accumulation UCITS ETF - VUAA.L,2026-06-06,144.52000427246094
Vanguard,VUAA.L,Vanguard S&P 500 Accumulation UCITS ETF - VUAA.L,2026-06-07,144.52000427246094
Vanguard,VUAA.L,Vanguard S&P 500 Accumulation UCITS ETF - VUAA.L,2026-06-08,143.47999572753906
Vanguard,VUAA.L,Vanguard S&P 500 Accumulation UCITS ETF - VUAA.L,2026-06-09,141.3000030517578
Vanguard,VUAA.L,Vanguard S&P 500 Accumulation UCITS ETF - VUAA.L,2026-06-10,141.36000061035156
Vanguard,VUAA.L,Vanguard S&P 500 Accumulation UCITS ETF - VUAA.L,2026-06-11,140.72000122070312
Vanguard,VUAA.L,Vanguard S&P 500 Accumulation UCITS ETF - VUAA.L,2026-06-12,143.55999755859375
Vanguard,VUAA.L,Vanguard S&P 500 Accumulation UCITS ETF - VUAA.L,2026-06-13,143.55999755859375
Vanguard,VUAA.L,Vanguard S&P 500 Accumulation UCITS ETF - VUAA.L,2026-06-14,143.55999755859375
Vanguard,VUAA.L,Vanguard S&P 500 Accumulation UCITS ETF - VUAA.L,2026-06-15,145.94000244140625
Vanguard,VUAA.L,Vanguard S&P 500 Accumulation UCITS ETF - VUAA.L,2026-06-16,145.6199951171875
Vanguard,VUAA.L,Vanguard S&P 500 Accumulation UCITS ETF - VUAA.L,2026-06-17,145.10000610351562
Vanguard,VUAA.L,Vanguard S&P 500 Accumulation UCITS ETF - VUAA.L,2026-06-18,144.4199981689453
Vanguard,VUAA.L,Vanguard S&P 500 Accumulation UCITS ETF - VUAA.L,2026-06-19,144.67999267578125
Vanguard,VUAA.L,Vanguard S&P 500 Accumulation UCITS ETF - VUAA.L,2026-06-20,144.67999267578125
Vanguard,VUAA.L,Vanguard S&P 500 Accumulation UCITS ETF - VUAA.L,2026-06-21,144.67999267578125
Vanguard,VUAA.L,Vanguard S&P 500 Accumulation UCITS ETF - VUAA.L,2026-06-22,144.3000030517578
Vanguard,VUAA.L,Vanguard S&P 500 Accumulation UCITS ETF - VUAA.L,2026-06-23,142.47999572753906
Vanguard,VUAA.L,Vanguard S&P 500 Accumulation UCITS ETF - VUAA.L,2026-06-24,143.25999450683594
Vanguard,VUAA.L,Vanguard S&P 500 Accumulation UCITS ETF - VUAA.L,2026-06-25,142.39999389648438
Vanguard,VUAA.L,Vanguard S&P 500 Accumulation UCITS ETF - VUAA.L,2026-06-26,142.4199981689453
Vanguard,VUAA.L,Vanguard S&P 500 Accumulation UCITS ETF - VUAA.L,2026-06-27,142.4199981689453
Vanguard,VUAA.L,Vanguard S&P 500 Accumulation UCITS ETF - VUAA.L,2026-06-28,142.4199981689453
Vanguard,VUAA.L,Vanguard S&P 500 Accumulation UCITS ETF - VUAA.L,2026-06-29,142.8800048828125
Vanguard,VUAA.L,Vanguard S&P 500 Accumulation UCITS ETF - VUAA.L,2026-06-30,144.4600067138672
Vanguard,VUAA.L,Vanguard S&P 500 Accumulation UCITS ETF - VUAA.L,2026-07-01,145.0800018310547
Vanguard,VUAA.L,Vanguard S&P 500 Accumulation UCITS ETF - VUAA.L,2026-07-02,144.55999755859375
Vanguard,VUAA.L,Vanguard S&P 500 Accumulation UCITS ETF - VUAA.L,2026-07-03,144.82000732421875
Vanguard,VUAA.L,Vanguard S&P 500 Accumulation UCITS ETF - VUAA.L,2026-07-04,144.82000732421875
Vanguard,VUAA.L,Vanguard S&P 500 Accumulation UCITS ETF - VUAA.L,2026-07-05,144.82000732421875
Vanguard,VUAA.L,Vanguard S&P 500 Accumulation UCITS ETF - VUAA.L,2026-07-06,145.4199981689453
Vanguard,VUAA.L,Vanguard S&P 500 Accumulation UCITS ETF - VUAA.L,2026-07-07,144.52000427246094
Vanguard,VUAA.L,Vanguard S&P 500 Accumulation UCITS ETF - VUAA.L,2026-07-08,143.52000427246094
Vanguard,VUAA.L,Vanguard S&P 500 Accumulation UCITS ETF - VUAA.L,2026-07-09,145.27999877929688
Vanguard,VUAA.L,Vanguard S&P 500 Accumulation UCITS ETF - VUAA.L,2026-07-10,145.9199981689453
Vanguard,VUAA.L,Vanguard S&P 500 Accumulation UCITS ETF - VUAA.L,2026-07-11,145.9199981689453
Vanguard,VUAA.L,Vanguard S&P 500 Accumulation UCITS ETF - VUAA.L,2026-07-12,145.9199981689453
Vanguard,VUAA.L,Vanguard S&P 500 Accumulation UCITS ETF - VUAA.L,2026-07-13,145.77999877929688
Vanguard,VUAA.L,Vanguard S&P 500 Accumulation UCITS ETF - VUAA.L,2026-07-14,145.72000122070312
Vanguard,VUAA.L,Vanguard S&P 500 Accumulation UCITS ETF - VUAA.L,2026-07-15,146.0
Vanguard,VUAA.L,Vanguard S&P 500 Accumulation UCITS ETF - VUAA.L,2026-07-16,146.13999938964844
Vanguard,VUAA.L,Vanguard S&P 500 Accumulation UCITS ETF - VUAA.L,2026-07-17,144.3000030517578
Vanguard,VUAA.L,Vanguard S&P 500 Accumulation UCITS ETF - VUAA.L,2026-07-18,144.3000030517578
Vanguard,VUAA.L,Vanguard S&P 500 Accumulation UCITS ETF - VUAA.L,2026-07-19,144.3000030517578
Vanguard,VUAA.L,Vanguard S&P 500 Accumulation UCITS ETF - VUAA.L,2026-07-20,144.52000427246094
Vanguard,VUAA.L,Vanguard S&P 500 Accumulation UCITS ETF - VUAA.L,2026-07-21,144.89999389648438
Vanguard,VUAA.L,Vanguard S&P 500 Accumulation UCITS ETF - VUAA.L,2026-07-22,145.13999938964844
Vanguard,VUAA.L,Vanguard S&P 500 Accumulation UCITS ETF - VUAA.L,2026-07-23,142.67999267578125
Vanguard,VUAA.L,Vanguard S&P 500 Accumulation UCITS ETF - VUAA.L,2026-07-24,143.8000030517578
Vanguard,VUAA.L,Vanguard S&P 500 Accumulation UCITS ETF - VUAA.L,2026-07-25,143.8000030517578
Vanguard,VUAA.L,Vanguard S&P 500 Accumulation UCITS ETF - VUAA.L,2026-07-26,143.8000030517578
Vanguard,VUAA.L,Vanguard S&P 500 Accumulation UCITS ETF - VUAA.L,2026-07-27,142.86000061035156
Vanguard,VUAA.L,Vanguard S&P 500 Accumulation UCITS ETF - VUAA.L,2026-07-28,143.63999938964844
Vanguard,VUAA.L,Vanguard S&P 500 Accumulation UCITS ETF - VUAA.L,2026-07-29,142.32000732421875
Vanguard,VUAA.L,Vanguard S&P 500 Accumulation UCITS ETF - VUAA.L,2026-07-30,142.66000366210938
Vanguard,VUAA.L,Vanguard S&P 500 Accumulation UCITS ETF - VUAA.L,2026-07-31,143.5399932861328
Vanguard,VUAA.L,Vanguard S&P 500 Accumulation UCITS ETF - VUAA.L,2026-08-01,143.5399932861328
Vanguard,VUAA.L,Vanguard S&P 500 Accumulation UCITS ETF - VUAA.L,2026-08-02,143.5399932861328
Vanguard,VUAA.L,Vanguard S&P 500 Accumulation UCITS ETF - VUAA.L,2026-08-03,146.33999633789062
Vanguard,VUAA.L,Vanguard S&P 500 Accumulation UCITS ETF - VUAA.L,2026-08-04,148.67999267578125
Vanguard,VUAA.L,Vanguard S&P 500 Accumulation UCITS ETF - VUAA.L,2026-08-05,149.5800018310547
Vanguard,VUAA.L,Vanguard S&P 500 Accumulation UCITS ETF - VUAA.L,2026-08-06,148.94000244140625
Vanguard,VUAA.L,Vanguard S&P 500 Accumulation UCITS ETF - VUAA.L,2026-08-07,149.86000061035156
Vanguard,VUAA.L,Vanguard S&P 500 Accumulation UCITS ETF - VUAA.L,2026-08-08,149.86000061035156
Vanguard,VUAA.L,Vanguard S&P 500 Accumulation UCITS ETF - VUAA.L,2026-08-09,149.86000061035156
Vanguard,VUAA.L,Vanguard S&P 500 Accumulation UCITS ETF - VUAA.L,2026-08-10,149.86000061035156
Vanguard,VUAA.L,Vanguard S&P 500 Accumulation UCITS ETF - VUAA.L,2026-08-11,149.55999755859375
Vanguard,VUAA.L,Vanguard S&P 500 Accumulation UCITS ETF - VUAA.L,2026-08-12,149.5800018310547
Vanguard,VUAA.L,Vanguard S&P 500 Accumulation UCITS ETF - VUAA.L,2026-08-13,150.36000061035156
